n,c,P,parameter_path,category,available,m,explicit_tail_upper,hybrid_tail_upper,lambda_ref,u_ref,finite_lower,finite_upper,explicit_lower,explicit_upper,explicit_width,explicit_contains_reference,hybrid_lower,hybrid_upper,hybrid_width,hybrid_contains_reference,ordinary_observed_finite_Ritz_error
0,10,8,fixed continuous c,deep,False,,0.22453217382331075,0.5648213373238897,,,,,,,,,,,,,
0,10,8,fixed continuous c,edge,True,0,0.22453217382331075,0.5648213373238897,0.9999995234518001,1.0336176359260207e-12,0.8735408250181068,1.3050556874772599,0.8735408250181068,1.0,0.12645917498189316,True,0.8735408250181068,1.0,0.12645917498189316,True,0.0892987327958833
0,10,8,fixed continuous c,knee,True,3,0.22453217382331075,0.5648213373238897,0.24212572108447744,3.7414515929867775e-13,-0.030173821481632786,0.40134104097752016,0.0,0.6258732148008309,0.6258732148008309,True,0.0,0.9661623783014099,0.9661623783014099,True,0.05654211133653375
0,10,8,fixed continuous c,tail,True,5,0.22453217382331075,0.5648213373238897,2.0703531517668117e-05,1.1102230246251565e-13,-0.21570658726084357,0.21580827519830936,0.0,0.4403404490216201,0.4403404490216201,True,0.0,0.7806296125221992,0.7806296125221992,True,3.014043721523047e-05
0,10,11,fixed continuous c,deep,False,,0.14980971940308022,0.39494526408991454,,,,,,,,,,,,,
0,10,11,fixed continuous c,edge,True,0,0.14980971940308022,0.39494526408991454,0.9999995234518001,1.0336176359260207e-12,-13.110195635096185,29.32435590194071,0.0,1.0,1.0,True,0.0,1.0,1.0,True,7.107080609970463
0,10,11,fixed continuous c,knee,True,3,0.14980971940308022,0.39494526408991454,0.24212572108447744,3.7414515929867775e-13,-20.6874206014357,21.747130935601195,0.0,1.0,1.0,True,0.0,1.0,1.0,True,0.2877294459982715
0,10,11,fixed continuous c,tail,True,5,0.14980971940308022,0.39494526408991454,2.0703531517668117e-05,1.1102230246251565e-13,-21.116628020163564,21.317923516873332,0.0,1.0,1.0,True,0.0,1.0,1.0,True,0.1006270448233676
0,10,15,fixed continuous c,deep,False,,0.10501852079132017,0.27896185629288933,,,,,,,,,,,,,
0,10,15,fixed continuous c,edge,True,0,0.10501852079132017,0.27896185629288933,0.9999995234518001,1.0336176359260207e-12,-15.077867588210877,31.29211292583865,0.0,1.0,1.0,True,0.0,1.0,1.0,True,7.107123145362088
0,10,15,fixed continuous c,knee,True,3,0.10501852079132017,0.27896185629288933,0.24212572108447744,3.7414515929867775e-13,-22.650361833767317,23.719618680282213,0.0,1.0,1.0,True,0.0,1.0,1.0,True,0.29250270217296964
0,10,15,fixed continuous c,tail,True,5,0.10501852079132017,0.27896185629288933,2.0703531517668117e-05,1.1102230246251565e-13,-23.0827041887478,23.28727632530173,0.0,1.0,1.0,True,0.0,1.0,1.0,True,0.10226536474544662
0,10,23,fixed continuous c,deep,False,,0.0663646688961782,0.17021122461833155,,,,,,,,,,,,,
0,10,23,fixed continuous c,edge,True,0,0.0663646688961782,0.17021122461833155,0.9999995234518001,1.0336176359260207e-12,-17.7579566734508,33.972287843875556,0.0,1.0,1.0,True,0.0,1.0,1.0,True,7.1071660617605765
0,10,23,fixed continuous c,knee,True,3,0.0663646688961782,0.17021122461833155,0.24212572108447744,3.7414515929867775e-13,-25.32584411892207,26.404400398404285,0.0,1.0,1.0,True,0.0,1.0,1.0,True,0.29715241865662784
0,10,23,fixed continuous c,tail,True,5,0.0663646688961782,0.17021122461833155,2.0703531517668117e-05,1.1102230246251565e-13,-25.761268877550663,25.968975639775692,0.0,1.0,1.0,True,0.0,1.0,1.0,True,0.10383267758099787
0,10,35,fixed continuous c,deep,False,,0.04298305164125126,0.1008660852375672,,,,,,,,,,,,,
0,10,35,fixed continuous c,edge,True,0,0.04298305164125126,0.1008660852375672,0.9999995234518001,1.0336176359260207e-12,-20.377596351099417,36.59198453764875,0.0,1.0,1.0,True,0.0,1.0,1.0,True,7.107194569822868
0,10,35,fixed continuous c,knee,True,3,0.04298305164125126,0.1008660852375672,0.24212572108447744,3.7414515929867775e-13,-27.94245073277867,29.0271301559695,0.0,1.0,1.0,True,0.0,1.0,1.0,True,0.30021399051093806
0,10,35,fixed continuous c,tail,True,5,0.04298305164125126,0.1008660852375672,2.0703531517668117e-05,1.1102230246251565e-13,-28.379914707120165,28.589666181628004,0.0,1.0,1.0,True,0.0,1.0,1.0,True,0.10485503372240124
0,10,51,fixed continuous c,deep,False,,0.029304741231600134,0.05922558528651777,,,,,,,,,,,,,
0,10,51,fixed continuous c,edge,True,0,0.029304741231600134,0.05922558528651777,0.9999995234518001,1.0336176359260207e-12,-22.724124298198113,38.93854732741605,0.0,1.0,1.0,True,0.0,1.0,1.0,True,7.107211991157172
0,10,51,fixed continuous c,knee,True,3,0.029304741231600134,0.05922558528651777,0.24212572108447744,3.7414515929867775e-13,-30.287119357141385,31.37555226847278,0.0,1.0,1.0,True,0.0,1.0,1.0,True,0.30209073458121866
0,10,51,fixed continuous c,tail,True,5,0.029304741231600134,0.05922558528651777,2.0703531517668117e-05,1.1102230246251565e-13,-30.725836314531165,30.936835311083,0.0,1.0,1.0,True,0.0,1.0,1.0,True,0.10547879474440071
0,10,67,fixed continuous c,deep,False,,0.022244273439158524,0.03746199643508826,,,,,,,,,,,,,
0,10,67,fixed continuous c,edge,True,0,0.022244273439158524,0.03746199643508826,0.9999995234518001,1.0336176359260207e-12,-24.425021671403396,40.63946304405834,0.0,1.0,1.0,True,0.0,1.0,1.0,True,7.107221162875671
0,10,67,fixed continuous c,knee,True,3,0.022244273439158524,0.03746199643508826,0.24212572108447744,3.7414515929867775e-13,-31.987033212277666,33.077451503184065,0.0,1.0,1.0,True,0.0,1.0,1.0,True,0.3030834243687233
0,10,67,fixed continuous c,tail,True,5,0.022244273439158524,0.03746199643508826,2.0703531517668117e-05,1.1102230246251565e-13,-32.426413749997494,32.63807096546424,0.0,1.0,1.0,True,0.0,1.0,1.0,True,0.10580790420185256
0,10,99,fixed continuous c,deep,False,,0.0150177729642121,0.0150177729642121,,,,,,,,,,,,,
0,10,99,fixed continuous c,edge,True,0,0.0150177729642121,0.0150177729642121,0.9999995234518001,1.0336176359260207e-12,-26.859689121823706,43.07414948405703,0.0,1.0,1.0,True,0.0,1.0,1.0,True,7.107230657664861
0,10,99,fixed continuous c,knee,True,3,0.0150177729642121,0.0150177729642121,0.24212572108447744,3.7414515929867775e-13,-34.420677777788995,35.51316082809174,0.0,1.0,1.0,True,0.0,1.0,1.0,True,0.3041158040668926
0,10,99,fixed continuous c,tail,True,5,0.0150177729642121,0.0150177729642121,2.0703531517668117e-05,1.1102230246251565e-13,-34.86074901046038,35.073089595420356,0.0,1.0,1.0,True,0.0,1.0,1.0,True,0.10614958894846646
0,20,11,fixed continuous c,deep,True,0,0.41855624098484995,0.47461254192357055,1.0000000000000202,2.0827783941967937e-12,-13.115867089436426,29.349218774630653,0.0,1.0,1.0,False,0.0,1.0,1.0,False,7.116675842597092
0,20,11,fixed continuous c,edge,True,2,0.41855624098484995,0.47461254192357055,0.9999999874847763,1.7830181775480014e-12,-19.851823685187597,22.61326217887948,0.0,1.0,1.0,True,0.0,1.0,1.0,True,0.38071925936116613
0,20,11,fixed continuous c,knee,True,6,0.41855624098484995,0.47461254192357055,0.39506094010498877,8.820721930646869e-13,-20.888589705032906,21.57649615903417,0.0,1.0,1.0,True,0.0,1.0,1.0,True,0.05110771310435641
0,20,11,fixed continuous c,tail,True,8,0.41855624098484995,0.47461254192357055,0.0002714739515923361,1.1102230246251565e-13,-21.19984856895884,21.26523729510824,0.0,1.0,1.0,True,0.0,1.0,1.0,True,0.03242288912310901
0,20,14,fixed continuous c,deep,True,0,0.2739595552925391,0.36300270783041494,1.0000000000000202,2.0827783941967937e-12,-14.649044718442909,30.88240370541955,0.0,1.0,1.0,False,0.0,1.0,1.0,False,7.1166794934882995
0,20,14,fixed continuous c,edge,True,2,0.2739595552925391,0.36300270783041494,0.9999999874847763,1.7830181775480014e-12,-21.384896686349396,24.14655173751306,0.0,1.0,1.0,True,0.0,1.0,1.0,True,0.38082753809705694
0,20,14,fixed continuous c,knee,True,6,0.2739595552925391,0.36300270783041494,0.39506094010498877,8.820721930646869e-13,-22.39993271166069,23.131515712201768,0.0,1.0,1.0,True,0.0,1.0,1.0,True,0.029269439834447797
0,20,14,fixed continuous c,tail,True,8,0.2739595552925391,0.36300270783041494,0.0002714739515923361,1.1102230246251565e-13,-22.732376612658456,22.799071811204,0.0,1.0,1.0,True,0.0,1.0,1.0,True,0.033076125321178866
0,20,18,fixed continuous c,deep,True,0,0.19193694815011755,0.27519311067361535,1.0000000000000202,2.0827783941967937e-12,-16.231101476685616,32.46446857498446,0.0,1.0,1.0,False,0.0,1.0,1.0,False,7.1166835491494025
0,20,18,fixed continuous c,edge,True,2,0.19193694815011755,0.27519311067361535,0.9999999874847763,1.7830181775480014e-12,-22.96683933346455,25.728730718205526,0.0,1.0,1.0,True,0.0,1.0,1.0,True,0.38094570488571167
0,20,18,fixed continuous c,knee,True,6,0.19193694815011755,0.27519311067361535,0.39506094010498877,8.820721930646869e-13,-23.96602572329594,24.729544328374136,0.0,1.0,1.0,True,0.0,1.0,1.0,True,0.01330163756588909
0,20,18,fixed continuous c,tail,True,8,0.19193694815011755,0.27519311067361535,0.0002714739515923361,1.1102230246251565e-13,-24.31400175596608,24.381568295703996,0.0,1.0,1.0,True,0.0,1.0,1.0,True,0.0335117959173671
0,20,26,fixed continuous c,deep,True,0,0.12280766732813574,0.18256443896192842,1.0000000000000202,2.0827783941967937e-12,-18.531990564722516,34.765368186574484,0.0,1.0,1.0,False,0.0,1.0,1.0,False,7.116688810925964
0,20,26,fixed continuous c,edge,True,2,0.12280766732813574,0.18256443896192842,0.9999999874847763,1.7830181775480014e-12,-25.26758088331481,28.029777867982187,0.0,1.0,1.0,True,0.0,1.0,1.0,True,0.3810985048489117
0,20,26,fixed continuous c,knee,True,6,0.12280766732813574,0.18256443896192842,0.39506094010498877,8.820721930646869e-13,-26.250786431027677,27.04657232026932,0.0,1.0,1.0,True,0.0,1.0,1.0,True,0.0028320045158339857
0,20,26,fixed continuous c,tail,True,8,0.12280766732813574,0.18256443896192842,0.0002714739515923361,1.1102230246251565e-13,-26.614483251423728,26.68287549987327,0.0,1.0,1.0,True,0.0,1.0,1.0,True,0.03392465027317936
0,20,38,fixed continuous c,deep,True,0,0.08089128568864304,0.11744920320457189,1.0000000000000202,2.0827783941967937e-12,-20.89975330295396,37.13313928184676,0.0,1.0,1.0,False,0.0,1.0,1.0,False,7.11669298944638
0,20,38,fixed continuous c,edge,True,2,0.08089128568864304,0.11744920320457189,0.9999999874847763,1.7830181775480014e-12,-27.635225452396956,30.397667132403765,0.0,1.0,1.0,True,0.0,1.0,1.0,True,0.3812208525186298
0,20,38,fixed continuous c,knee,True,6,0.08089128568864304,0.11744920320457189,0.39506094010498877,8.820721930646869e-13,-28.60747421048073,29.42541837431999,0.0,1.0,1.0,True,0.0,1.0,1.0,True,0.01391114181463915
0,20,38,fixed continuous c,tail,True,8,0.08089128568864304,0.11744920320457189,0.0002714739515923361,1.1102230246251565e-13,-28.981981326955406,29.050911257845314,0.0,1.0,1.0,True,0.0,1.0,1.0,True,0.034193491493361455
0,20,54,fixed continuous c,deep,True,0,0.055950955798975424,0.0757872386964828,1.0000000000000202,2.0827783941967937e-12,-23.090942834916174,39.324334467349,0.0,1.0,1.0,False,0.0,1.0,1.0,False,7.11669581621639
0,20,54,fixed continuous c,edge,True,2,0.055950955798975424,0.0757872386964828,0.9999999874847763,1.7830181775480014e-12,-29.82633401648083,32.58894328578434,0.0,1.0,1.0,True,0.0,1.0,1.0,True,0.3813046471669801
0,20,54,fixed continuous c,knee,True,6,0.055950955798975424,0.0757872386964828,0.39506094010498877,8.820721930646869e-13,-30.791640242728732,31.623637059536435,0.0,1.0,1.0,True,0.0,1.0,1.0,True,0.02093746829886206
0,20,54,fixed continuous c,tail,True,8,0.055950955798975424,0.0757872386964828,0.0002714739515923361,1.1102230246251565e-13,-31.173009295557176,31.24226800670799,0.0,1.0,1.0,True,0.0,1.0,1.0,True,0.03435788162381524
0,20,70,fixed continuous c,deep,True,0,0.042857100773577864,0.053183117165545656,1.0000000000000202,2.0827783941967937e-12,-24.709426804156273,40.94282157841209,0.0,1.0,1.0,False,0.0,1.0,1.0,False,7.116697387127885
0,20,70,fixed continuous c,edge,True,2,0.042857100773577864,0.053183117165545656,0.9999999874847763,1.7830181775480014e-12,-31.444772510192546,34.20747587237582,0.0,1.0,1.0,True,0.0,1.0,1.0,True,0.38135169360685883
0,20,70,fixed continuous c,knee,True,6,0.042857100773577864,0.053183117165545656,0.39506094010498877,8.820721930646869e-13,-32.406324139603555,33.245924242964804,0.0,1.0,1.0,True,0.0,1.0,1.0,True,0.024739111575633577
0,20,70,fixed continuous c,tail,True,8,0.042857100773577864,0.053183117165545656,0.0002714739515923361,1.1102230246251565e-13,-32.79140787808817,32.86084050448019,0.0,1.0,1.0,True,0.0,1.0,1.0,True,0.03444483924441693
0,20,102,fixed continuous c,deep,True,0,0.029241556289565186,0.029241556289565186,1.0000000000000202,2.0827783941967937e-12,-27.058319953315397,43.29171809828983,0.0,1.0,1.0,False,0.0,1.0,1.0,False,7.116699072487193
0,20,102,fixed continuous c,edge,True,2,0.029241556289565186,0.029241556289565186,0.9999999874847763,1.7830181775480014e-12,-33.79361641950798,36.55642163209725,0.0,1.0,1.0,True,0.0,1.0,1.0,True,0.3814026188098578
0,20,102,fixed continuous c,knee,True,6,0.029241556289565186,0.029241556289565186,0.39506094010498877,8.820721930646869e-13,-34.75119564130852,35.598842410296704,0.0,1.0,1.0,True,0.0,1.0,1.0,True,0.028762444389101915
0,20,102,fixed continuous c,tail,True,8,0.029241556289565186,0.029241556289565186,0.0002714739515923361,1.1102230246251565e-13,-35.14021221424151,35.20982583736372,0.0,1.0,1.0,True,0.0,1.0,1.0,True,0.034535337609513786
0,40,17,fixed continuous c,deep,True,0,0.8652450685618533,0.40997626265986914,1.0000000000000246,4.118927421359331e-13,-15.875686612511812,32.11049518308526,0.0,1.0,1.0,False,0.0,1.0,1.0,False,7.117404285286701
0,40,17,fixed continuous c,edge,True,8,0.8652450685618533,0.40997626265986914,0.9999999344152142,2.9165558856902862e-12,-22.96011709692723,25.026064698669845,0.0,1.0,1.0,True,0.0,1.0,1.0,True,0.03297386645609235
0,40,17,fixed continuous c,knee,True,12,0.8652450685618533,0.40997626265986914,0.657101627791495,1.5509815654013437e-12,-23.43328405162056,24.552897743976516,0.0,1.0,1.0,True,0.0,1.0,1.0,True,0.09729478161351868
0,40,17,fixed continuous c,tail,True,15,0.8652450685618533,0.40997626265986914,6.336317442596817e-05,1.1102230246251565e-13,-23.9845093878821,24.001672407714977,0.0,1.0,1.0,True,0.0,1.0,1.0,True,0.008518146742013998
0,40,20,fixed continuous c,deep,True,0,0.5263627381955908,0.33924789371766567,1.0000000000000246,4.118927421359331e-13,-16.895134111532098,33.12994293343174,0.0,1.0,1.0,False,0.0,1.0,1.0,False,7.117404410949797
0,40,20,fixed continuous c,edge,True,8,0.5263627381955908,0.33924789371766567,0.9999999344152142,2.9165558856902862e-12,-23.979564281684628,26.04551276327921,0.0,1.0,1.0,True,0.0,1.0,1.0,True,0.03297430638207821
0,40,20,fixed continuous c,knee,True,12,0.5263627381955908,0.33924789371766567,0.657101627791495,1.5509815654013437e-12,-24.431100067016246,25.59397697794759,0.0,1.0,1.0,True,0.0,1.0,1.0,True,0.0756631723258232
0,40,20,fixed continuous c,tail,True,15,0.5263627381955908,0.33924789371766567,6.336317442596817e-05,1.1102230246251565e-13,-25.003791046767127,25.02128599819671,0.0,1.0,1.0,True,0.0,1.0,1.0,True,0.008684112540366861
0,40,24,fixed continuous c,deep,True,0,0.3565342068349344,0.27745016253808397,1.0000000000000246,4.118927421359331e-13,-18.035732947061117,34.270542301466406,0.0,1.0,1.0,False,0.0,1.0,1.0,False,7.117404677202622
0,40,24,fixed continuous c,edge,True,8,0.3565342068349344,0.27745016253808397,0.9999999344152142,2.9165558856902862e-12,-25.120160413758498,27.18611483476903,0.0,1.0,1.0,True,0.0,1.0,1.0,True,0.03297727609005063
0,40,24,fixed continuous c,knee,True,12,0.3565342068349344,0.27745016253808397,0.657101627791495,1.5509815654013437e-12,-25.55455163099602,26.751723617531507,0.0,1.0,1.0,True,0.0,1.0,1.0,True,0.058515634523750415
0,40,24,fixed continuous c,tail,True,15,0.3565342068349344,0.27745016253808397,6.336317442596817e-05,1.1102230246251565e-13,-26.144283395818174,26.161991852709352,0.0,1.0,1.0,True,0.0,1.0,1.0,True,0.008790865271163526
0,40,32,fixed continuous c,deep,True,0,0.22483327092594532,0.20406764041768377,1.0000000000000246,4.118927421359331e-13,-19.831879373529294,36.06668979313102,0.0,1.0,1.0,False,0.0,1.0,1.0,False,7.117405209800836
0,40,32,fixed continuous c,edge,True,8,0.22483327092594532,0.20406764041768377,0.9999999344152142,2.9165558856902862e-12,-26.916294889674496,28.982274276985812,0.0,1.0,1.0,True,0.0,1.0,1.0,True,0.03298975924044245
0,40,32,fixed continuous c,knee,True,12,0.22483327092594532,0.20406764041768377,0.657101627791495,1.5509815654013437e-12,-27.331721144505746,28.566848022154563,0.0,1.0,1.0,True,0.0,1.0,1.0,True,0.03953818896708483
0,40,32,fixed continuous c,tail,True,15,0.22483327092594532,0.20406764041768377,6.336317442596817e-05,1.1102230246251565e-13,-27.94032889919639,27.958240267463918,0.0,1.0,1.0,True,0.0,1.0,1.0,True,0.008892320959337814
0,40,44,fixed continuous c,deep,True,0,0.1488879400680923,0.14593277545697686,1.0000000000000246,4.118927421359331e-13,-21.818128927357325,38.0529405039476,0.0,1.0,1.0,False,0.0,1.0,1.0,False,7.117405788295114
0,40,44,fixed continuous c,edge,True,8,0.1488879400680923,0.14593277545697686,0.9999999344152142,2.9165558856902862e-12,-28.902526341306103,30.96854308999883,0.0,1.0,1.0,True,0.0,1.0,1.0,True,0.033008439931148104
0,40,44,fixed continuous c,knee,True,12,0.1488879400680923,0.14593277545697686,0.657101627791495,1.5509815654013437e-12,-29.3036108839834,30.567458547321532,0.0,1.0,1.0,True,0.0,1.0,1.0,True,0.025177796122428098
0,40,44,fixed continuous c,tail,True,15,0.1488879400680923,0.14593277545697686,6.336317442596817e-05,1.1102230246251565e-13,-29.92651244186161,29.94455698944332,0.0,1.0,1.0,True,0.0,1.0,1.0,True,0.00895891061642786
0,40,60,fixed continuous c,deep,True,0,0.10425513056318136,0.10521475525500741,1.0000000000000246,4.118927421359331e-13,-23.752406852634856,39.9872193761745,0.0,1.0,1.0,False,0.0,1.0,1.0,False,7.1174062617697995
0,40,60,fixed continuous c,edge,True,8,0.10425513056318136,0.10521475525500741,0.9999999344152142,2.9165558856902862e-12,-30.836786683862712,32.902839544946644,0.0,1.0,1.0,True,0.0,1.0,1.0,True,0.03302649612675057
0,40,60,fixed continuous c,knee,True,12,0.10425513056318136,0.10521475525500741,0.657101627791495,1.5509815654013437e-12,-31.22803840094624,32.51158782786312,0.0,1.0,1.0,True,0.0,1.0,1.0,True,0.015326914333055774
0,40,60,fixed continuous c,tail,True,15,0.10425513056318136,0.10521475525500741,6.336317442596817e-05,1.1102230246251565e-13,-31.860749919299995,31.878876309509362,0.0,1.0,1.0,True,0.0,1.0,1.0,True,0.008999831930258087
0,40,76,fixed continuous c,deep,True,0,0.08068309480094597,0.08178925713911288,1.0000000000000246,4.118927421359331e-13,-25.22700189812915,41.46181500689252,0.0,1.0,1.0,False,0.0,1.0,1.0,False,7.117406554381661
0,40,76,fixed continuous c,edge,True,8,0.08068309480094597,0.08178925713911288,0.9999999344152142,2.9165558856902862e-12,-32.31136975191917,34.377447153102494,0.0,1.0,1.0,True,0.0,1.0,1.0,True,0.03303876617644774
0,40,76,fixed continuous c,knee,True,12,0.08068309480094597,0.08178925713911288,0.657101627791495,1.5509815654013437e-12,-32.69700986241594,33.99180704260573,0.0,1.0,1.0,True,0.0,1.0,1.0,True,0.009703037696598638
0,40,76,fixed continuous c,tail,True,15,0.08068309480094597,0.08178925713911288,6.336317442596817e-05,1.1102230246251565e-13,-33.33532356430618,33.35349334071549,0.0,1.0,1.0,True,0.0,1.0,1.0,True,0.009021525030225935
0,40,108,fixed continuous c,deep,True,0,0.05583937074324793,0.05583937074324793,1.0000000000000246,4.118927421359331e-13,-27.419868422411646,43.65468220625046,0.0,1.0,1.0,False,0.0,1.0,1.0,False,7.117406891919384
0,40,108,fixed continuous c,edge,True,8,0.05583937074324793,0.05583937074324793,0.9999999344152142,2.9165558856902862e-12,-34.504221417558824,36.570329211103285,0.0,1.0,1.0,True,0.0,1.0,1.0,True,0.03305396235701341
0,40,108,fixed continuous c,knee,True,12,0.05583937074324793,0.05583937074324793,0.657101627791495,1.5509815654013437e-12,-34.88366403278734,36.19088659587477,0.0,1.0,1.0,True,0.0,1.0,1.0,True,0.0034903462477764435
0,40,108,fixed continuous c,tail,True,15,0.05583937074324793,0.05583937074324793,6.336317442596817e-05,1.1102230246251565e-13,-35.528167830202605,35.546382798459504,0.0,1.0,1.0,True,0.0,1.0,1.0,True,0.009044120954025054
0,80,30,fixed continuous c,deep,True,0,1.7583345460333302,0.3844728605134659,1.000000000000024,6.59472476627343e-13,-19.431321732540496,35.66630417869531,0.0,1.0,1.0,False,0.0,1.0,1.0,False,7.117491223077384
0,80,30,fixed continuous c,edge,True,20,1.7583345460333302,0.3844728605134659,0.9999999618456109,4.36206626375224e-12,-26.539354665409725,28.558271245826084,0.0,1.0,1.0,True,0.0,1.0,1.0,True,0.009458328362567214
0,80,30,fixed continuous c,knee,True,25,1.7583345460333302,0.3844728605134659,0.47706684115542153,8.748557434046234e-13,-27.220193759600654,27.877432151635155,0.0,1.0,1.0,True,0.0,1.0,1.0,True,0.14844764513817232
0,80,30,fixed continuous c,tail,True,28,1.7583345460333302,0.3844728605134659,8.057958140599884e-05,1.1102230246251565e-13,-27.546366180159822,27.551259731075987,0.0,1.0,1.0,True,0.0,1.0,1.0,True,0.0023661958766771777
0,80,33,fixed continuous c,deep,True,0,1.0083987344115795,0.3385241426592855,1.000000000000024,6.59472476627343e-13,-20.02606093082912,36.261043377776076,0.0,1.0,1.0,False,0.0,1.0,1.0,False,7.1174912234734515
0,80,33,fixed continuous c,edge,True,20,1.0083987344115795,0.3385241426592855,0.9999999618456109,4.36206626375224e-12,-27.134091433154744,29.15301287545045,0.0,1.0,1.0,True,0.0,1.0,1.0,True,0.00946075930224144
0,80,33,fixed continuous c,knee,True,25,1.0083987344115795,0.3385241426592855,0.47706684115542153,8.748557434046234e-13,-27.789747743450825,28.49735656515437,0.0,1.0,1.0,True,0.0,1.0,1.0,True,0.12326243030364925
0,80,33,fixed continuous c,tail,True,28,1.0083987344115795,0.3385241426592855,8.057958140599884e-05,1.1102230246251565e-13,-28.141065636538798,28.146038672066396,0.0,1.0,1.0,True,0.0,1.0,1.0,True,0.0024059381823916376
0,80,37,fixed continuous c,deep,True,0,0.6597983683504737,0.29634330194289693,1.000000000000024,6.59472476627343e-13,-20.739774839808806,36.97475729710831,0.0,1.0,1.0,False,0.0,1.0,1.0,False,7.117491228649727
0,80,37,fixed continuous c,edge,True,20,0.6597983683504737,0.29634330194289693,0.9999999618456109,4.36206626375224e-12,-27.84780438362025,29.866727753296864,0.0,1.0,1.0,True,0.0,1.0,1.0,True,0.009461722992694432
0,80,37,fixed continuous c,knee,True,25,0.6597983683504737,0.29634330194289693,0.47706684115542153,8.748557434046234e-13,-28.482792329260725,29.23173980765639,0.0,1.0,1.0,True,0.0,1.0,1.0,True,0.10259310195759036
0,80,37,fixed continuous c,tail,True,28,0.6597983683504737,0.29634330194289693,8.057958140599884e-05,1.1102230246251565e-13,-28.854755636730264,28.85977650018685,0.0,1.0,1.0,True,0.0,1.0,1.0,True,0.002429852146886293
0,80,45,fixed continuous c,deep,True,0,0.40534905155607515,0.24168845852345447,1.000000000000024,6.59472476627343e-13,-21.960613659324657,38.195596167144764,0.0,1.0,1.0,False,0.0,1.0,1.0,False,7.117491253910029
0,80,45,fixed continuous c,edge,True,20,0.40534905155607515,0.24168845852345447,0.9999999618456109,4.36206626375224e-12,-29.06864305022372,31.0875667762457,0.0,1.0,1.0,True,0.0,1.0,1.0,True,0.009461901165379483
0,80,45,fixed continuous c,knee,True,25,0.40534905155607515,0.24168845852345447,0.47706684115542153,8.748557434046234e-13,-29.67948259836295,30.476727228106473,0.0,1.0,1.0,True,0.0,1.0,1.0,True,0.07844452628365917
0,80,45,fixed continuous c,tail,True,28,0.40534905155607515,0.24168845852345447,8.057958140599884e-05,1.1102230246251565e-13,-30.07557339235052,30.0806364341189,0.0,1.0,1.0,True,0.0,1.0,1.0,True,0.002450941302785508
0,80,57,fixed continuous c,deep,True,0,0.2665858227146109,0.19304060434102904,1.000000000000024,6.59472476627343e-13,-23.43492308657476,39.66990568835429,0.0,1.0,1.0,False,0.0,1.0,1.0,False,7.117491300889742
0,80,57,fixed continuous c,edge,True,20,0.2665858227146109,0.19304060434102904,0.9999999618456109,4.36206626375224e-12,-30.54295237119375,32.5618764037353,0.0,1.0,1.0,True,0.0,1.0,1.0,True,0.009462054425162347
0,80,57,fixed continuous c,knee,True,25,0.2665858227146109,0.19304060434102904,0.47706684115542153,8.748557434046234e-13,-31.134112673844704,31.970716101084342,0.0,1.0,1.0,True,0.0,1.0,1.0,True,0.05876512753560187
0,80,57,fixed continuous c,tail,True,28,0.2665858227146109,0.19304060434102904,8.057958140599884e-05,1.1102230246251565e-13,-31.54986945010485,31.554959324824196,0.0,1.0,1.0,True,0.0,1.0,1.0,True,0.002464357778266403
0,80,73,fixed continuous c,deep,True,0,0.1877575380259384,0.15503661924730744,1.000000000000024,6.59472476627343e-13,-24.97826720258674,41.21324991205254,0.0,1.0,1.0,False,0.0,1.0,1.0,False,7.117491354732876
0,80,73,fixed continuous c,edge,True,20,0.1877575380259384,0.15503661924730744,0.9999999618456109,4.36206626375224e-12,-32.086295985551416,34.105221129087866,0.0,1.0,1.0,True,0.0,1.0,1.0,True,0.00946260992261394
0,80,73,fixed continuous c,knee,True,25,0.1877575380259384,0.15503661924730744,0.47706684115542153,8.748557434046234e-13,-32.66292382270711,33.528593291932175,0.0,1.0,1.0,True,0.0,1.0,1.0,True,0.04423210654289045
0,80,73,fixed continuous c,tail,True,28,0.1877575380259384,0.15503661924730744,8.057958140599884e-05,1.1102230246251565e-13,-33.09320528902799,33.09831182561129,0.0,1.0,1.0,True,0.0,1.0,1.0,True,0.0024726887102428188
0,80,89,fixed continuous c,deep,True,0,0.14661087844688106,0.13131423372374368,1.000000000000024,6.59472476627343e-13,-26.214850096792937,42.449832887559175,0.0,1.0,1.0,False,0.0,1.0,1.0,False,7.117491395383097
0,80,89,fixed continuous c,edge,True,20,0.14661087844688106,0.13131423372374368,0.9999999618456109,4.36206626375224e-12,-33.32287829122768,35.34180469312443,0.0,1.0,1.0,True,0.0,1.0,1.0,True,0.009463239102765253
0,80,89,fixed continuous c,knee,True,25,0.14661087844688106,0.13131423372374368,0.47706684115542153,8.748557434046234e-13,-33.89070962164053,34.77397336271158,0.0,1.0,1.0,True,0.0,1.0,1.0,True,0.03543497061989492
0,80,89,fixed continuous c,tail,True,28,0.14661087844688106,0.13131423372374368,8.057958140599884e-05,1.1102230246251565e-13,-34.329783717962606,34.334899266389506,0.0,1.0,1.0,True,0.0,1.0,1.0,True,0.002477194632047668
0,80,121,fixed continuous c,deep,True,0,0.10313329445520544,0.10313329445520544,1.000000000000024,6.59472476627343e-13,-28.13207766833631,44.36706056770953,0.0,1.0,1.0,False,0.0,1.0,1.0,False,7.117491449686583
0,80,121,fixed continuous c,edge,True,20,0.10313329445520544,0.10313329445520544,0.9999999618456109,4.36206626375224e-12,-35.240104843391244,37.259033392654594,0.0,1.0,1.0,True,0.0,1.0,1.0,True,0.009464312786063078
0,80,121,fixed continuous c,knee,True,25,0.10313329445520544,0.10313329445520544,0.47706684115542153,8.748557434046234e-13,-35.797691079012736,36.7014471570331,0.0,1.0,1.0,True,0.0,1.0,1.0,True,0.02518880214523833
0,80,121,fixed continuous c,tail,True,28,0.10313329445520544,0.10313329445520544,8.057958140599884e-05,1.1102230246251565e-13,-36.247006552537584,36.25213168350825,0.0,1.0,1.0,True,0.0,1.0,1.0,True,0.0024819859039283587
1,10,7,fixed continuous c,deep,False,,0.43808795537614503,0.4347003574166082,,,,,,,,,,,,,
1,10,7,fixed continuous c,edge,False,,0.43808795537614503,0.4347003574166082,,,,,,,,,,,,,
1,10,7,fixed continuous c,knee,True,2,0.43808795537614503,0.4347003574166082,0.6636960386631646,2.6645352591003757e-13,-89.54068341475741,91.81186065453275,0.0,1.0,1.0,True,0.0,1.0,1.0,True,0.4718925812245004
1,10,7,fixed continuous c,tail,True,4,0.43808795537614503,0.4347003574166082,0.0003675269889528861,1.1102230246251565e-13,-90.58878499623879,90.76375907305138,0.0,1.0,1.0,True,0.0,1.0,1.0,True,0.08711951141734017
1,10,10,fixed continuous c,deep,False,,0.2711650363416607,0.30183771579579805,,,,,,,,,,,,,
1,10,10,fixed continuous c,edge,False,,0.2711650363416607,0.30183771579579805,,,,,,,,,,,,,
1,10,10,fixed continuous c,knee,True,2,0.2711650363416607,0.30183771579579805,0.6636960386631646,2.6645352591003757e-13,-93.07576624573781,95.36511309920238,0.0,1.0,1.0,True,0.0,1.0,1.0,True,0.4809773880691207
1,10,10,fixed continuous c,tail,True,4,0.2711650363416607,0.30183771579579805,0.0003675269889528861,1.1102230246251565e-13,-94.12989744112491,94.31098190381528,0.0,1.0,1.0,True,0.0,1.0,1.0,True,0.09017470435622407
1,10,14,fixed continuous c,deep,False,,0.1828690473604146,0.2145227037909517,,,,,,,,,,,,,
1,10,14,fixed continuous c,edge,False,,0.1828690473604146,0.2145227037909517,,,,,,,,,,,,,
1,10,14,fixed continuous c,knee,True,2,0.1828690473604146,0.2145227037909517,0.6636960386631646,2.6645352591003757e-13,-96.38709652551658,98.68862759939186,0.0,1.0,1.0,True,0.0,1.0,1.0,True,0.48706949827447066
1,10,14,fixed continuous c,tail,True,4,0.1828690473604146,0.2145227037909517,0.0003675269889528861,1.1102230246251565e-13,-97.44527593845771,97.63044818645074,0.0,1.0,1.0,True,0.0,1.0,1.0,True,0.09221859700756227
1,10,22,fixed continuous c,deep,False,,0.11213025087859126,0.13484346710456716,,,,,,,,,,,,,
1,10,22,fixed continuous c,edge,False,,0.11213025087859126,0.13484346710456716,,,,,,,,,,,,,
1,10,22,fixed continuous c,knee,True,2,0.11213025087859126,0.13484346710456716,0.6636960386631646,2.6645352591003757e-13,-100.84411035697006,103.15696324189163,0.0,1.0,1.0,True,0.0,1.0,1.0,True,0.49273040379761557
1,10,22,fixed continuous c,tail,True,4,0.11213025087859126,0.13484346710456716,0.0003675269889528861,1.1102230246251565e-13,-101.90604013106065,102.09503346780104,0.0,1.0,1.0,True,0.0,1.0,1.0,True,0.09412914138124584
1,10,34,fixed continuous c,deep,False,,0.07139860717907029,0.08505724384445562,,,,,,,,,,,,,
1,10,34,fixed continuous c,edge,False,,0.07139860717907029,0.08505724384445562,,,,,,,,,,,,,
1,10,34,fixed continuous c,knee,True,2,0.07139860717907029,0.08505724384445562,0.6636960386631646,2.6645352591003757e-13,-105.16200930932881,107.48204343458293,0.0,1.0,1.0,True,0.0,1.0,1.0,True,0.49632102396389965
1,10,34,fixed continuous c,tail,True,4,0.07139860717907029,0.08505724384445562,0.0003675269889528861,1.1102230246251565e-13,-106.22631251468238,106.41774022922937,0.0,1.0,1.0,True,0.0,1.0,1.0,True,0.09534633028453844
1,10,50,fixed continuous c,deep,False,,0.04821122793726586,0.055525694019826856,,,,,,,,,,,,,
1,10,50,fixed continuous c,edge,False,,0.04821122793726586,0.055525694019826856,,,,,,,,,,,,,
1,10,50,fixed continuous c,knee,True,2,0.04821122793726586,0.055525694019826856,0.6636960386631646,2.6645352591003757e-13,-109.00865828069499,111.3329926821346,0.0,1.0,1.0,True,0.0,1.0,1.0,True,0.4984711620566492
1,10,50,fixed continuous c,tail,True,4,0.04821122793726586,0.055525694019826856,0.0003675269889528861,1.1102230246251565e-13,-110.07438149757009,110.2672694652595,0.0,1.0,1.0,True,0.0,1.0,1.0,True,0.09607645685575268
1,10,66,fixed continuous c,deep,False,,0.036416911846475636,0.04019707360680809,,,,,,,,,,,,,
1,10,66,fixed continuous c,edge,False,,0.036416911846475636,0.04019707360680809,,,,,,,,,,,,,
1,10,66,fixed continuous c,knee,True,2,0.036416911846475636,0.04019707360680809,0.6636960386631646,2.6645352591003757e-13,-111.78828654728265,114.11486520328192,0.0,1.0,1.0,True,0.0,1.0,1.0,True,0.49959328933646574
1,10,66,fixed continuous c,tail,True,4,0.036416911846475636,0.04019707360680809,0.0003675269889528861,1.1102230246251565e-13,-112.85475066570096,113.04840108486361,0.0,1.0,1.0,True,0.0,1.0,1.0,True,0.09645768259237127
1,10,98,fixed continuous c,deep,False,,0.02446440952292583,0.02446440952292583,,,,,,,,,,,,,
1,10,98,fixed continuous c,edge,False,,0.02446440952292583,0.02446440952292583,,,,,,,,,,,,,
1,10,98,fixed continuous c,knee,True,2,0.02446440952292583,0.02446440952292583,0.6636960386631646,2.6645352591003757e-13,-115.75811159710717,118.08700239558387,0.0,1.0,1.0,True,0.0,1.0,1.0,True,0.5007493605751848
1,10,98,fixed continuous c,tail,True,4,0.02446440952292583,0.02446440952292583,0.0003675269889528861,1.1102230246251565e-13,-116.82533899625558,117.01977499643546,0.0,1.0,1.0,True,0.0,1.0,1.0,True,0.09685047310098736
1,20,11,fixed continuous c,deep,True,0,0.6513781500326727,0.35025567467305657,0.9999999999998671,4.518607710224387e-13,-23.41959285620294,166.91798043366828,0.0,1.0,1.0,True,0.0,1.0,1.0,True,70.7491937887328
1,20,11,fixed continuous c,edge,True,2,0.6513781500326727,0.35025567467305657,0.9999997402388618,4.4853010194856324e-13,-93.90176066022171,96.4358126296495,0.0,1.0,1.0,True,0.0,1.0,1.0,True,0.26702624447503576
1,20,11,fixed continuous c,knee,True,5,0.6513781500326727,0.35025567467305657,0.7637038251827604,5.095923683029469e-13,-94.4209047513546,95.91666853851662,0.0,1.0,1.0,True,0.0,1.0,1.0,True,0.01582193160174905
1,20,11,fixed continuous c,tail,True,8,0.6513781500326727,0.35025567467305657,2.531748038119955e-05,1.1102230246251565e-13,-95.15064666272346,95.18692662714776,0.0,1.0,1.0,True,0.0,1.0,1.0,True,0.01811466473176709
1,20,14,fixed continuous c,deep,True,0,0.426349557924014,0.27622263317158824,0.9999999999998671,4.518607710224387e-13,-25.796821576856345,169.29521085569982,0.0,1.0,1.0,True,0.0,1.0,1.0,True,70.74919463942186
1,20,14,fixed continuous c,edge,True,2,0.426349557924014,0.27622263317158824,0.9999997402388618,4.4853010194856324e-13,-96.2789856569906,98.81304677556555,0.0,1.0,1.0,True,0.0,1.0,1.0,True,0.2670308190486175
1,20,14,fixed continuous c,knee,True,5,0.426349557924014,0.27622263317158824,0.7637038251827604,5.095923683029469e-13,-96.7850113318709,98.30702110068525,0.0,1.0,1.0,True,0.0,1.0,1.0,True,0.002698940775590297
1,20,14,fixed continuous c,tail,True,8,0.426349557924014,0.27622263317158824,2.531748038119955e-05,1.1102230246251565e-13,-97.52755601377909,97.56447641877706,0.0,1.0,1.0,True,0.0,1.0,1.0,True,0.018434885018609435
1,20,18,fixed continuous c,deep,True,0,0.29870187555862043,0.21685835051929467,0.9999999999998671,4.518607710224387e-13,-28.276018559672103,171.77440959241224,0.0,1.0,1.0,True,0.0,1.0,1.0,True,70.7491955163702
1,20,18,fixed continuous c,edge,True,2,0.29870187555862043,0.21685835051929467,0.9999997402388618,4.4853010194856324e-13,-98.75817740576487,101.29225074631948,0.0,1.0,1.0,True,0.0,1.0,1.0,True,0.2670369300384512
1,20,18,fixed continuous c,knee,True,5,0.29870187555862043,0.21685835051929467,0.7637038251827604,5.095923683029469e-13,-99.25395713328044,100.79647101880391,0.0,1.0,1.0,True,0.0,1.0,1.0,True,0.007553117578982915
1,20,18,fixed continuous c,tail,True,8,0.29870187555862043,0.21685835051929467,2.531748038119955e-05,1.1102230246251565e-13,-100.00653979880259,100.04388835328176,0.0,1.0,1.0,True,0.0,1.0,1.0,True,0.018648959759206298
1,20,26,fixed continuous c,deep,True,0,0.19111943227941122,0.15320663891874886,0.9999999999998671,4.518607710224387e-13,-31.915730267853277,175.41412350526377,0.0,1.0,1.0,True,0.0,1.0,1.0,True,70.74919661870538
1,20,26,fixed continuous c,edge,True,2,0.19111943227941122,0.15320663891874886,0.9999997402388618,4.4853010194856324e-13,-102.39788119631956,104.9319725767975,0.0,1.0,1.0,True,0.0,1.0,1.0,True,0.26704595000011433
1,20,26,fixed continuous c,knee,True,5,0.19111943227941122,0.15320663891874886,0.7637038251827604,5.095923683029469e-13,-102.88280623200932,104.44704754110775,0.0,1.0,1.0,True,0.0,1.0,1.0,True,0.018416829366457832
1,20,26,fixed continuous c,tail,True,8,0.19111943227941122,0.15320663891874886,2.531748038119955e-05,1.1102230246251565e-13,-103.64604732392532,103.68380644919175,0.0,1.0,1.0,True,0.0,1.0,1.0,True,0.018854245152836614
1,20,38,fixed continuous c,deep,True,0,0.12588706335295072,0.10782844862563387,0.9999999999998671,4.518607710224387e-13,-35.69050514604144,179.18890011404463,0.0,1.0,1.0,True,0.0,1.0,1.0,True,70.74919748400171
1,20,38,fixed continuous c,edge,True,2,0.12588706335295072,0.10782844862563387,0.9999997402388618,4.4853010194856324e-13,-106.17264906839922,108.70675619168684,0.0,1.0,1.0,True,0.0,1.0,1.0,True,0.2670538214049474
1,20,38,fixed continuous c,knee,True,5,0.12588706335295072,0.10782844862563387,0.7637038251827604,5.095923683029469e-13,-106.64985203634441,108.22955322374165,0.0,1.0,1.0,True,0.0,1.0,1.0,True,0.02614676851586306
1,20,38,fixed continuous c,tail,True,8,0.12588706335295072,0.10782844862563387,2.531748038119955e-05,1.1102230246251565e-13,-107.42068735610536,107.4587179039807,0.0,1.0,1.0,True,0.0,1.0,1.0,True,0.018989956457283994
1,20,54,fixed continuous c,deep,True,0,0.08707367496215551,0.07851655247832313,0.9999999999998671,4.518607710224387e-13,-39.20168710834624,182.700083244971,0.0,1.0,1.0,True,0.0,1.0,1.0,True,70.74919806831252
1,20,54,fixed continuous c,edge,True,2,0.08707367496215551,0.07851655247832313,0.9999997402388618,4.4853010194856324e-13,-109.68382597356741,112.21794437974985,0.0,1.0,1.0,True,0.0,1.0,1.0,True,0.26705946285235505
1,20,54,fixed continuous c,knee,True,5,0.08707367496215551,0.07851655247832313,0.7637038251827604,5.095923683029469e-13,-110.1560254396406,111.74574491367666,0.0,1.0,1.0,True,0.0,1.0,1.0,True,0.031155911835273886
1,20,54,fixed continuous c,tail,True,8,0.08707367496215551,0.07851655247832313,2.531748038119955e-05,1.1102230246251565e-13,-110.9317859251299,110.96998442818736,0.0,1.0,1.0,True,0.0,1.0,1.0,True,0.019073934048351344
1,20,70,fixed continuous c,deep,True,0,0.06669636307888055,0.06252089592791402,0.9999999999998671,4.518607710224387e-13,-41.802988453455555,185.30138524001063,0.0,1.0,1.0,True,0.0,1.0,1.0,True,70.74919839327767
1,20,70,fixed continuous c,edge,True,2,0.06669636307888055,0.06252089592791402,0.9999997402388618,4.4853010194856324e-13,-112.28512440369697,114.81924928976922,0.0,1.0,1.0,True,0.0,1.0,1.0,True,0.2670627027972641
1,20,70,fixed continuous c,knee,True,5,0.06669636307888055,0.06252089592791402,0.7637038251827604,5.095923683029469e-13,-112.75458351250008,114.34979018096611,0.0,1.0,1.0,True,0.0,1.0,1.0,True,0.033899509050256404
1,20,70,fixed continuous c,tail,True,8,0.06669636307888055,0.06252089592791402,2.531748038119955e-05,1.1102230246251565e-13,-113.5330428352118,113.57133085825438,0.0,1.0,1.0,True,0.0,1.0,1.0,True,0.019118694040915242
1,20,102,fixed continuous c,deep,True,0,0.04550717197563582,0.04550717197563582,0.9999999999998671,4.518607710224387e-13,-45.58669107389787,189.0850885586705,0.0,1.0,1.0,True,0.0,1.0,1.0,True,70.74919874238644
1,20,102,fixed continuous c,edge,True,2,0.04550717197563582,0.04550717197563582,0.9999997402388618,4.4853010194856324e-13,-116.06882381600803,118.60295581656032,0.0,1.0,1.0,True,0.0,1.0,1.0,True,0.2670662600372855
1,20,102,fixed continuous c,knee,True,5,0.04550717197563582,0.04550717197563582,0.7637038251827604,5.095923683029469e-13,-116.53535791934942,118.13642171321894,0.0,1.0,1.0,True,0.0,1.0,1.0,True,0.03682807175200098
1,20,102,fixed continuous c,tail,True,8,0.04550717197563582,0.04550717197563582,2.531748038119955e-05,1.1102230246251565e-13,-117.31669895946744,117.35508067310091,0.0,1.0,1.0,True,0.0,1.0,1.0,True,0.01916553933635821
1,40,17,fixed continuous c,deep,True,0,1.3222026203960822,0.35542269138431365,1.000000000000026,4.696243394164412e-13,-27.71360882901079,171.21485415316695,0.0,1.0,1.0,False,0.0,1.0,1.0,False,70.75062266207804
1,40,17,fixed continuous c,edge,True,8,1.3222026203960822,0.35542269138431365,0.9999992848741911,4.5297099404706387e-13,-98.44388378476302,100.48457919741472,0.0,1.0,1.0,True,0.0,1.0,1.0,True,0.020348421451655274
1,40,17,fixed continuous c,knee,True,12,1.3222026203960822,0.35542269138431365,0.32138635596501286,1.588729148238599e-12,-99.2513295866124,99.67713339556533,0.0,1.0,1.0,True,0.0,1.0,1.0,True,0.10848445148855224
1,40,17,fixed continuous c,tail,True,14,1.3222026203960822,0.35542269138431365,0.00049516633718097,1.1102230246251565e-13,-99.45822544800656,99.47023753417118,0.0,1.0,1.0,True,0.0,1.0,1.0,True,0.005510876745132097
1,40,20,fixed continuous c,deep,True,0,0.8043480593051372,0.30182859611000074,1.000000000000026,4.696243394164412e-13,-29.31918018349591,172.82042557707842,0.0,1.0,1.0,False,0.0,1.0,1.0,False,70.75062269679123
1,40,20,fixed continuous c,edge,True,8,0.8043480593051372,0.30182859611000074,0.9999992848741911,4.5297099404706387e-13,-100.04945459046706,102.09015117010728,0.0,1.0,1.0,True,0.0,1.0,1.0,True,0.020349004945915294
1,40,20,fixed continuous c,knee,True,12,0.8043480593051372,0.30182859611000074,0.32138635596501286,1.588729148238599e-12,-100.83360173040315,101.3060040301712,0.0,1.0,1.0,True,0.0,1.0,1.0,True,0.08518520608099511
1,40,20,fixed continuous c,tail,True,14,0.8043480593051372,0.30182859611000074,0.00049516633718097,1.1102230246251565e-13,-101.06370730999744,101.0758984505769,0.0,1.0,1.0,True,0.0,1.0,1.0,True,0.005600403952552105
1,40,24,fixed continuous c,deep,True,0,0.5448288348196342,0.25489372237484,1.000000000000026,4.696243394164412e-13,-31.124134413390593,174.6253799279638,0.0,1.0,1.0,False,0.0,1.0,1.0,False,70.75062275728656
1,40,24,fixed continuous c,edge,True,8,0.5448288348196342,0.25489372237484,0.9999992848741911,4.5297099404706387e-13,-101.85440732062038,103.89510702073399,0.0,1.0,1.0,True,0.0,1.0,1.0,True,0.0203505651826118
1,40,24,fixed continuous c,knee,True,12,0.5448288348196342,0.25489372237484,0.32138635596501286,1.588729148238599e-12,-102.62019764793197,103.1293166934224,0.0,1.0,1.0,True,0.0,1.0,1.0,True,0.06682683321980831
1,40,24,fixed continuous c,tail,True,14,0.5448288348196342,0.25489372237484,0.00049516633718097,1.1102230246251565e-13,-102.8686013667074,102.88091297464698,0.0,1.0,1.0,True,0.0,1.0,1.0,True,0.005660637632615755
1,40,32,fixed continuous c,deep,True,0,0.34357334213371016,0.19902853345040342,1.000000000000026,4.696243394164412e-13,-33.98108243879747,177.48232817712355,0.0,1.0,1.0,False,0.0,1.0,1.0,False,70.75062286916301
1,40,32,fixed continuous c,edge,True,8,0.34357334213371016,0.19902853345040342,0.9999992848741911,4.5297099404706387e-13,-104.711347245597,106.75206337032402,0.0,1.0,1.0,True,0.0,1.0,1.0,True,0.02035877748932291
1,40,32,fixed continuous c,knee,True,12,0.34357334213371016,0.19902853345040342,0.32138635596501286,1.588729148238599e-12,-105.45706459189051,106.0063460240305,0.0,1.0,1.0,True,0.0,1.0,1.0,True,0.04674563989501235
1,40,32,fixed continuous c,tail,True,14,0.34357334213371016,0.19902853345040342,0.00049516633718097,1.1102230246251565e-13,-105.72548918930394,105.73792142661708,0.0,1.0,1.0,True,0.0,1.0,1.0,True,0.00572095231938679
1,40,44,fixed continuous c,deep,True,0,0.22751938341655356,0.15460900944203404,1.000000000000026,4.696243394164412e-13,-37.15615797151399,180.65740394483734,0.0,1.0,1.0,False,0.0,1.0,1.0,False,70.75062298666164
1,40,44,fixed continuous c,edge,True,8,0.22751938341655356,0.15460900944203404,0.9999992848741911,4.5297099404706387e-13,-107.886409594275,109.92715232207632,0.0,1.0,1.0,True,0.0,1.0,1.0,True,0.020372079026469536
1,40,44,fixed continuous c,knee,True,12,0.22751938341655356,0.15460900944203404,0.32138635596501286,1.588729148238599e-12,-108.61715504859419,109.19640686775713,0.0,1.0,1.0,True,0.0,1.0,1.0,True,0.03176044638353698
1,40,44,fixed continuous c,tail,True,14,0.22751938341655356,0.15460900944203404,0.00049516633718097,1.1102230246251565e-13,-108.90052236729146,108.91303954905986,0.0,1.0,1.0,True,0.0,1.0,1.0,True,0.005763424547015938
1,40,60,fixed continuous c,deep,True,0,0.15931487139186154,0.1233755633428119,1.000000000000026,4.696243394164412e-13,-40.25971057557101,183.7609567389584,0.0,1.0,1.0,False,0.0,1.0,1.0,False,70.75062308169367
1,40,60,fixed continuous c,edge,True,8,0.15931487139186154,0.1233755633428119,0.9999992848741911,4.5297099404706387e-13,-110.98994894304819,113.03071837148123,0.0,1.0,1.0,True,0.0,1.0,1.0,True,0.020385429342334338
1,40,60,fixed continuous c,knee,True,12,0.15931487139186154,0.1233755633428119,0.32138635596501286,1.588729148238599e-12,-111.71054552701456,112.31012178751486,0.0,1.0,1.0,True,0.0,1.0,1.0,True,0.021598225714856423
1,40,60,fixed continuous c,tail,True,14,0.15931487139186154,0.1233755633428119,0.00049516633718097,1.1102230246251565e-13,-112.00404731642092,112.0166199981085,0.0,1.0,1.0,True,0.0,1.0,1.0,True,0.005791174506605057
1,40,76,fixed continuous c,deep,True,0,0.12329385424269555,0.10535087223534938,1.000000000000026,4.696243394164412e-13,-42.63138910784299,186.13263538823549,0.0,1.0,1.0,False,0.0,1.0,1.0,False,70.75062314019623
1,40,76,fixed continuous c,edge,True,8,0.12329385424269555,0.10535087223534938,0.9999992848741911,4.5297099404706387e-13,-113.36161827931403,115.40240621676446,0.0,1.0,1.0,True,0.0,1.0,1.0,True,0.020394683851031714
1,40,76,fixed continuous c,knee,True,12,0.12329385424269555,0.10535087223534938,0.32138635596501286,1.588729148238599e-12,-114.07646739730983,114.68755709876866,0.0,1.0,1.0,True,0.0,1.0,1.0,True,0.015841505235596465
1,40,76,fixed continuous c,tail,True,14,0.12329385424269555,0.10535087223534938,0.00049516633718097,1.1102230246251565e-13,-114.37571057310964,114.38831392296885,0.0,1.0,1.0,True,0.0,1.0,1.0,True,0.0058065085924252436
1,40,108,fixed continuous c,deep,True,0,0.08532953841702574,0.08532953841702574,1.000000000000026,4.696243394164412e-13,-46.16500737140985,189.66625378657966,0.0,1.0,1.0,False,0.0,1.0,1.0,False,70.75062320758487
1,40,108,fixed continuous c,edge,True,8,0.08532953841702574,0.08532953841702574,0.9999992848741911,4.5297099404706387e-13,-116.89522498772959,118.93603617025991,0.0,1.0,1.0,True,0.0,1.0,1.0,True,0.020406306390964413
1,40,108,fixed continuous c,knee,True,12,0.08532953841702574,0.08532953841702574,0.32138635596501286,1.588729148238599e-12,-117.60376515375789,118.22749600423161,0.0,1.0,1.0,True,0.0,1.0,1.0,True,0.009520930728151134
1,40,108,fixed continuous c,tail,True,14,0.08532953841702574,0.08532953841702574,0.00049516633718097,1.1102230246251565e-13,-117.90931241456627,117.92194874342323,0.0,1.0,1.0,True,0.0,1.0,1.0,True,0.005822998091295134
1,80,30,fixed continuous c,deep,True,0,2.662228398603589,0.38882655968554375,1.0000000000000144,7.998046669399628e-12,-33.34122143899204,176.84276498640773,0.0,1.0,1.0,False,0.0,1.0,1.0,False,70.75077177370784
1,80,30,fixed continuous c,edge,True,20,2.662228398603589,0.38882655968554375,0.9999997028824833,5.728750807065808e-13,-104.08441939218729,106.0995670332125,0.0,1.0,1.0,True,0.0,1.0,1.0,True,0.007574117630118393
1,80,30,fixed continuous c,knee,True,24,2.662228398603589,0.38882655968554375,0.7694001326391181,6.716849298982197e-13,-104.40389274844935,105.78009367695043,0.0,1.0,1.0,True,0.0,1.0,1.0,True,0.08129966838857683
1,80,30,fixed continuous c,tail,True,27,2.662228398603589,0.38882655968554375,0.0004854129321973901,1.1102230246251565e-13,-105.09036003042574,105.09362639497404,0.0,1.0,1.0,True,0.0,1.0,1.0,True,0.001147769341945611
1,80,33,fixed continuous c,deep,True,0,1.5267787088200322,0.35135318732108684,1.0000000000000144,7.998046669399628e-12,-34.289396391997656,177.7909399403235,0.0,1.0,1.0,False,0.0,1.0,1.0,False,70.75077177416291
1,80,33,fixed continuous c,edge,True,20,1.5267787088200322,0.35135318732108684,0.9999997028824833,5.728750807065808e-13,-105.032591436486,107.04774489583517,0.0,1.0,1.0,True,0.0,1.0,1.0,True,0.007577026792093711
1,80,33,fixed continuous c,knee,True,24,1.5267787088200322,0.35135318732108684,0.7694001326391181,6.716849298982197e-13,-105.34125120428665,106.73908512803452,0.0,1.0,1.0,True,0.0,1.0,1.0,True,0.07048317076518262
1,80,33,fixed continuous c,tail,True,27,1.5267787088200322,0.35135318732108684,0.0004854129321973901,1.1102230246251565e-13,-106.03851089426578,106.04182543805538,0.0,1.0,1.0,True,0.0,1.0,1.0,True,0.0011718589625961005
1,80,37,fixed continuous c,deep,True,0,0.9989759670806391,0.31648549864361175,1.0000000000000144,7.998046669399628e-12,-35.429142102181146,178.93068565470057,0.0,1.0,1.0,False,0.0,1.0,1.0,False,70.7507717762597
1,80,37,fixed continuous c,edge,True,20,0.9989759670806391,0.31648549864361175,0.9999997028824833,5.728750807065808e-13,-106.17233591396436,108.18749184291735,0.0,1.0,1.0,True,0.0,1.0,1.0,True,0.0075782615940181985
1,80,37,fixed continuous c,knee,True,24,0.9989759670806391,0.31648549864361175,0.7694001326391181,6.716849298982197e-13,-106.47086571395154,107.88896204293017,0.0,1.0,1.0,True,0.0,1.0,1.0,True,0.06035196814980426
1,80,37,fixed continuous c,tail,True,27,0.9989759670806391,0.31648549864361175,0.0004854129321973901,1.1102230246251565e-13,-107.17823341762328,107.18159433925844,0.0,1.0,1.0,True,0.0,1.0,1.0,True,0.0011950478853897137
1,80,45,fixed continuous c,deep,True,0,0.61372379837162,0.27113770895530986,1.0000000000000144,7.998046669399628e-12,-37.38287029422528,180.88441386066668,0.0,1.0,1.0,False,0.0,1.0,1.0,False,70.7507717832207
1,80,45,fixed continuous c,edge,True,20,0.61372379837162,0.27113770895530986,0.9999997028824833,5.728750807065808e-13,-108.12606382699747,110.1412203278945,0.0,1.0,1.0,True,0.0,1.0,1.0,True,0.007578547566032268
1,80,45,fixed continuous c,knee,True,24,0.61372379837162,0.27113770895530986,0.7694001326391181,6.716849298982197e-13,-108.41141952027256,109.85586463461941,0.0,1.0,1.0,True,0.0,1.0,1.0,True,0.04717757546569412
1,80,45,fixed continuous c,tail,True,27,0.61372379837162,0.27113770895530986,0.0004854129321973901,1.1102230246251565e-13,-109.13192708260372,109.13535707228824,0.0,1.0,1.0,True,0.0,1.0,1.0,True,0.0012295819100580493
1,80,57,fixed continuous c,deep,True,0,0.40362759720384056,0.23076849332113503,1.0000000000000144,7.998046669399628e-12,-39.74802872164409,183.249572310613,0.0,1.0,1.0,False,0.0,1.0,1.0,False,70.75077179448444
1,80,57,fixed continuous c,edge,True,20,0.40362759720384056,0.23076849332113503,0.9999997028824833,5.728750807065808e-13,-110.49122216502121,112.50637886723587,0.0,1.0,1.0,True,0.0,1.0,1.0,True,0.007578648224849105
1,80,57,fixed continuous c,knee,True,24,0.40362759720384056,0.23076849332113503,0.7694001326391181,6.716849298982197e-13,-110.76485707870586,112.23274395355122,0.0,1.0,1.0,True,0.0,1.0,1.0,True,0.035456695216432355
1,80,57,fixed continuous c,tail,True,27,0.40362759720384056,0.23076849332113503,0.0004854129321973901,1.1102230246251565e-13,-111.49704998943248,111.5005510428246,0.0,1.0,1.0,True,0.0,1.0,1.0,True,0.0012651137638645211
1,80,73,fixed continuous c,deep,True,0,0.28427664741739733,0.19923912929588036,1.0000000000000144,7.998046669399628e-12,-42.22933478547571,185.73087839888098,0.0,1.0,1.0,False,0.0,1.0,1.0,False,70.75077180670263
1,80,73,fixed continuous c,edge,True,20,0.28427664741739733,0.19923912929588036,0.9999997028824833,5.728750807065808e-13,-112.97252776777643,114.98768541658026,0.0,1.0,1.0,True,0.0,1.0,1.0,True,0.00757912151944129
1,80,73,fixed continuous c,knee,True,24,0.28427664741739733,0.19923912929588036,0.7694001326391181,6.716849298982197e-13,-113.23698404197033,114.72322914238636,0.0,1.0,1.0,True,0.0,1.0,1.0,True,0.026277582431106783
1,80,73,fixed continuous c,tail,True,27,0.28427664741739733,0.19923912929588036,0.0004854129321973901,1.1102230246251565e-13,-113.97832583335496,113.98188735100173,0.0,1.0,1.0,True,0.0,1.0,1.0,True,0.0012953458911918268
1,80,89,fixed continuous c,deep,True,0,0.22197803314848086,0.1795528696699492,1.0000000000000144,7.998046669399628e-12,-44.220587079585435,187.7221307110182,0.0,1.0,1.0,False,0.0,1.0,1.0,False,70.75077181571638
1,80,89,fixed continuous c,edge,True,20,0.22197803314848086,0.1795528696699492,0.9999997028824833,5.728750807065808e-13,-114.96377949769294,116.9789382929107,0.0,1.0,1.0,True,0.0,1.0,1.0,True,0.00757969472639497
1,80,89,fixed continuous c,knee,True,24,0.22197803314848086,0.1795528696699492,0.7694001326391181,6.716849298982197e-13,-115.2224773840848,116.72024040651884,0.0,1.0,1.0,True,0.0,1.0,1.0,True,0.02051862142209182
1,80,89,fixed continuous c,tail,True,27,0.22197803314848086,0.1795528696699492,0.0004854129321973901,1.1102230246251565e-13,-115.9695586147917,115.97315917581194,0.0,1.0,1.0,True,0.0,1.0,1.0,True,0.0013148675779203417
1,80,121,fixed continuous c,deep,True,0,0.15615025363608448,0.15615025363608448,1.0000000000000144,7.998046669399628e-12,-47.312176518534166,190.81372017374184,0.0,1.0,1.0,False,0.0,1.0,1.0,False,70.75077182760383
1,80,121,fixed continuous c,edge,True,20,0.15615025363608448,0.15615025363608448,0.9999997028824833,5.728750807065808e-13,-118.05536794008398,120.07052875219202,0.0,1.0,1.0,True,0.0,1.0,1.0,True,0.0075807031715317
1,80,121,fixed continuous c,knee,True,24,0.15615025363608448,0.15615025363608448,0.7694001326391181,6.716849298982197e-13,-118.30717632363124,119.81872036864476,0.0,1.0,1.0,True,0.0,1.0,1.0,True,0.013628110132349769
1,80,121,fixed continuous c,tail,True,27,0.15615025363608448,0.15615025363608448,0.0004854129321973901,1.1102230246251565e-13,-119.06112467747604,119.06477201479996,0.0,1.0,1.0,True,0.0,1.0,1.0,True,0.0013382557297647994
2,10,7,fixed continuous c,deep,False,,0.5603450592020459,0.30051471710259664,,,,,,,,,,,,,
2,10,7,fixed continuous c,edge,False,,0.5603450592020459,0.30051471710259664,,,,,,,,,,,,,
2,10,7,fixed continuous c,knee,True,2,0.5603450592020459,0.30051471710259664,0.284439555771541,3.9468428525424315e-13,-10.033337071332005,10.738696083632442,0.0,1.0,1.0,True,0.0,1.0,1.0,True,0.06823995037867858
2,10,7,fixed continuous c,tail,True,4,0.5603450592020459,0.30051471710259664,2.6496569762860486e-05,1.1102230246251565e-13,-10.3456020848035,10.426431070160946,0.0,1.0,1.0,True,0.0,1.0,1.0,True,0.04038799610896069
2,10,10,fixed continuous c,deep,False,,0.34683899997189166,0.21730994842506263,,,,,,,,,,,,,
2,10,10,fixed continuous c,edge,False,,0.34683899997189166,0.21730994842506263,,,,,,,,,,,,,
2,10,10,fixed continuous c,knee,True,2,0.34683899997189166,0.21730994842506263,0.284439555771541,3.9468428525424315e-13,-11.123459976861346,11.854984927227628,0.0,1.0,1.0,True,0.0,1.0,1.0,True,0.08132291941160036
2,10,10,fixed continuous c,tail,True,4,0.34683899997189166,0.21730994842506263,2.6496569762860486e-05,1.1102230246251565e-13,-11.44739991660889,11.531044987480085,0.0,1.0,1.0,True,0.0,1.0,1.0,True,0.04179603886583435
2,10,14,fixed continuous c,deep,False,,0.23390226987960008,0.16052213195959864,,,,,,,,,,,,,
2,10,14,fixed continuous c,edge,False,,0.23390226987960008,0.16052213195959864,,,,,,,,,,,,,
2,10,14,fixed continuous c,knee,True,2,0.23390226987960008,0.16052213195959864,0.284439555771541,3.9468428525424315e-13,-12.16264579109108,12.912644084177856,0.0,1.0,1.0,True,0.0,1.0,1.0,True,0.09055959077184617
2,10,14,fixed continuous c,tail,True,4,0.23390226987960008,0.16052213195959864,2.6496569762860486e-05,1.1102230246251565e-13,-12.494915317156233,12.580374558112704,0.0,1.0,1.0,True,0.0,1.0,1.0,True,0.0427031239084731
2,10,22,fixed continuous c,deep,False,,0.1434224139144772,0.10727773158465974,,,,,,,,,,,,,
2,10,22,fixed continuous c,edge,False,,0.1434224139144772,0.10727773158465974,,,,,,,,,,,,,
2,10,22,fixed continuous c,knee,True,2,0.1434224139144772,0.10727773158465974,0.284439555771541,3.9468428525424315e-13,-13.580603240967887,14.348419518231255,0.0,1.0,1.0,True,0.0,1.0,1.0,True,0.09946858286014243
2,10,22,fixed continuous c,tail,True,4,0.1434224139144772,0.10727773158465974,2.6496569762860486e-05,1.1102230246251565e-13,-13.920958695031851,14.008064064167291,0.0,1.0,1.0,True,0.0,1.0,1.0,True,0.04352618799795757
2,10,34,fixed continuous c,deep,False,,0.09132379988020618,0.07332539525132223,,,,,,,,,,,,,
2,10,34,fixed continuous c,edge,False,,0.09132379988020618,0.07332539525132223,,,,,,,,,,,,,
2,10,34,fixed continuous c,knee,True,2,0.09132379988020618,0.07332539525132223,0.284439555771541,3.9468428525424315e-13,-14.968886363309236,15.748325956064848,0.0,1.0,1.0,True,0.0,1.0,1.0,True,0.10528024060626517
2,10,34,fixed continuous c,tail,True,4,0.09132379988020618,0.07332539525132223,2.6496569762860486e-05,1.1102230246251565e-13,-15.314540942418354,15.40267137695573,0.0,1.0,1.0,True,0.0,1.0,1.0,True,0.04403872069892615
2,10,50,fixed continuous c,deep,False,,0.06166552410580517,0.052937191339246466,,,,,,,,,,,,,
2,10,50,fixed continuous c,edge,False,,0.06166552410580517,0.052937191339246466,,,,,,,,,,,,,
2,10,50,fixed continuous c,knee,True,2,0.06166552410580517,0.052937191339246466,0.284439555771541,3.9468428525424315e-13,-16.21388326729089,17.000401987187566,0.0,1.0,1.0,True,0.0,1.0,1.0,True,0.10881980417679821
2,10,50,fixed continuous c,tail,True,4,0.06166552410580517,0.052937191339246466,2.6496569762860486e-05,1.1102230246251565e-13,-16.562774132122488,16.651511122355966,0.0,1.0,1.0,True,0.0,1.0,1.0,True,0.04434199854697568
2,10,66,fixed continuous c,deep,False,,0.046579770966422324,0.04228109826058581,,,,,,,,,,,,,
2,10,66,fixed continuous c,edge,False,,0.046579770966422324,0.04228109826058581,,,,,,,,,,,,,
2,10,66,fixed continuous c,knee,True,2,0.046579770966422324,0.04228109826058581,0.284439555771541,3.9468428525424315e-13,-17.116966871988755,17.907215388047714,0.0,1.0,1.0,True,0.0,1.0,1.0,True,0.1106847022579382
2,10,66,fixed continuous c,tail,True,4,0.046579770966422324,0.04228109826058581,2.6496569762860486e-05,1.1102230246251565e-13,-17.46756547043857,17.5566167895979,0.0,1.0,1.0,True,0.0,1.0,1.0,True,0.04449916300990374
2,10,98,fixed continuous c,deep,False,,0.03129168659909118,0.03129168659909118,,,,,,,,,,,,,
2,10,98,fixed continuous c,edge,False,,0.03129168659909118,0.03129168659909118,,,,,,,,,,,,,
2,10,98,fixed continuous c,knee,True,2,0.03129168659909118,0.03129168659909118,0.284439555771541,3.9468428525424315e-13,-18.410331748603152,19.20444820058508,0.0,1.0,1.0,True,0.0,1.0,1.0,True,0.11261867021942268
2,10,98,fixed continuous c,tail,True,4,0.03129168659909118,0.03129168659909118,2.6496569762860486e-05,1.1102230246251565e-13,-18.762703209240343,18.85207673994789,0.0,1.0,1.0,True,0.0,1.0,1.0,True,0.044660268784010373
2,20,10,fixed continuous c,deep,True,0,0.9183628178703994,0.3034892602997246,0.9999999999942921,4.5297099404706387e-13,-6.729032403659633,16.274861359167286,0.0,1.0,1.0,True,0.0,1.0,1.0,True,3.7729144777595347
2,20,10,fixed continuous c,edge,True,1,0.9183628178703994,0.3034892602997246,0.9999999913902394,4.563016631209393e-13,-9.506355174358758,13.497538588468162,0.0,1.0,1.0,True,0.0,1.0,1.0,True,0.9955917156644624
2,20,10,fixed continuous c,knee,True,5,0.9183628178703994,0.3034892602997246,0.4188199539650348,8.859579736508749e-13,-11.163951417346583,11.839942345480337,0.0,1.0,1.0,True,0.0,1.0,1.0,True,0.08082448989815849
2,20,10,fixed continuous c,tail,True,7,0.9183628178703994,0.3034892602997246,0.0003073356775054457,1.1102230246251565e-13,-11.489060866945852,11.514832895881067,0.0,1.0,1.0,True,0.0,1.0,1.0,True,0.0125786787901014
2,20,13,fixed continuous c,deep,True,0,0.5495109448341161,0.23945063700490268,0.9999999999942921,4.5297099404706387e-13,-7.546240368394232,17.09210451552453,0.0,1.0,1.0,True,0.0,1.0,1.0,True,3.7729320735708574
2,20,13,fixed continuous c,edge,True,1,0.5495109448341161,0.23945063700490268,0.9999999913902394,4.563016631209393e-13,-10.323570069494302,14.31477481442446,0.0,1.0,1.0,True,0.0,1.0,1.0,True,0.9956023810748401
2,20,13,fixed continuous c,knee,True,5,0.5495109448341161,0.23945063700490268,0.4188199539650348,8.859579736508749e-13,-11.957591250907674,12.680753633011088,0.0,1.0,1.0,True,0.0,1.0,1.0,True,0.05723876291332819
2,20,13,fixed continuous c,tail,True,7,0.5495109448341161,0.23945063700490268,0.0003073356775054457,1.1102230246251565e-13,-12.305984693580468,12.332360190338294,0.0,1.0,1.0,True,0.0,1.0,1.0,True,0.012880412701406937
2,20,17,fixed continuous c,deep,True,0,0.36887826637480625,0.18981350881088035,0.9999999999942921,4.5297099404706387e-13,-8.388944863566381,17.93484678935148,0.0,1.0,1.0,True,0.0,1.0,1.0,True,3.7729509628982574
2,20,17,fixed continuous c,edge,True,1,0.36887826637480625,0.18981350881088035,0.9999999913902394,4.563016631209393e-13,-11.166280923460567,15.157510729457295,0.0,1.0,1.0,True,0.0,1.0,1.0,True,0.9956149116081244
2,20,17,fixed continuous c,knee,True,5,0.36887826637480625,0.18981350881088035,0.4188199539650348,8.859579736508749e-13,-12.78310008402584,13.540691568892022,0.0,1.0,1.0,True,0.0,1.0,1.0,True,0.0400242115319438
2,20,17,fixed continuous c,tail,True,7,0.36887826637480625,0.18981350881088035,0.0003073356775054457,1.1102230246251565e-13,-13.148521153849115,13.175270499068747,0.0,1.0,1.0,True,0.0,1.0,1.0,True,0.013067336932310304
2,20,25,fixed continuous c,deep,True,0,0.22883220879251454,0.13791687842146208,0.9999999999942921,4.5297099404706387e-13,-9.613987936240758,19.159937845009242,0.0,1.0,1.0,True,0.0,1.0,1.0,True,3.7729749543899502
2,20,25,fixed continuous c,edge,True,1,0.22883220879251454,0.13791687842146208,0.9999999913902394,4.563016631209393e-13,-12.39133113539917,16.38259464585083,0.0,1.0,1.0,True,0.0,1.0,1.0,True,0.9956317638355899
2,20,25,fixed continuous c,knee,True,5,0.22883220879251454,0.13791687842146208,0.4188199539650348,8.859579736508749e-13,-13.990825899663582,14.783099881586418,0.0,1.0,1.0,True,0.0,1.0,1.0,True,0.022682963003617163
2,20,25,fixed continuous c,tail,True,7,0.22883220879251454,0.13791687842146208,0.0003073356775054457,1.1102230246251565e-13,-14.37342121876279,14.40050456248721,0.0,1.0,1.0,True,0.0,1.0,1.0,True,0.013234336184705061
2,20,37,fixed continuous c,deep,True,0,0.1482551881112174,0.10162472589795953,0.9999999999942921,4.5297099404706387e-13,-10.874284767986548,20.420272326587426,0.0,1.0,1.0,True,0.0,1.0,1.0,True,3.7729937793061468
2,20,37,fixed continuous c,edge,True,1,0.1482551881112174,0.10162472589795953,0.9999999913902394,4.563016631209393e-13,-13.651633064720809,17.642924029853166,0.0,1.0,1.0,True,0.0,1.0,1.0,True,0.9956454911759397
2,20,37,fixed continuous c,knee,True,5,0.1482551881112174,0.10162472589795953,0.4188199539650348,8.859579736508749e-13,-15.239275012643434,16.055282081930542,0.0,1.0,1.0,True,0.0,1.0,1.0,True,0.010816419321480919
2,20,37,fixed continuous c,tail,True,7,0.1482551881112174,0.10162472589795953,0.0003073356775054457,1.1102230246251565e-13,-15.633633086767045,15.66092400780693,0.0,1.0,1.0,True,0.0,1.0,1.0,True,0.013338124842436551
2,20,53,fixed continuous c,deep,True,0,0.10160970222826184,0.07845821556050966,0.9999999999942921,4.5297099404706387e-13,-12.040447280567305,21.586460187274795,0.0,1.0,1.0,True,0.0,1.0,1.0,True,3.773006453359454
2,20,53,fixed continuous c,edge,True,1,0.10160970222826184,0.07845821556050966,0.9999999913902394,4.563016631209393e-13,-14.817798819998252,18.80910864784385,0.0,1.0,1.0,True,0.0,1.0,1.0,True,0.9956549225325585
2,20,53,fixed continuous c,knee,True,5,0.10160970222826184,0.07845821556050966,0.4188199539650348,8.859579736508749e-13,-16.39794560447901,17.228961863363093,0.0,1.0,1.0,True,0.0,1.0,1.0,True,0.0033118245229938337
2,20,53,fixed continuous c,tail,True,7,0.10160970222826184,0.07845821556050966,0.0003073356775054457,1.1102230246251565e-13,-16.799746634214067,16.827160833628035,0.0,1.0,1.0,True,0.0,1.0,1.0,True,0.01339976402947827
2,20,69,fixed continuous c,deep,True,0,0.07746961754159633,0.06590119120011788,0.9999999999942921,4.5297099404706387e-13,-12.901766525764844,22.447793496589284,0.0,1.0,1.0,True,0.0,1.0,1.0,True,3.7730134854179282
2,20,69,fixed continuous c,edge,True,1,0.07746961754159633,0.06590119120011788,0.9999999913902394,4.563016631209393e-13,-15.679119809147346,19.670440213206778,0.0,1.0,1.0,True,0.0,1.0,1.0,True,0.9956602106394769
2,20,69,fixed continuous c,knee,True,5,0.07746961754159633,0.06590119120011788,0.4188199539650348,8.859579736508749e-13,-17.255218908167766,18.09434111418636,0.0,1.0,1.0,True,0.0,1.0,1.0,True,0.0007411490442607027
2,20,69,fixed continuous c,tail,True,7,0.07746961754159633,0.06590119120011788,0.0003073356775054457,1.1102230246251565e-13,-17.661040850430904,17.68851917192322,0.0,1.0,1.0,True,0.0,1.0,1.0,True,0.013431825068651596
2,20,101,fixed continuous c,deep,True,0,0.05260786831831619,0.05260786831831619,0.9999999999942921,4.5297099404706387e-13,-14.151757077950302,23.697799129706556,0.0,1.0,1.0,True,0.0,1.0,1.0,True,3.773021025883836
2,20,101,fixed continuous c,edge,True,1,0.05260786831831619,0.05260786831831619,0.9999999913902394,4.563016631209393e-13,-16.929112192445142,20.920444015211718,0.0,1.0,1.0,True,0.0,1.0,1.0,True,0.9956659199930494
2,20,101,fixed continuous c,knee,True,5,0.05260786831831619,0.05260786831831619,0.4188199539650348,8.859579736508749e-13,-18.500933648310486,19.348622559346374,0.0,1.0,1.0,True,0.0,1.0,1.0,True,0.005024501552910676
2,20,101,fixed continuous c,tail,True,7,0.05260786831831619,0.05260786831831619,0.0003073356775054457,1.1102230246251565e-13,-18.911005970664224,18.938550236992636,0.0,1.0,1.0,True,0.0,1.0,1.0,True,0.013464797486702484
2,40,16,fixed continuous c,deep,True,0,1.8425415856762344,0.3284776658694303,1.0000000000000246,4.585221091701897e-13,-8.19967337983475,17.749329780165098,0.0,1.0,1.0,False,0.0,1.0,1.0,False,3.7748282001651496
2,40,16,fixed continuous c,edge,True,7,1.8425415856762344,0.3284776658694303,0.9999999405392644,4.629630012686903e-13,-11.958986756460781,13.990016403539066,0.0,1.0,1.0,True,0.0,1.0,1.0,True,0.015514882999877133
2,40,16,fixed continuous c,knee,True,11,1.8425415856762344,0.3284776658694303,0.6673041582881978,1.5154544286133387e-12,-12.409565569654822,13.539437590345026,0.0,1.0,1.0,True,0.0,1.0,1.0,True,0.10236814794309634
2,40,16,fixed continuous c,tail,True,14,1.8425415856762344,0.3284776658694303,6.72597329939677e-05,1.1102230246251565e-13,-12.971201796596187,12.97780136340366,0.0,1.0,1.0,True,0.0,1.0,1.0,True,0.00323252367074277
2,40,19,fixed continuous c,deep,True,0,0.9886626839454291,0.2789035477890752,1.0000000000000246,4.585221091701897e-13,-8.742617365466643,18.292275014770937,0.0,1.0,1.0,False,0.0,1.0,1.0,False,3.774828824652122
2,40,19,fixed continuous c,edge,True,7,0.9886626839454291,0.2789035477890752,0.9999999405392644,4.629630012686903e-13,-12.50192981856668,14.5329625616709,0.0,1.0,1.0,True,0.0,1.0,1.0,True,0.015516431012845833
2,40,19,fixed continuous c,knee,True,11,0.9886626839454291,0.2789035477890752,0.6673041582881978,1.5154544286133387e-12,-12.931166884067489,14.10372549617009,0.0,1.0,1.0,True,0.0,1.0,1.0,True,0.0810248522368977
2,40,19,fixed continuous c,tail,True,14,0.9886626839454291,0.2789035477890752,6.72597329939677e-05,1.1102230246251565e-13,-13.514064549323608,13.520827830913971,0.0,1.0,1.0,True,0.0,1.0,1.0,True,0.003314381062187472
2,40,23,fixed continuous c,deep,True,0,0.6345045322560283,0.23700139366414544,1.0000000000000246,4.585221091701897e-13,-9.349949124984636,18.899609264202223,0.0,1.0,1.0,False,0.0,1.0,1.0,False,3.774830069608769
2,40,23,fixed continuous c,edge,True,7,0.6345045322560283,0.23700139366414544,0.9999999405392644,4.629630012686903e-13,-13.109262514827178,15.140295874359682,0.0,1.0,1.0,True,0.0,1.0,1.0,True,0.01551673922698693
2,40,23,fixed continuous c,knee,True,11,0.6345045322560283,0.23700139366414544,0.6673041582881978,1.5154544286133387e-12,-13.52150451956874,14.728053869618119,0.0,1.0,1.0,True,0.0,1.0,1.0,True,0.06402948326350877
2,40,23,fixed continuous c,tail,True,14,0.6345045322560283,0.23700139366414544,6.72597329939677e-05,1.1102230246251565e-13,-14.121350253020436,14.128208136166423,0.0,1.0,1.0,True,0.0,1.0,1.0,True,0.0033616818399985413
2,40,31,fixed continuous c,deep,True,0,0.3859934535571121,0.18841569853404921,1.0000000000000246,4.585221091701897e-13,-10.306150836900963,19.85581581477712,0.0,1.0,1.0,False,0.0,1.0,1.0,False,3.7748324889380536
2,40,31,fixed continuous c,edge,True,7,0.3859934535571121,0.18841569853404921,0.9999999405392644,4.629630012686903e-13,-14.065463055572224,16.096503596105862,0.0,1.0,1.0,True,0.0,1.0,1.0,True,0.01552032972755446
2,40,31,fixed continuous c,knee,True,11,0.3859934535571121,0.18841569853404921,0.6673041582881978,1.5154544286133387e-12,-14.45883538008523,15.703131271592856,0.0,1.0,1.0,True,0.0,1.0,1.0,True,0.045156212534384066
2,40,31,fixed continuous c,tail,True,14,0.3859934535571121,0.18841569853404921,6.72597329939677e-05,1.1102230246251565e-13,-15.077514059650719,15.084452592027366,0.0,1.0,1.0,True,0.0,1.0,1.0,True,0.0034020064553292135
2,40,43,fixed continuous c,deep,True,0,0.2511482678349503,0.1505431079188416,1.0000000000000246,4.585221091701897e-13,-11.363396020646384,20.913066176657388,0.0,1.0,1.0,False,0.0,1.0,1.0,False,3.774835078005477
2,40,43,fixed continuous c,edge,True,7,0.2511482678349503,0.1505431079188416,0.9999999405392644,4.629630012686903e-13,-15.122703758279075,17.153758439024696,0.0,1.0,1.0,True,0.0,1.0,1.0,True,0.01552739983354623
2,40,43,fixed continuous c,knee,True,11,0.2511482678349503,0.1505431079188416,0.6673041582881978,1.5154544286133387e-12,-15.50176790255217,16.7746942947516,0.0,1.0,1.0,True,0.0,1.0,1.0,True,0.030840962188482646
2,40,43,fixed continuous c,tail,True,14,0.2511482678349503,0.1505431079188416,6.72597329939677e-05,1.1102230246251565e-13,-16.134737537852025,16.141724659451747,0.0,1.0,1.0,True,0.0,1.0,1.0,True,0.003426301066865533
2,40,59,fixed continuous c,deep,True,0,0.17425851780388257,0.12423675147139916,1.0000000000000246,4.585221091701897e-13,-12.392891984991858,21.942566353268795,0.0,1.0,1.0,False,0.0,1.0,1.0,False,3.774837184138444
2,40,59,fixed continuous c,edge,True,7,0.17425851780388257,0.12423675147139916,0.9999999405392644,4.629630012686903e-13,-16.152194253240598,18.183264085020053,0.0,1.0,1.0,True,0.0,1.0,1.0,True,0.015534975350463553
2,40,59,fixed continuous c,knee,True,11,0.17425851780388257,0.12423675147139916,0.6673041582881978,1.5154544286133387e-12,-16.521434471695915,17.814023866564735,0.0,1.0,1.0,True,0.0,1.0,1.0,True,0.021009460853787854
2,40,59,fixed continuous c,tail,True,14,0.17425851780388257,0.12423675147139916,6.72597329939677e-05,1.1102230246251565e-13,-17.16422140358842,17.17123693467223,0.0,1.0,1.0,True,0.0,1.0,1.0,True,0.0034405058089091115
2,40,75,fixed continuous c,deep,True,0,0.13425416850960079,0.1091607355838062,1.0000000000000246,4.585221091701897e-13,-13.177694851499378,22.727371817487896,0.0,1.0,1.0,False,0.0,1.0,1.0,False,3.7748384829942347
2,40,75,fixed continuous c,edge,True,7,0.13425416850960079,0.1091607355838062,0.9999999405392644,4.629630012686903e-13,-16.936993031236174,18.9680736377511,0.0,1.0,1.0,True,0.0,1.0,1.0,True,0.015540362718200362
2,40,75,fixed continuous c,knee,True,11,0.13425416850960079,0.1091607355838062,0.6673041582881978,1.5154544286133387e-12,-17.300622923478002,18.604443745509272,0.0,1.0,1.0,True,0.0,1.0,1.0,True,0.01539374727256182
2,40,75,fixed continuous c,tail,True,14,0.13425416850960079,0.1091607355838062,6.72597329939677e-05,1.1102230246251565e-13,-17.949018240593507,17.956048428393768,0.0,1.0,1.0,True,0.0,1.0,1.0,True,0.0034478341671368043
2,40,107,fixed continuous c,deep,True,0,0.09249619632521491,0.09249619632521491,1.0000000000000246,4.585221091701897e-13,-14.344746159660723,23.894426120174025,0.0,1.0,1.0,False,0.0,1.0,1.0,False,3.774839980256626
2,40,107,fixed continuous c,edge,True,7,0.09249619632521491,0.09249619632521491,0.9999999405392644,4.629630012686903e-13,-18.10403897633231,20.13513330350244,0.0,1.0,1.0,True,0.0,1.0,1.0,True,0.015547223045801473
2,40,107,fixed continuous c,knee,True,11,0.09249619632521491,0.09249619632521491,0.6673041582881978,1.5154544286133387e-12,-18.461470398522362,19.777701881312385,0.0,1.0,1.0,True,0.0,1.0,1.0,True,0.009188416893185836
2,40,107,fixed continuous c,tail,True,14,0.09249619632521491,0.09249619632521491,6.72597329939677e-05,1.1102230246251565e-13,-19.116063554030983,19.123108725803764,0.0,1.0,1.0,True,0.0,1.0,1.0,True,0.0034553261533947803
2,80,29,fixed continuous c,deep,True,0,3.7273267044204044,0.38533875637813736,1.000000000000014,5.728750807065808e-13,-10.093503347794675,19.64357210024152,0.0,1.0,1.0,False,0.0,1.0,1.0,False,3.7750343762234086
2,80,29,fixed continuous c,edge,True,19,3.7273267044204044,0.38533875637813736,0.9999999632343759,1.1102230246251565e-13,-13.861893992414384,15.87518145562181,0.0,1.0,1.0,True,0.0,1.0,1.0,True,0.00664376836933811
2,80,29,fixed continuous c,knee,True,24,3.7273267044204044,0.38533875637813736,0.4821353834639478,8.198997036856781e-13,-14.536475943962255,15.200599504073939,0.0,1.0,1.0,True,0.0,1.0,1.0,True,0.15007360340810577
2,80,29,fixed continuous c,tail,True,27,3.7273267044204044,0.38533875637813736,8.282452064142e-05,1.1102230246251565e-13,-14.86760520407902,14.869470243957174,0.0,1.0,1.0,True,0.0,1.0,1.0,True,0.0008496954184361747
2,80,32,fixed continuous c,deep,True,0,1.8390856707755296,0.34654465531964745,1.000000000000014,5.728750807065808e-13,-10.41011397781156,19.960182738878505,0.0,1.0,1.0,False,0.0,1.0,1.0,False,3.775034380533457
2,80,32,fixed continuous c,edge,True,19,1.8390856707755296,0.34654465531964745,0.9999999632343759,1.1102230246251565e-13,-14.178503584369878,16.191793132320186,0.0,1.0,1.0,True,0.0,1.0,1.0,True,0.006644810740778606
2,80,32,fixed continuous c,knee,True,24,1.8390856707755296,0.34654465531964745,0.4821353834639478,8.198997036856781e-13,-14.827894004424985,15.542402712265078,0.0,1.0,1.0,True,0.0,1.0,1.0,True,0.12488102954390068
2,80,32,fixed continuous c,tail,True,27,1.8390856707755296,0.34654465531964745,8.282452064142e-05,1.1102230246251565e-13,-15.18420060090262,15.186096115787443,0.0,1.0,1.0,True,0.0,1.0,1.0,True,0.0008649329217687462
2,80,36,fixed continuous c,deep,True,0,1.1310729958765984,0.31211793411835087,1.000000000000014,5.728750807065808e-13,-10.79004050408354,20.340109337225055,0.0,1.0,1.0,False,0.0,1.0,1.0,False,3.775034416570743
2,80,36,fixed continuous c,edge,True,19,1.1310729958765984,0.31211793411835087,0.9999999632343759,1.1102230246251565e-13,-14.558429536962242,16.57172030434635,0.0,1.0,1.0,True,0.0,1.0,1.0,True,0.006645420457678686
2,80,36,fixed continuous c,knee,True,24,1.1310729958765984,0.31211793411835087,0.4821353834639478,8.198997036856781e-13,-15.187133589568498,15.943016251740096,0.0,1.0,1.0,True,0.0,1.0,1.0,True,0.10419405237814866
2,80,36,fixed continuous c,tail,True,27,1.1310729958765984,0.31211793411835087,8.282452064142e-05,1.1102230246251565e-13,-15.564118274304715,15.56603156700388,0.0,1.0,1.0,True,0.0,1.0,1.0,True,0.0008738218289414648
2,80,44,fixed continuous c,deep,True,0,0.667238554856005,0.26885003698398585,1.000000000000014,5.728750807065808e-13,-11.439882744344045,20.989951859919262,0.0,1.0,1.0,False,0.0,1.0,1.0,False,3.7750345577875946
2,80,44,fixed continuous c,edge,True,19,0.667238554856005,0.26885003698398585,0.9999999632343759,1.1102230246251565e-13,-15.208271690210191,17.221562914053113,0.0,1.0,1.0,True,0.0,1.0,1.0,True,0.0066456486870851705
2,80,44,fixed continuous c,knee,True,24,0.667238554856005,0.26885003698398585,0.4821353834639478,8.198997036856781e-13,-15.812790437303505,16.6170441669598,0.0,1.0,1.0,True,0.0,1.0,1.0,True,0.08000851863579928
2,80,44,fixed continuous c,tail,True,27,0.667238554856005,0.26885003698398585,8.282452064142e-05,1.1102230246251565e-13,-16.213952023894574,16.21588258036873,0.0,1.0,1.0,True,0.0,1.0,1.0,True,0.0008824537164369767
2,80,56,fixed continuous c,deep,True,0,0.4303990746261423,0.23130021536312498,1.000000000000014,5.728750807065808e-13,-12.224602803446565,21.774672404072966,0.0,1.0,1.0,False,0.0,1.0,1.0,False,3.775034800313187
2,80,56,fixed continuous c,edge,True,19,0.4303990746261423,0.23130021536312498,0.9999999632343759,1.1102230246251565e-13,-15.992991979708076,18.006283227811455,0.0,1.0,1.0,True,0.0,1.0,1.0,True,0.006645660817313548
2,80,56,fixed continuous c,knee,True,24,0.4303990746261423,0.23130021536312498,0.4821353834639478,8.198997036856781e-13,-16.577788671629442,17.42148653589009,0.0,1.0,1.0,True,0.0,1.0,1.0,True,0.06028645133362526
2,80,56,fixed continuous c,tail,True,27,0.4303990746261423,0.23130021536312498,8.282452064142e-05,1.1102230246251565e-13,-16.998665933067873,17.00060927445166,0.0,1.0,1.0,True,0.0,1.0,1.0,True,0.0008888461712530639
2,80,72,fixed continuous c,deep,True,0,0.3002232384255159,0.2024263559406555,1.000000000000014,5.728750807065808e-13,-13.04603268102811,22.596102819879786,0.0,1.0,1.0,False,0.0,1.0,1.0,False,3.7750350694258232
2,80,72,fixed continuous c,edge,True,19,0.3002232384255159,0.2024263559406555,0.9999999632343759,1.1102230246251565e-13,-16.814422041613174,18.827713459294724,0.0,1.0,1.0,True,0.0,1.0,1.0,True,0.00664574560639819
2,80,72,fixed continuous c,knee,True,24,0.3002232384255159,0.2024263559406555,0.4821353834639478,8.198997036856781e-13,-17.384648353594,18.2574871473139,0.0,1.0,1.0,True,0.0,1.0,1.0,True,0.04571598660399745
2,80,72,fixed continuous c,tail,True,27,0.3002232384255159,0.2024263559406555,8.282452064142e-05,1.1102230246251565e-13,-17.820091569510037,17.82204393139786,0.0,1.0,1.0,True,0.0,1.0,1.0,True,0.0008933564232692764
2,80,88,fixed continuous c,deep,True,0,0.2333689991827219,0.1845561620027645,1.000000000000014,5.728750807065808e-13,-13.704176567192178,23.25424710691442,0.0,1.0,1.0,False,0.0,1.0,1.0,False,3.7750352698611067
2,80,88,fixed continuous c,edge,True,19,0.2333689991827219,0.1845561620027645,0.9999999632343759,1.1102230246251565e-13,-17.472565996981494,19.485857677125104,0.0,1.0,1.0,True,0.0,1.0,1.0,True,0.006645876837429121
2,80,88,fixed continuous c,knee,True,24,0.2333689991827219,0.1845561620027645,0.4821353834639478,8.198997036856781e-13,-18.033970783517717,18.92445289058888,0.0,1.0,1.0,True,0.0,1.0,1.0,True,0.036894329928366276
2,80,88,fixed continuous c,tail,True,27,0.2333689991827219,0.1845561620027645,8.282452064142e-05,1.1102230246251565e-13,-18.47823300823193,18.48019066587467,0.0,1.0,1.0,True,0.0,1.0,1.0,True,0.0008960043007288092
2,80,120,fixed continuous c,deep,True,0,0.1634424418488274,0.1634424418488274,1.000000000000014,5.728750807065808e-13,-14.724564368123454,24.274635439520438,0.0,1.0,1.0,False,0.0,1.0,1.0,False,3.7750355356984775
2,80,120,fixed continuous c,edge,True,19,0.1634424418488274,0.1634424418488274,0.9999999632343759,1.1102230246251565e-13,-18.492953807661912,20.506245999981978,0.0,1.0,1.0,True,0.0,1.0,1.0,True,0.006646132925656856
2,80,120,fixed continuous c,knee,True,24,0.1634424418488274,0.1634424418488274,0.4821353834639478,8.198997036856781e-13,-19.044082862738815,19.955116944905075,0.0,1.0,1.0,True,0.0,1.0,1.0,True,0.02661834238081695
2,80,120,fixed continuous c,tail,True,27,0.1634424418488274,0.1634424418488274,8.282452064142e-05,1.1102230246251565e-13,-19.498618087450488,19.500581720193402,0.0,1.0,1.0,True,0.0,1.0,1.0,True,0.0008989918508160593
4,10,6,fixed continuous c,deep,False,,1.3408088837743917,0.16218027809305408,,,,,,,,,,,,,
4,10,6,fixed continuous c,edge,False,,1.3408088837743917,0.16218027809305408,,,,,,,,,,,,,
4,10,6,fixed continuous c,knee,True,1,1.3408088837743917,0.16218027809305408,0.43867839275972675,4.0190073491430667e-13,-16.998455264407013,17.773532352608825,0.0,1.0,1.0,True,0.0,1.0,1.0,True,0.05113984865882121
4,10,6,fixed continuous c,tail,True,3,1.3408088837743917,0.16218027809305408,5.634012777046529e-05,1.1102230246251565e-13,-17.380313826678208,17.39167379033763,0.0,1.0,1.0,True,0.0,1.0,1.0,True,0.0056236417019400135
4,10,9,fixed continuous c,deep,False,,0.7417534801190944,0.13011121346636034,,,,,,,,,,,,,
4,10,9,fixed continuous c,edge,False,,0.7417534801190944,0.13011121346636034,,,,,,,,,,,,,
4,10,9,fixed continuous c,knee,True,1,0.7417534801190944,0.13011121346636034,0.43867839275972675,4.0190073491430667e-13,-17.49978983001825,18.313779656122954,0.0,1.0,1.0,True,0.0,1.0,1.0,True,0.031683479707376005
4,10,9,fixed continuous c,tail,True,3,0.7417534801190944,0.13011121346636034,5.634012777046529e-05,1.1102230246251565e-13,-17.900818061844802,17.912751424296403,0.0,1.0,1.0,True,0.0,1.0,1.0,True,0.005910341098029331
4,10,13,fixed continuous c,deep,False,,0.47631023438429504,0.10838709600747025,,,,,,,,,,,,,
4,10,13,fixed continuous c,edge,False,,0.47631023438429504,0.10838709600747025,,,,,,,,,,,,,
4,10,13,fixed continuous c,knee,True,1,0.47631023438429504,0.10838709600747025,0.43867839275972675,4.0190073491430667e-13,-17.979804079931213,18.82024164875226,0.0,1.0,1.0,True,0.0,1.0,1.0,True,0.018459608349202794
4,10,13,fixed continuous c,tail,True,3,0.47631023438429504,0.10838709600747025,5.634012777046529e-05,1.1102230246251565e-13,-18.393889463223125,18.406156265460346,0.0,1.0,1.0,True,0.0,1.0,1.0,True,0.0060770609908414345
4,10,21,fixed continuous c,deep,False,,0.2821036861319256,0.08809508258981881,,,,,,,,,,,,,
4,10,21,fixed continuous c,edge,False,,0.2821036861319256,0.08809508258981881,,,,,,,,,,,,,
4,10,21,fixed continuous c,knee,True,1,0.2821036861319256,0.08809508258981881,0.43867839275972675,4.0190073491430667e-13,-18.637439423503427,19.502705461082908,0.0,1.0,1.0,True,0.0,1.0,1.0,True,0.006045373969986223
4,10,21,fixed continuous c,tail,True,3,0.2821036861319256,0.08809508258981881,5.634012777046529e-05,1.1102230246251565e-13,-19.063800017640187,19.076344866946148,0.0,1.0,1.0,True,0.0,1.0,1.0,True,0.0062160845252110285
4,10,33,fixed continuous c,deep,False,,0.17634056935241704,0.0751806254818037,,,,,,,,,,,,,
4,10,33,fixed continuous c,edge,False,,0.17634056935241704,0.0751806254818037,,,,,,,,,,,,,
4,10,33,fixed continuous c,knee,True,1,0.17634056935241704,0.0751806254818037,0.43867839275972675,4.0190073491430667e-13,-19.283539589289816,20.164689664002267,0.0,1.0,1.0,True,0.0,1.0,1.0,True,0.0018966445964999634
4,10,33,fixed continuous c,tail,True,3,0.17634056935241704,0.0751806254818037,5.634012777046529e-05,1.1102230246251565e-13,-19.717761309601595,19.73046794369049,0.0,1.0,1.0,True,0.0,1.0,1.0,True,0.00629697691667579
4,10,49,fixed continuous c,deep,False,,0.11787106810149421,0.06743158201904238,,,,,,,,,,,,,
4,10,49,fixed continuous c,edge,False,,0.11787106810149421,0.06743158201904238,,,,,,,,,,,,,
4,10,49,fixed continuous c,knee,True,1,0.11787106810149421,0.06743158201904238,0.43867839275972675,4.0190073491430667e-13,-19.864286060096102,20.7550028612601,0.0,1.0,1.0,True,0.0,1.0,1.0,True,0.006680007822273015
4,10,49,fixed continuous c,tail,True,3,0.11787106810149421,0.06743158201904238,5.634012777046529e-05,1.1102230246251565e-13,-20.303245256609515,20.316043664746687,0.0,1.0,1.0,True,0.0,1.0,1.0,True,0.006342863940816844
4,10,65,fixed continuous c,deep,False,,0.08858473670159123,0.06338269187690052,,,,,,,,,,,,,
4,10,65,fixed continuous c,edge,False,,0.08858473670159123,0.06338269187690052,,,,,,,,,,,,,
4,10,65,fixed continuous c,knee,True,1,0.08858473670159123,0.06338269187690052,0.43867839275972675,4.0190073491430667e-13,-20.28611415519463,21.18184113607658,0.0,1.0,1.0,True,0.0,1.0,1.0,True,0.009185097681251142
4,10,65,fixed continuous c,tail,True,3,0.08858473670159123,0.06338269187690052,5.634012777046529e-05,1.1102230246251565e-13,-20.7275552274365,20.74040006383471,0.0,1.0,1.0,True,0.0,1.0,1.0,True,0.006366078071332682
4,10,97,fixed continuous c,deep,False,,0.059207772887353925,0.059207772887353925,,,,,,,,,,,,,
4,10,97,fixed continuous c,edge,False,,0.059207772887353925,0.059207772887353925,,,,,,,,,,,,,
4,10,97,fixed continuous c,knee,True,1,0.059207772887353925,0.059207772887353925,0.43867839275972675,4.0190073491430667e-13,-20.890850308386064,21.791752097162032,0.0,1.0,1.0,True,0.0,1.0,1.0,True,0.011772501628256826
4,10,97,fixed continuous c,tail,True,3,0.059207772887353925,0.059207772887353925,5.634012777046529e-05,1.1102230246251565e-13,-21.33485538297419,21.347747022573905,0.0,1.0,1.0,True,0.0,1.0,1.0,True,0.006389479672085907
4,20,9,fixed continuous c,deep,False,,1.825006515680802,0.21528884255938166,,,,,,,,,,,,,
4,20,9,fixed continuous c,edge,True,0,1.825006515680802,0.21528884255938166,0.9999999976358277,4.54081217071689e-13,-2.1190074008041506,33.711900063223254,0.0,1.0,1.0,True,0.0,1.0,1.0,True,14.796446333573725
4,20,9,fixed continuous c,knee,True,4,1.825006515680802,0.21528884255938166,0.4926583178053163,8.698597397938101e-13,-17.519988540215987,18.310918923811418,0.0,1.0,1.0,True,0.0,1.0,1.0,True,0.09719312600759983
4,20,9,fixed continuous c,tail,True,6,1.825006515680802,0.21528884255938166,0.00044656409660448287,1.1102230246251565e-13,-17.913846825934062,17.917060638093343,0.0,1.0,1.0,True,0.0,1.0,1.0,True,0.0011603419830361849
4,20,12,fixed continuous c,deep,False,,0.9501119680923679,0.17929337261309464,,,,,,,,,,,,,
4,20,12,fixed continuous c,edge,True,0,0.9501119680923679,0.17929337261309464,0.9999999976358277,4.54081217071689e-13,-2.503699890340851,34.096600838933895,0.0,1.0,1.0,True,0.0,1.0,1.0,True,14.796450476660697
4,20,12,fixed continuous c,knee,True,4,0.9501119680923679,0.17929337261309464,0.4926583178053163,8.698597397938101e-13,-17.880021854317,18.72027887495775,0.0,1.0,1.0,True,0.0,1.0,1.0,True,0.07252980748494281
4,20,12,fixed continuous c,tail,True,6,0.9501119680923679,0.17929337261309464,0.00044656409660448287,1.1102230246251565e-13,-18.298470380915045,18.301830348359704,0.0,1.0,1.0,True,0.0,1.0,1.0,True,0.0012334196257245984
4,20,16,fixed continuous c,deep,False,,0.6035509203580145,0.1523096102266225,,,,,,,,,,,,,
4,20,16,fixed continuous c,edge,True,0,0.6035509203580145,0.1523096102266225,0.9999999976358277,4.54081217071689e-13,-2.899794749742168,34.49270463752208,0.0,1.0,1.0,True,0.0,1.0,1.0,True,14.796454946254132
4,20,16,fixed continuous c,knee,True,4,0.6035509203580145,0.1523096102266225,0.4926583178053163,8.698597397938101e-13,-18.258194552458562,19.13430483480569,0.0,1.0,1.0,True,0.0,1.0,1.0,True,0.05460317663175335
4,20,16,fixed continuous c,tail,True,6,0.6035509203580145,0.1523096102266225,0.00044656409660448287,1.1102230246251565e-13,-18.69451442713831,18.697984960125943,0.0,1.0,1.0,True,0.0,1.0,1.0,True,0.0012887023972115805
4,20,24,fixed continuous c,deep,False,,0.36117659750995657,0.12467471669793216,,,,,,,,,,,,,
4,20,24,fixed continuous c,edge,True,0,0.36117659750995657,0.12467471669793216,0.9999999976358277,4.54081217071689e-13,-3.475002002566769,35.067923236042546,0.0,1.0,1.0,True,0.0,1.0,1.0,True,14.79646061910206
4,20,24,fixed continuous c,knee,True,4,0.36117659750995657,0.12467471669793216,0.4926583178053163,8.698597397938101e-13,-18.815401430713898,19.727523807895416,0.0,1.0,1.0,True,0.0,1.0,1.0,True,0.03659712921455588
4,20,24,fixed continuous c,tail,True,6,0.36117659750995657,0.12467471669793216,0.00044656409660448287,1.1102230246251565e-13,-19.269669961877135,19.27325527673218,0.0,1.0,1.0,True,0.0,1.0,1.0,True,0.0013460933309184372
4,20,36,fixed continuous c,deep,False,,0.22982081076089653,0.10558659120637662,,,,,,,,,,,,,
4,20,36,fixed continuous c,edge,True,0,0.22982081076089653,0.10558659120637662,0.9999999976358277,4.54081217071689e-13,-4.066384984382527,35.65931509601222,0.0,1.0,1.0,True,0.0,1.0,1.0,True,14.796465058179018
4,20,36,fixed continuous c,knee,True,4,0.22982081076089653,0.10558659120637662,0.4926583178053163,8.698597397938101e-13,-19.394492116981116,20.33120796341363,0.0,1.0,1.0,True,0.0,1.0,1.0,True,0.024300394589059804
4,20,36,fixed continuous c,tail,True,6,0.22982081076089653,0.10558659120637662,0.00044656409660448287,1.1102230246251565e-13,-19.861017900065743,19.864682180329,0.0,1.0,1.0,True,0.0,1.0,1.0,True,0.0013855760350262878
4,20,52,fixed continuous c,deep,False,,0.15599869415738113,0.09346980106983777,,,,,,,,,,,,,
4,20,52,fixed continuous c,edge,True,0,0.15599869415738113,0.09346980106983777,0.9999999976358277,4.54081217071689e-13,-4.613434238202593,36.20637031101463,0.0,1.0,1.0,True,0.0,1.0,1.0,True,14.796468038770191
4,20,52,fixed continuous c,knee,True,4,0.15599869415738113,0.09346980106983777,0.4926583178053163,8.698597397938101e-13,-19.93377580459442,20.886028744622806,0.0,1.0,1.0,True,0.0,1.0,1.0,True,0.016531847791124377
4,20,52,fixed continuous c,tail,True,6,0.15599869415738113,0.09346980106983777,0.00044656409660448287,1.1102230246251565e-13,-20.408045490333713,20.41175905888351,0.0,1.0,1.0,True,0.0,1.0,1.0,True,0.001410220178293424
4,20,68,fixed continuous c,deep,False,,0.11836532208517979,0.08691748184720127,,,,,,,,,,,,,
4,20,68,fixed continuous c,edge,True,0,0.11836532208517979,0.08691748184720127,0.9999999976358277,4.54081217071689e-13,-5.017430038692228,36.61036941265894,0.0,1.0,1.0,True,0.0,1.0,1.0,True,14.796469689347527
4,20,68,fixed continuous c,knee,True,4,0.11836532208517979,0.08691748184720127,0.4926583178053163,8.698597397938101e-13,-20.333579800390375,21.29421965096079,0.0,1.0,1.0,True,0.0,1.0,1.0,True,0.01233839252010921
4,20,68,fixed continuous c,tail,True,6,0.11836532208517979,0.08691748184720127,0.00044656409660448287,1.1102230246251565e-13,-20.81202983891749,20.815769612433677,0.0,1.0,1.0,True,0.0,1.0,1.0,True,0.0014233226614895635
4,20,100,fixed continuous c,deep,False,,0.07998938421917,0.07998938421917,,,,,,,,,,,,,
4,20,100,fixed continuous c,edge,True,0,0.07998938421917,0.07998938421917,0.9999999976358277,4.54081217071689e-13,-5.603689275701324,37.19663218406888,0.0,1.0,1.0,True,0.0,1.0,1.0,True,14.79647145654795
4,20,100,fixed continuous c,knee,True,4,0.07998938421917,0.07998938421917,0.4926583178053163,8.698597397938101e-13,-20.915410253666654,21.88491120610355,0.0,1.0,1.0,True,0.0,1.0,1.0,True,0.007907841586868414
4,20,100,fixed continuous c,tail,True,6,0.07998938421917,0.07998938421917,0.00044656409660448287,1.1102230246251565e-13,-21.39827720979811,21.402044249972093,0.0,1.0,1.0,True,0.0,1.0,1.0,True,0.0014369559903872635
4,40,16,fixed continuous c,deep,True,0,2.347924420604573,0.26885263587397384,1.000000000000024,4.651834473179406e-13,-2.901615414225675,34.497473743355656,0.0,1.0,1.0,False,0.0,1.0,1.0,False,14.797929164564966
4,40,16,fixed continuous c,edge,True,6,2.347924420604573,0.26885263587397384,0.9999999558410161,4.640732242933154e-13,-17.693331136637585,19.705758020943744,0.0,1.0,1.0,True,0.0,1.0,1.0,True,0.006213486312062977
4,40,16,fixed continuous c,knee,True,10,2.347924420604573,0.26885263587397384,0.6971575499716304,1.4299672557172016e-12,-18.09299108302445,19.30609807455688,0.0,1.0,1.0,True,0.0,1.0,1.0,True,0.09060405420541617
4,40,16,fixed continuous c,tail,True,13,2.347924420604573,0.26885263587397384,8.045245057325473e-05,1.1102230246251565e-13,-18.699148425583772,18.699940731997557,0.0,1.0,1.0,True,0.0,1.0,1.0,True,0.00031570075632019617
4,40,19,fixed continuous c,deep,True,0,1.2598387343990325,0.23748496780597864,1.000000000000024,4.651834473179406e-13,-3.143278371293121,34.73913710216803,0.0,1.0,1.0,False,0.0,1.0,1.0,False,14.79792936543743
4,40,19,fixed continuous c,edge,True,6,1.2598387343990325,0.23748496780597864,0.9999999558410161,4.640732242933154e-13,-17.934993787125943,19.947421686335208,0.0,1.0,1.0,True,0.0,1.0,1.0,True,0.006213993763615977
4,40,19,fixed continuous c,knee,True,10,1.2598387343990325,0.23748496780597864,0.6971575499716304,1.4299672557172016e-12,-18.317840614395543,19.56457485906561,0.0,1.0,1.0,True,0.0,1.0,1.0,True,0.07379042763659738
4,40,19,fixed continuous c,tail,True,13,1.2598387343990325,0.23748496780597864,8.045245057325473e-05,1.1102230246251565e-13,-18.940802432713273,18.941613040747878,0.0,1.0,1.0,True,0.0,1.0,1.0,True,0.00032485156673069647
4,40,23,fixed continuous c,deep,True,0,0.808540061103396,0.21079019737599114,1.000000000000024,4.651834473179406e-13,-3.415836613458709,35.01169599981873,0.0,1.0,1.0,False,0.0,1.0,1.0,False,14.797929693179984
4,40,23,fixed continuous c,edge,True,6,0.808540061103396,0.21079019737599114,0.9999999558410161,4.640732242933154e-13,-18.207552287567108,20.219980325710328,0.0,1.0,1.0,True,0.0,1.0,1.0,True,0.006214063230593259
4,40,23,fixed continuous c,knee,True,10,0.808540061103396,0.21079019737599114,0.6971575499716304,1.4299672557172016e-12,-18.57621163312802,19.851320980149417,0.0,1.0,1.0,True,0.0,1.0,1.0,True,0.0596028764609321
4,40,23,fixed continuous c,tail,True,13,0.808540061103396,0.21079019737599114,8.045245057325473e-05,1.1102230246251565e-13,-19.21335379118843,19.214178822089007,0.0,1.0,1.0,True,0.0,1.0,1.0,True,0.00033206299971544323
4,40,31,fixed continuous c,deep,True,0,0.4918659436756343,0.17974875105984375,1.000000000000024,4.651834473179406e-13,-3.8488709177622336,35.44473148921637,0.0,1.0,1.0,False,0.0,1.0,1.0,False,14.797930285727045
4,40,31,fixed continuous c,edge,True,6,0.4918659436756343,0.17974875105984375,0.9999999558410161,4.640732242933154e-13,-18.640587126671765,20.653015280306843,0.0,1.0,1.0,True,0.0,1.0,1.0,True,0.00621412097652263
4,40,31,fixed continuous c,knee,True,10,0.4918659436756343,0.17974875105984375,0.6971575499716304,1.4299672557172016e-12,-18.992821342253272,20.300781064725335,0.0,1.0,1.0,True,0.0,1.0,1.0,True,0.04317768873560057
4,40,31,fixed continuous c,tail,True,13,0.4918659436756343,0.17974875105984375,8.045245057325473e-05,1.1102230246251565e-13,-19.646380248542812,19.647222158435795,0.0,1.0,1.0,True,0.0,1.0,1.0,True,0.0003405024959201502
4,40,43,fixed continuous c,deep,True,0,0.32003464986967955,0.15545273614287763,1.000000000000024,4.651834473179406e-13,-4.332007011859426,35.927868822128765,0.0,1.0,1.0,False,0.0,1.0,1.0,False,14.797930905134645
4,40,43,fixed continuous c,edge,True,6,0.32003464986967955,0.15545273614287763,0.9999999558410161,4.640732242933154e-13,-19.123723543027605,21.136152290960585,0.0,1.0,1.0,True,0.0,1.0,1.0,True,0.006214418125473853
4,40,43,fixed continuous c,knee,True,10,0.32003464986967955,0.15545273614287763,0.6971575499716304,1.4299672557172016e-12,-19.463099527478445,20.796776306509745,0.0,1.0,1.0,True,0.0,1.0,1.0,True,0.030319160455980154
4,40,43,fixed continuous c,tail,True,13,0.32003464986967955,0.15545273614287763,8.045245057325473e-05,1.1102230246251565e-13,-20.129510229477052,20.130365604511137,0.0,1.0,1.0,True,0.0,1.0,1.0,True,0.00034723506647011776
4,40,59,fixed continuous c,deep,True,0,0.22205513983009037,0.13848625014325713,1.000000000000024,4.651834473179406e-13,-4.805735762490302,36.40159857712838,0.0,1.0,1.0,False,0.0,1.0,1.0,False,14.797931407319016
4,40,59,fixed continuous c,edge,True,6,0.22205513983009037,0.13848625014325713,0.9999999558410161,4.640732242933154e-13,-19.597452361352843,21.60988197826584,0.0,1.0,1.0,True,0.0,1.0,1.0,True,0.006214852615481603
4,40,59,fixed continuous c,knee,True,10,0.22205513983009037,0.13848625014325713,0.6971575499716304,1.4299672557172016e-12,-19.927818759811338,21.279515579807345,0.0,1.0,1.0,True,0.0,1.0,1.0,True,0.021309139973626046
4,40,59,fixed continuous c,tail,True,13,0.22205513983009037,0.13848625014325713,8.045245057325473e-05,1.1102230246251565e-13,-20.603234788187645,20.604099551431037,0.0,1.0,1.0,True,0.0,1.0,1.0,True,0.00035192917112348475
4,40,75,fixed continuous c,deep,True,0,0.17107816901509126,0.12871588361358155,1.000000000000024,4.651834473179406e-13,-5.168510927091721,36.764374362100476,0.0,1.0,1.0,False,0.0,1.0,1.0,False,14.797931717504355
4,40,75,fixed continuous c,edge,True,6,0.17107816901509126,0.12871588361358155,0.9999999558410161,4.640732242933154e-13,-19.960227482413526,21.972657806778674,0.0,1.0,1.0,True,0.0,1.0,1.0,True,0.006215206341557367
4,40,75,fixed continuous c,knee,True,10,0.17107816901509126,0.12871588361358155,0.6971575499716304,1.4299672557172016e-12,-20.28538600700228,21.64749928218992,0.0,1.0,1.0,True,0.0,1.0,1.0,True,0.01610091237780986
4,40,75,fixed continuous c,tail,True,13,0.17107816901509126,0.12871588361358155,8.045245057325473e-05,1.1102230246251565e-13,-20.9660076015991,20.9668776875931,0.0,1.0,1.0,True,0.0,1.0,1.0,True,0.0003545905464293889
4,40,107,fixed continuous c,deep,True,0,0.11786658160298816,0.11786658160298816,1.000000000000024,4.651834473179406e-13,-5.7099512045136755,37.30581535651767,0.0,1.0,1.0,False,0.0,1.0,1.0,False,14.79793207600197
4,40,107,fixed continuous c,edge,True,6,0.11786658160298816,0.11786658160298816,0.9999999558410161,4.640732242933154e-13,-20.501667627553257,22.514098933478085,0.0,1.0,1.0,True,0.0,1.0,1.0,True,0.006215697121398356
4,40,107,fixed continuous c,knee,True,10,0.11786658160298816,0.11786658160298816,0.6971575499716304,1.4299672557172016e-12,-20.821020941384408,22.194745619646934,0.0,1.0,1.0,True,0.0,1.0,1.0,True,0.01029521084036733
4,40,107,fixed continuous c,tail,True,13,0.11786658160298816,0.11786658160298816,8.045245057325473e-05,1.1102230246251565e-13,-21.507445349462245,21.508321211569097,0.0,1.0,1.0,True,0.0,1.0,1.0,True,0.00035747860285164653
4,80,28,fixed continuous c,deep,True,0,6.618129142404884,0.3754399872559981,1.000000000000014,2.886579864025407e-13,-3.7019113242378485,35.29812038543317,0.0,1.0,1.0,False,0.0,1.0,1.0,False,14.798104530597648
4,80,28,fixed continuous c,edge,True,18,6.618129142404884,0.3754399872559981,0.999999967113174,1.1102230246251565e-13,-18.49483660061356,20.50519510905746,0.0,1.0,1.0,True,0.0,1.0,1.0,True,0.005179287108777797
4,80,28,fixed continuous c,knee,True,23,6.618129142404884,0.3754399872559981,0.4973677275998237,8.26561041833429e-13,-19.153044131321106,19.846987578349914,0.0,1.0,1.0,True,0.0,1.0,1.0,True,0.15039600408542003
4,80,28,fixed continuous c,tail,True,26,6.618129142404884,0.3754399872559981,8.993916234791507e-05,1.1102230246251565e-13,-19.499906514559164,19.500125195111856,0.0,1.0,1.0,True,0.0,1.0,1.0,True,1.9401113996462876e-05
4,80,31,fixed continuous c,deep,True,0,2.5182614418955644,0.34078354165499203,1.000000000000014,2.886579864025407e-13,-3.850518428210022,35.446727491494414,0.0,1.0,1.0,False,0.0,1.0,1.0,False,14.798104531642181
4,80,31,fixed continuous c,edge,True,18,2.5182614418955644,0.34078354165499203,0.999999967113174,1.1102230246251565e-13,-18.6434432629124,20.65380265679204,0.0,1.0,1.0,True,0.0,1.0,1.0,True,0.005179729826645718
4,80,31,fixed continuous c,knee,True,23,2.5182614418955644,0.34078354165499203,0.4973677275998237,8.26561041833429e-13,-19.276592999439437,20.020652920265,0.0,1.0,1.0,True,0.0,1.0,1.0,True,0.12533776718704254
4,80,31,fixed continuous c,tail,True,26,2.5182614418955644,0.34078354165499203,8.993916234791507e-05,1.1102230246251565e-13,-19.64851002230342,19.648735897401018,0.0,1.0,1.0,True,0.0,1.0,1.0,True,2.299838645020121e-05
4,80,35,fixed continuous c,deep,True,0,1.4263064960520588,0.31089967721169626,1.000000000000014,2.886579864025407e-13,-4.028822704334369,35.62503178499211,0.0,1.0,1.0,False,0.0,1.0,1.0,False,14.798104540328854
4,80,35,fixed continuous c,edge,True,18,1.4263064960520588,0.31089967721169626,0.999999967113174,1.1102230246251565e-13,-18.821747141974654,20.832107347351823,0.0,1.0,1.0,True,0.0,1.0,1.0,True,0.005180135575410527
4,80,35,fixed continuous c,knee,True,23,1.4263064960520588,0.31089967721169626,0.4973677275998237,8.26561041833429e-13,-19.434309869435843,20.219544619890634,0.0,1.0,1.0,True,0.0,1.0,1.0,True,0.10475035237242897
4,80,35,fixed continuous c,tail,True,26,1.4263064960520588,0.31089967721169626,8.993916234791507e-05,1.1102230246251565e-13,-19.826809704559196,19.82704478476728,0.0,1.0,1.0,True,0.0,1.0,1.0,True,2.760094169327298e-05
4,80,43,fixed continuous c,deep,True,0,0.8019930665531706,0.27434800233664625,1.000000000000014,2.886579864025407e-13,-4.333761761691241,35.92997091004643,0.0,1.0,1.0,False,0.0,1.0,1.0,False,14.79810457417758
4,80,43,fixed continuous c,edge,True,18,0.8019930665531706,0.27434800233664625,0.999999967113174,1.1102230246251565e-13,-19.126685989866775,21.137046681870896,0.0,1.0,1.0,True,0.0,1.0,1.0,True,0.005180378888885229
4,80,43,fixed continuous c,knee,True,23,0.8019930665531706,0.27434800233664625,0.4973677275998237,8.26561041833429e-13,-19.71515689073866,20.548575780999013,0.0,1.0,1.0,True,0.0,1.0,1.0,True,0.08065828246964685
4,80,43,fixed continuous c,tail,True,26,0.8019930665531706,0.27434800233664625,8.993916234791507e-05,1.1102230246251565e-13,-20.13173961985307,20.1319930518846,0.0,1.0,1.0,True,0.0,1.0,1.0,True,3.677685341724928e-05
4,80,55,fixed continuous c,deep,True,0,0.5064042766175618,0.24336882554114642,1.000000000000014,2.886579864025407e-13,-4.701945167689183,36.29815443167224,0.0,1.0,1.0,False,0.0,1.0,1.0,False,14.798104631991514
4,80,55,fixed continuous c,edge,True,18,0.5064042766175618,0.24336882554114642,0.999999967113174,1.1102230246251565e-13,-19.494869429336337,21.505230170025083,0.0,1.0,1.0,True,0.0,1.0,1.0,True,0.005180403231200725
4,80,55,fixed continuous c,knee,True,23,0.5064042766175618,0.24336882554114642,0.4973677275998237,8.26561041833429e-13,-20.063672117186464,20.936427482174956,0.0,1.0,1.0,True,0.0,1.0,1.0,True,0.06099004510557571
4,80,55,fixed continuous c,tail,True,26,0.5064042766175618,0.24336882554114642,8.993916234791507e-05,1.1102230246251565e-13,-20.499912149035506,20.500187450325914,0.0,1.0,1.0,True,0.0,1.0,1.0,True,4.771148285698132e-05
4,80,71,fixed continuous c,deep,True,0,0.34964740227634433,0.2199104969170277,1.000000000000014,2.886579864025407e-13,-5.0873192326629,36.683528624335544,0.0,1.0,1.0,False,0.0,1.0,1.0,False,14.798104695836308
4,80,71,fixed continuous c,edge,True,18,0.34964740227634433,0.2199104969170277,0.999999967113174,1.1102230246251565e-13,-19.880243538429188,21.890604318569256,0.0,1.0,1.0,True,0.0,1.0,1.0,True,0.005180422956861608
4,80,71,fixed continuous c,knee,True,23,0.34964740227634433,0.2199104969170277,0.4973677275998237,8.26561041833429e-13,-20.43450155162992,21.336346305368522,0.0,1.0,1.0,True,0.0,1.0,1.0,True,0.046445350730524027
4,80,71,fixed continuous c,tail,True,26,0.34964740227634433,0.2199104969170277,8.993916234791507e-05,1.1102230246251565e-13,-20.88527673322056,20.885571123777883,0.0,1.0,1.0,True,0.0,1.0,1.0,True,5.725611631238466e-05
4,80,87,fixed continuous c,deep,True,0,0.27050806934221056,0.20551457591677627,1.000000000000014,2.886579864025407e-13,-5.396071841267869,36.99228132769652,0.0,1.0,1.0,False,0.0,1.0,1.0,False,14.79810474321431
4,80,87,fixed continuous c,edge,True,18,0.27050806934221056,0.20551457591677627,0.999999967113174,1.1102230246251565e-13,-20.188996143252528,22.19935702571186,0.0,1.0,1.0,True,0.0,1.0,1.0,True,0.0051804741164912516
4,80,87,fixed continuous c,knee,True,23,0.27050806934221056,0.20551457591677627,0.4973677275998237,8.26561041833429e-13,-20.734442181773897,21.65391098719049,0.0,1.0,1.0,True,0.0,1.0,1.0,True,0.03763332489152815
4,80,87,fixed continuous c,tail,True,26,0.27050806934221056,0.20551457591677627,8.993916234791507e-05,1.1102230246251565e-13,-21.19402332664549,21.194329842318897,0.0,1.0,1.0,True,0.0,1.0,1.0,True,6.331867435726917e-05
4,80,119,fixed continuous c,deep,True,0,0.1885986524932342,0.1885986524932342,1.000000000000014,2.886579864025407e-13,-5.874744759903728,37.47095437158507,0.0,1.0,1.0,False,0.0,1.0,1.0,False,14.798104805840657
4,80,119,fixed continuous c,edge,True,18,0.1885986524932342,0.1885986524932342,0.999999967113174,1.1102230246251565e-13,-20.66766900233587,22.67803012915293,0.0,1.0,1.0,True,0.0,1.0,1.0,True,0.0051805962953549445
4,80,119,fixed continuous c,knee,True,23,0.1885986524932342,0.1885986524932342,0.4973677275998237,8.26561041833429e-13,-21.202844595548072,22.142854535940728,0.0,1.0,1.0,True,0.0,1.0,1.0,True,0.027362757403495586
4,80,119,fixed continuous c,tail,True,26,0.1885986524932342,0.1885986524932342,8.993916234791507e-05,1.1102230246251565e-13,-21.672689269925108,21.673009861563692,0.0,1.0,1.0,True,0.0,1.0,1.0,True,7.03566569449651e-05
