record_type,n,c,M_n_c,m_knee,parameter_path,path,N,epsilon_over_pi,omega,h,e_lambda,e_Rayleigh,Gamma,next_zero_normalized,half_mesh_scaled,matrix_audit_passed,Rayleigh_fit_slope,Rayleigh_fit_reported,Rayleigh_fit_compatible,oracle_deviation_from_half_mesh,oracle_absolute_deviation_over_h,oracle_O_h_support_case
fixed_offset,0,10,3,3,fixed continuous c,large_N,8,0.4983675587531871,0.38583016507126144,0.1212121212121212,0.009481558039647231,0.009334185591964167,-21.818109198383656,,0.6353080068530612,True,2.0057676665108284,True,True,,,
fixed_offset,0,10,3,3,fixed continuous c,large_N,11,0.49882251205322137,0.28294212105225836,0.08888888888888889,0.004880859267994642,0.0048434118852268004,-21.402856796022082,,0.6129943167240169,True,2.0057676665108284,True,True,,,
fixed_offset,0,10,3,3,fixed continuous c,large_N,15,0.4991416037947236,0.20872779421887913,0.06557377049180328,0.002598332715701257,0.0025879466306826804,-21.264817550179576,,0.6018593382981408,True,2.0057676665108284,True,True,,,
fixed_offset,0,10,3,3,fixed continuous c,large_N,23,0.4994433605439101,0.13690747792851213,0.043010752688172046,0.001101695749584769,0.0010998553132871292,-21.24754793379672,,0.5945405377887737,True,2.0057676665108284,True,True,,,
fixed_offset,0,10,3,3,fixed continuous c,large_N,35,0.49963555505556473,0.09030067693157183,0.028368794326241138,0.00047635752855693103,0.0004760155365051144,-21.294753110866814,,0.5914790550786361,True,2.0057676665108284,True,True,,,
fixed_offset,0,10,3,3,fixed continuous c,large_N,51,0.499750446774102,0.062109246084642085,0.01951219512195122,0.00022479820004198126,0.00022472222594788205,-21.34523791552132,,0.5902469715912338,True,2.0057676665108284,True,True,,,
fixed_offset,0,10,3,3,fixed continuous c,large_N,67,0.4998102627421484,0.047332325083091556,0.014869888475836432,0.00013043496888348605,0.00013040941447675647,-21.378287055906764,,0.5897847275595358,True,2.0057676665108284,True,True,,,
fixed_offset,0,10,3,3,fixed continuous c,large_N,99,0.499871746197756,0.03207152505630133,0.010075566750629723,5.984347145759905e-05,5.983809606516233e-05,-21.4171818000154,,0.5894389051708856,True,2.0057676665108284,True,True,,,
fixed_offset,0,10,3,3,fixed continuous c,half_mesh,8,0.5,0.38575383531709323,0.12118814151262669,0.009917201461727893,0.009785795928027557,,,0.6663093445881408,True,2.006224191556744,True,True,,,
fixed_offset,0,10,3,3,fixed continuous c,half_mesh,11,0.5,0.28291250984600624,0.08887958625408632,0.005109370697314514,0.005076035304233895,,,0.6425702070636464,True,2.006224191556744,True,True,,,
fixed_offset,0,10,3,3,fixed continuous c,half_mesh,15,0.5,0.20871604595252988,0.06557007966507776,0.0027206791871243197,0.0027114378241806236,,,0.6306497493660562,True,2.006224191556744,True,True,,,
fixed_offset,0,10,3,3,fixed continuous c,half_mesh,23,0.5,0.13690420023906882,0.04300972297166446,0.0011535774475884275,0.0011519396859886455,,,0.6227252133653945,True,2.006224191556744,True,True,,,
fixed_offset,0,10,3,3,fixed continuous c,half_mesh,35,0.5,0.09029974333483588,0.02836850102817643,0.000498733293779835,0.0004984288566982353,,,0.6193418126336298,True,2.006224191556744,True,True,,,
fixed_offset,0,10,3,3,fixed continuous c,half_mesh,51,0.5,0.062108943655622646,0.01951210011107265,0.00023533110407078506,0.00023526345149871286,,,0.6179401771939483,True,2.006224191556744,True,True,,,
fixed_offset,0,10,3,3,fixed continuous c,half_mesh,67,0.5,0.04733219154137808,0.014869846522469832,0.00013653671298996528,0.00013651395310690373,,,0.6173963688427856,True,2.006224191556744,True,True,,,
fixed_offset,0,10,3,3,fixed continuous c,half_mesh,99,0.5,0.032071483612576224,0.01007555373069949,6.263774935783006e-05,6.263296071692959e-05,,,0.6169714886368884,True,2.006224191556744,True,True,,,
fixed_offset,0,10,3,3,fixed continuous c,next_zero,8,0.9998137720693441,0.3637226104406057,0.11426682809047091,0.11498614839398158,0.04987964976355469,0.403942263686517,0.2018959065113877,,True,0.9076973333658701,True,True,,,
fixed_offset,0,10,3,3,fixed continuous c,next_zero,11,0.9998998872438296,0.2708771936570008,0.08509858016178533,0.08717672451690109,0.05707909604940878,0.6205774979276848,0.3102266212401075,,True,0.9076973333658701,True,True,,,
fixed_offset,0,10,3,3,fixed continuous c,next_zero,15,0.9999455283123362,0.20209119973127931,0.06348882284309347,0.06591284751724955,0.05113010601833959,0.7450424540825077,0.3724806433213988,,True,0.9076973333658701,True,True,,,
fixed_offset,0,10,3,3,fixed continuous c,next_zero,23,0.9999765681010185,0.13402220632356526,0.04210431788040082,0.044300340345969136,0.038509743560706744,0.8460940284273821,0.4230271886238882,,True,0.9076973333658701,True,True,,,
fixed_offset,0,10,3,3,fixed continuous c,next_zero,35,0.9999898067942605,0.08903684812250774,0.02797175079604605,0.02969563023439034,0.02731843370414938,0.9034399371393571,0.4517107596205261,,True,0.9076973333658701,True,True,,,
fixed_offset,0,10,3,3,fixed continuous c,next_zero,51,0.9999951779533655,0.061508865868611165,0.01932358011434688,0.02062853543956797,0.019541545699211932,0.9354698501744629,0.4677304142079887,,True,0.9076973333658701,True,True,,,
fixed_offset,0,10,3,3,fixed continuous c,next_zero,67,0.999997199530513,0.04698287939497158,0.014760106875173798,0.015803373616802924,0.015183042099605693,0.9515377280065068,0.47576619925088043,,True,0.9076973333658701,True,True,,,
fixed_offset,0,10,3,3,fixed continuous c,next_zero,99,0.9999987142645901,0.03191072491423412,0.010025049896128268,0.010766670744037476,0.010486907080693358,0.9676454968050477,0.4838215042664444,,True,0.9076973333658701,True,True,,,
fixed_offset,0,10,3,3,fixed continuous c,left_control,8,0.25,0.3978061833270008,0.12497449830927002,-0.06440624448017968,-0.07488948205187718,1.1086225459526535,,,True,1.016340205899613,True,,,,
fixed_offset,0,10,3,3,fixed continuous c,left_control,11,0.25,0.28934165141189716,0.09089936064531548,-0.04730349659376287,-0.052676466250212384,1.0721118249198602,,,True,1.016340205899613,True,,,,
fixed_offset,0,10,3,3,fixed continuous c,left_control,15,0.25,0.21219444766195023,0.06666285179073267,-0.0349810300272409,-0.03784435740031855,1.0502713734656688,,,True,1.016340205899613,True,,,,
fixed_offset,0,10,3,3,fixed continuous c,left_control,23,0.25,0.13839225335866395,0.0434772086465316,-0.02302377757765256,-0.024243217318617782,1.031603680099816,,,True,1.016340205899613,True,,,,
fixed_offset,0,10,3,3,fixed continuous c,left_control,35,0.25,0.09094473478540262,0.028571131068449298,-0.015228944940906153,-0.015758704770558518,1.0204162533504642,,,True,1.016340205899613,True,,,,
fixed_offset,0,10,3,3,fixed continuous c,left_control,51,0.25,0.06241339777202262,0.019607747192616383,-0.010494947378213937,-0.010745842320913745,1.013904490402832,,,True,1.016340205899613,True,,,,
fixed_offset,0,10,3,3,fixed continuous c,left_control,67,0.25,0.04750880369623537,0.014925330867293266,-0.00800674708248672,-0.00815262987142068,1.0105505436595554,,,True,1.016340205899613,True,,,,
fixed_offset,0,10,3,3,fixed continuous c,left_control,99,0.25,0.032152472102637455,0.010100997015239659,-0.005431634992575707,-0.005498722032370812,1.0071213551994493,,,True,1.016340205899613,True,,,,
fixed_offset,0,10,3,3,fixed continuous c,right_control,8,0.75,0.37441031282353193,0.11762446881946644,0.06922705217059244,0.056948742844986994,0.8957168575749468,,,True,0.9836225131348392,True,,,,
fixed_offset,0,10,3,3,fixed continuous c,right_control,11,0.75,0.27676286755628204,0.08694761915012605,0.04978694655933466,0.043790456993557714,0.9317642957351971,,,True,0.9836225131348392,True,,,,
fixed_offset,0,10,3,3,fixed continuous c,right_control,15,0.75,0.20534984453616792,0.06451255630106313,0.036302483920270384,0.0332046682129889,0.9522241146324906,,,True,0.9836225131348392,True,,,,
fixed_offset,0,10,3,3,fixed continuous c,right_control,23,0.75,0.13544780707422333,0.04255218356492277,0.023583496175349883,0.022300743266270545,0.9695758034851741,,,True,0.9836225131348392,True,,,,
fixed_offset,0,10,3,3,fixed continuous c,right_control,35,0.75,0.089663836177637,0.02816872490283431,0.015470734774139627,0.014923150837815785,0.9801163225331078,,,True,0.9836225131348392,True,,,,
fixed_offset,0,10,3,3,fixed continuous c,right_control,51,0.75,0.06180744539010729,0.01941738163747134,0.010608976504983408,0.010352327849795423,0.9863513252295304,,,True,0.9836225131348392,True,,,,
fixed_offset,0,10,3,3,fixed continuous c,right_control,67,0.75,0.04715688762102757,0.014814773171637968,0.008072886180812727,0.007924464731980968,0.9895989188186959,,,True,0.9836225131348392,True,,,,
fixed_offset,0,10,3,3,fixed continuous c,right_control,99,0.75,0.03199090209932739,0.010050238301695722,0.005461967578115345,0.005394092712710408,0.9929475965528177,,,True,0.9836225131348392,True,,,,
fixed_offset,0,20,6,6,fixed continuous c,large_N,11,0.49882251205322137,0.5658842421045167,0.08888888888888889,0.009017387339145533,0.007787717444860565,-15.583021562155787,,0.9856329891151652,True,2.009568222776788,True,True,,,
fixed_offset,0,20,6,6,fixed continuous c,large_N,14,0.4990792166152504,0.4467507174509343,0.07017543859649124,0.0051424048180754856,0.004751842235868997,-15.401564433785943,,0.9649209640211479,True,2.009568222776788,True,True,,,
fixed_offset,0,20,6,6,fixed continuous c,large_N,18,0.49928661858863355,0.3488327519822364,0.05479452054794521,0.002977779009497139,0.0028488727362252497,-15.26369089295813,,0.9488526757090221,True,2.009568222776788,True,True,,,
fixed_offset,0,20,6,6,fixed continuous c,large_N,26,0.4995081981113357,0.2425218180447929,0.03809523809523809,0.0013845113536340437,0.0013570032646350039,-15.16929654192564,,0.9350600620375574,True,2.009568222776788,True,True,,,
fixed_offset,0,20,6,6,fixed continuous c,large_N,38,0.49966451479422846,0.1664365417954461,0.0261437908496732,0.0006401729266334866,0.0006343295640745539,-15.146714950492278,,0.9280637978388272,True,2.009568222776788,True,True,,,
fixed_offset,0,20,6,6,fixed continuous c,large_N,54,0.49976437467676826,0.11734926679586755,0.018433179723502304,0.0003156833433721751,0.0003142665195784988,-15.153792229911236,,0.9249060087769957,True,2.009568222776788,True,True,,,
fixed_offset,0,20,6,6,fixed continuous c,large_N,70,0.4998184232599811,0.09062203165374824,0.014234875444839859,0.00018765928550834587,0.00018715919202572096,-15.165010277886187,,0.9236423100964344,True,2.009568222776788,True,True,,,
fixed_offset,0,20,6,6,fixed continuous c,large_N,102,0.4998755275881284,0.062261102432037294,0.009779951100244499,8.8360388193931e-05,8.824961490877525e-05,-15.182680891565921,,0.9226552394721771,True,2.009568222776788,True,True,,,
fixed_offset,0,20,6,6,fixed continuous c,half_mesh,11,0.5,0.5658250196920125,0.08887958625408632,0.00956354093901296,0.008373190030539601,,,1.0599537097819944,True,2.01069602953849,True,True,,,
fixed_offset,0,20,6,6,fixed continuous c,half_mesh,14,0.5,0.4467218519029458,0.0701709044068161,0.005467295300754904,0.005090036053786329,,,1.0337290248753765,True,2.01069602953849,True,True,,,
fixed_offset,0,20,6,6,fixed continuous c,half_mesh,18,0.5,0.34881911685489975,0.05479237874715163,0.0031701613240586735,0.003045800481587202,,,1.0145212322854749,True,2.01069602953849,True,True,,,
fixed_offset,0,20,6,6,fixed continuous c,half_mesh,26,0.5,0.24251727440846574,0.0380945243825128,0.0014752488492683624,0.001448734008470065,,,0.998305683793189,True,2.01069602953849,True,True,,,
fixed_offset,0,20,6,6,fixed continuous c,half_mesh,38,0.5,0.166435082017466,0.0261435615482843,0.0006823292368489109,0.0006766988348755887,,,0.9900700563935901,True,2.01069602953849,True,True,,,
fixed_offset,0,20,6,6,fixed continuous c,half_mesh,54,0.5,0.11734875711220256,0.018433099662579427,0.00033648954798221054,0.0003351245087486743,,,0.9863009421222966,True,2.01069602953849,True,True,,,
fixed_offset,0,20,6,6,fixed continuous c,half_mesh,70,0.5,0.09062179742156959,0.014234838651735273,0.00020002476310693185,0.00019954295835478142,,,0.9847620615688844,True,2.01069602953849,True,True,,,
fixed_offset,0,20,6,6,fixed continuous c,half_mesh,102,0.5,0.062261026639566376,0.009779939194791006,9.41782213429998e-05,9.407149850904073e-05,,,0.9835257909352753,True,2.01069602953849,True,True,,,
fixed_offset,0,20,6,6,fixed continuous c,next_zero,11,0.9998998872438296,0.5417543873140016,0.08509858016178533,0.2011461883619452,0.10115212458200451,0.49798365626611013,0.24894197361669843,,True,0.9121871083552321,True,True,,,
fixed_offset,0,20,6,6,fixed continuous c,next_zero,14,0.999937612820528,0.43158150886415847,0.06779266488364191,0.15971856685606559,0.10830134990029161,0.6692382963909573,0.33457739630577216,,True,0.9121871083552321,True,True,,,
fixed_offset,0,20,6,6,fixed continuous c,next_zero,18,0.9999619675298458,0.33951831628482076,0.053331412409978435,0.12563077846216758,0.09837204640181124,0.7726753994129245,0.38630831295239526,,True,0.9121871083552321,True,True,,,
fixed_offset,0,20,6,6,fixed continuous c,next_zero,26,0.9999816183077846,0.23798448811262427,0.03738251597614739,0.08823067329866269,0.07673534961142875,0.8598413844307294,0.429904886875682,,True,0.9121871083552321,True,True,,,
fixed_offset,0,20,6,6,fixed continuous c,next_zero,38,0.9999913430815629,0.16428758786696362,0.025806233955942028,0.061064513277552246,0.05611350023658235,0.9108055704448464,0.4553949004528878,,True,0.9121871083552321,True,True,,,
fixed_offset,0,20,6,6,fixed continuous c,next_zero,54,0.9999956965307321,0.11627709271676992,0.018264763012989182,0.04331249912152735,0.0409818016459903,0.9398448638836733,0.4699183873483483,,True,0.9121871083552321,True,True,,,
fixed_offset,0,20,6,6,fixed continuous c,next_zero,70,0.999997433611883,0.08998136559830239,0.014134239856180205,0.03356229842270797,0.03221172918198906,0.9545951869953787,0.47729514363594494,,True,0.9121871083552321,True,True,,,
fixed_offset,0,20,6,6,fixed continuous c,next_zero,102,0.9999987886047593,0.06195805437141648,0.009732348422197949,0.023145547444820835,0.022526758216956266,0.9695216922511515,0.48475967165161205,,True,0.9121871083552321,True,True,,,
fixed_offset,0,20,6,6,fixed continuous c,left_control,11,0.25,0.5786833028237943,0.09089936064531548,-0.11296883799366081,-0.12913059153929113,1.1900733685188385,,,True,1.0273866615109883,True,,,,
fixed_offset,0,20,6,6,fixed continuous c,left_control,14,0.25,0.4546985032034996,0.07142387386311946,-0.0866044583845248,-0.09571374086184714,1.1226291466646767,,,True,1.0273866615109883,True,,,,
fixed_offset,0,20,6,6,fixed continuous c,left_control,18,0.25,0.3536636348118257,0.055553353848334756,-0.06655221449567811,-0.07175433385755103,1.0820399072797606,,,True,1.0273866615109883,True,,,,
fixed_offset,0,20,6,6,fixed continuous c,left_control,26,0.25,0.24484912716971668,0.03846081095771275,-0.04575801656009748,-0.04813562034380092,1.0484640904066742,,,True,1.0273866615109883,True,,,,
fixed_offset,0,20,6,6,fixed continuous c,left_control,38,0.25,0.1675300399954177,0.026315557145260425,-0.03125753898165967,-0.03234280334909739,1.0296046982690537,,,True,1.0273866615109883,True,,,,
fixed_offset,0,20,6,6,fixed continuous c,left_control,54,0.25,0.11789203602456888,0.018518437714576442,-0.022002371731325354,-0.022533037291688818,1.0193441033646962,,,True,1.0273866615109883,True,,,,
fixed_offset,0,20,6,6,fixed continuous c,left_control,70,0.25,0.09094544585854622,0.014285677229332855,-0.016983049638363057,-0.017297053380979588,1.014324036154061,,,True,1.0273866615109883,True,,,,
fixed_offset,0,20,6,6,fixed continuous c,left_control,102,0.25,0.062413627008834564,0.009803909604742408,-0.011665871078566759,-0.011812998868433122,1.0094069457641002,,,True,1.0273866615109883,True,,,,
fixed_offset,0,20,6,6,fixed continuous c,right_control,11,0.75,0.5535257351125641,0.08694761915012605,0.11607829784128249,0.1025117735570727,0.9876918669265802,,,True,0.990062127323863,True,,,,
fixed_offset,0,20,6,6,fixed continuous c,right_control,14,0.75,0.43902024007815044,0.06896113805033724,0.08851430398856636,0.0806343164279647,0.9795371536783704,,,True,0.990062127323863,True,,,,
fixed_offset,0,20,6,6,fixed continuous c,right_control,18,0.75,0.3441055267669984,0.0540519697475424,0.06769549866908131,0.06306304582683775,0.9773921400316451,,,True,0.990062127323863,True,,,,
fixed_offset,0,20,6,6,fixed continuous c,right_control,26,0.75,0.24022941805261516,0.03773514874651235,0.046300766138710814,0.04411039729215893,0.9792652146754935,,,True,0.990062127323863,True,,,,
fixed_offset,0,20,6,6,fixed continuous c,right_control,38,0.75,0.1653543441490816,0.025973799640895655,0.03151059523064048,0.030485190685566266,0.9832384522235622,,,True,0.990062127323863,True,,,,
fixed_offset,0,20,6,6,fixed continuous c,right_control,54,0.75,0.1168104623884928,0.01834854452510579,0.02212754468247874,0.02161775991696724,0.986993957649291,,,True,0.990062127323863,True,,,,
fixed_offset,0,20,6,6,fixed continuous c,right_control,70,0.75,0.09030044435766675,0.014184360630496986,0.017057533917819834,0.016753128547436602,0.9894448243438622,,,True,0.990062127323863,True,,,,
fixed_offset,0,20,6,6,fixed continuous c,right_control,102,0.75,0.06210917066143943,0.009756085713526642,0.011700962450471974,0.011556943071735104,0.992368091304401,,,True,0.990062127323863,True,,,,
fixed_offset,0,40,12,12,fixed continuous c,large_N,17,0.4992440479247847,0.7381098810058915,0.057971014492753624,-0.029903609008693266,-0.03444687507988575,96.68829363476401,,10.250098265958503,True,2.094324283461429,True,True,,,
fixed_offset,0,40,12,12,fixed continuous c,large_N,20,0.49935883418034693,0.6287602690050187,0.04938271604938272,-0.018733282055719558,-0.02068921543637181,80.37628277869678,,8.483871404877213,True,2.094324283461429,True,True,,,
fixed_offset,0,40,12,12,fixed continuous c,large_N,24,0.4994667924428926,0.5250472349423352,0.041237113402061855,-0.011879240790270473,-0.012703837745972835,71.06890353596837,,7.470650584491151,True,2.094324283461429,True,True,,,
fixed_offset,0,40,12,12,fixed continuous c,large_N,32,0.4996011235883065,0.39480295960780243,0.031007751937984496,-0.006190718668686701,-0.006422220051690575,63.87130311685119,,6.679510242511428,True,2.094324283461429,True,True,,,
fixed_offset,0,40,12,12,fixed continuous c,large_N,44,0.49971052079913136,0.28773775022263565,0.02259887005649717,-0.0031447226000427264,-0.003205384538626288,60.2705670676402,,6.276343263163938,True,2.094324283461429,True,True,,,
fixed_offset,0,40,12,12,fixed continuous c,large_N,60,0.49978803488146406,0.21132606551620958,0.016597510373443983,-0.0016593228528167803,-0.0016763288656506115,58.61126654643225,,6.085178552865823,True,2.094324283461429,True,True,,,
fixed_offset,0,40,12,12,fixed continuous c,large_N,76,0.4998328052339274,0.1669822353751033,0.013114754098360656,-0.0010262853839064778,-0.001032809126344847,57.93839587075048,,6.004816811139336,True,2.094324283461429,True,True,,,
fixed_offset,0,40,12,12,fixed continuous c,large_N,108,0.49988245868607434,0.1176202812688372,0.009237875288683603,-0.0005052546153094806,-0.0005068393651316283,57.41652866691178,,5.939175358072742,True,2.094324283461429,True,True,,,
fixed_offset,0,40,12,12,fixed continuous c,half_mesh,17,0.5,0.7380775360061804,0.05796847412241681,-0.029490370540172783,-0.03400005114466953,,,10.118026971283616,True,2.095107622582378,True,True,,,
fixed_offset,0,40,12,12,fixed continuous c,half_mesh,20,0.5,0.6287403615072786,0.04938115251816643,-0.018449843696286772,-0.020388739069152506,,,8.361186761711208,True,2.095107622582378,True,True,,,
fixed_offset,0,40,12,12,fixed continuous c,half_mesh,24,0.5,0.5250356904888127,0.041236206702802466,-0.011688954547024344,-0.012505625696511813,,,7.354412917275648,True,2.095107622582378,True,True,,,
fixed_offset,0,40,12,12,fixed continuous c,half_mesh,32,0.5,0.3947980766422162,0.031007368430764168,-0.0060867721555033505,-0.00631586437956444,,,6.569056188856778,True,2.095107622582378,True,True,,,
fixed_offset,0,40,12,12,fixed continuous c,half_mesh,44,0.5,0.2877358678825431,0.022598722217852016,-0.0030906242507708903,-0.0031506285510484178,,,6.1692083331682745,True,2.095107622582378,True,True,,,
fixed_offset,0,40,12,12,fixed continuous c,half_mesh,60,0.5,0.21132532205401972,0.016597451982060137,-0.0016304620636078404,-0.001647280188763034,,,5.979772114791448,True,2.095107622582378,True,True,,,
fixed_offset,0,40,12,12,fixed continuous c,half_mesh,76,0.5,0.1669818692309123,0.01311472534146314,-0.001008359118533586,-0.0010148102349081256,,,5.900196006245268,True,2.095107622582378,True,True,,,
fixed_offset,0,40,12,12,fixed continuous c,half_mesh,108,0.5,0.11762015355311072,0.0092378652579139,-0.0004964027454630315,-0.0004979697512955683,,,5.8352533409798895,True,2.095107622582378,True,True,,,
fixed_offset,0,40,12,12,fixed continuous c,next_zero,17,0.9999574293361501,0.7172892251578494,0.05633576400637537,0.2607013510234744,0.19830460477181655,0.8660536852261338,0.4329899741327571,,True,0.9730965065477069,True,True,,,
fixed_offset,0,40,12,12,fixed continuous c,next_zero,20,0.9999691100595163,0.6135913728837152,0.048191353733938874,0.21571618970091533,0.17762495701331243,0.9068196382815855,0.45338180753613677,,True,0.9730965065477069,True,True,,,
fixed_offset,0,40,12,12,fixed continuous c,next_zero,24,0.9999784609556256,0.5144295850477147,0.04040320512937866,0.1765614198175227,0.1535067032304248,0.9347370580252735,0.4673483956696655,,True,0.9730965065477069,True,True,,,
fixed_offset,0,40,12,12,fixed continuous c,next_zero,32,0.9999878220763095,0.3887708430612042,0.030533990612274735,0.13028080723395896,0.11916888535403436,0.9601721671332619,0.4800743906632499,,True,0.9730965065477069,True,True,,,
fixed_offset,0,40,12,12,fixed continuous c,next_zero,44,0.9999935316185048,0.28452100390679735,0.022346227391639686,0.09382445256773098,0.08860267992579896,0.9754555593067517,0.4877214700346866,,True,0.9730965065477069,True,True,,,
fixed_offset,0,40,12,12,fixed continuous c,next_zero,60,0.9999965109869913,0.20958603709746237,0.016460848861009642,0.06842740593596142,0.06584048727178993,0.9840180505258069,0.4920055920111243,,True,0.9730965065477069,True,True,,,
fixed_offset,0,40,12,12,fixed continuous c,next_zero,76,0.9999978216152813,0.16589404654223294,0.013029287947284056,0.05387618212217782,0.052338377581766515,0.9882360478077482,0.4941158711455691,,True,0.9730965065477069,True,True,,,
fixed_offset,0,40,12,12,fixed continuous c,next_zero,108,0.9999989191723496,0.11707937298603141,0.00919539245149539,0.03781401665344686,0.03709168984535194,0.9923537488869981,0.4961758018801283,,True,0.9730965065477069,True,True,,,
fixed_offset,0,40,12,12,fixed continuous c,left_control,17,0.25,0.7489311347827114,0.05882091377695084,-0.1522002938190471,-0.1644206190437345,1.375351588144042,,,True,1.0718834546106544,True,,,,
fixed_offset,0,40,12,12,fixed continuous c,left_control,20,0.25,0.6365993640799283,0.049998397136835925,-0.12054825810543601,-0.12858125160763456,1.2653503462688491,,,True,1.0718834546106544,True,,,,
fixed_offset,0,40,12,12,fixed continuous c,left_control,24,0.25,0.5305046907600598,0.04166574097966822,-0.09575899041601377,-0.10083764390964711,1.1907834809346938,,,True,1.0718834546106544,True,,,,
fixed_offset,0,40,12,12,fixed continuous c,left_control,32,0.25,0.39788239817026155,0.031249610477109568,-0.06867599483656583,-0.07122036044796853,1.1213696050015878,,,True,1.0718834546106544,True,,,,
fixed_offset,0,40,12,12,fixed continuous c,left_control,44,0.25,0.28937072001242825,0.022727123203875838,-0.048560226421425545,-0.04978664245954145,1.0778481831915987,,,True,1.0718834546106544,True,,,,
fixed_offset,0,40,12,12,fixed continuous c,left_control,60,0.25,0.21220584111858934,0.016666607787675078,-0.03502835392330672,-0.0356460668055133,1.052334049057534,,,True,1.0718834546106544,True,,,,
fixed_offset,0,40,12,12,fixed continuous c,left_control,76,0.25,0.16753115048710673,0.013157865790443514,-0.027422441881154502,-0.027793102674626757,1.0392996971684918,,,True,1.0718834546106544,True,,,,
fixed_offset,0,40,12,12,fixed continuous c,left_control,108,0.25,0.11789242213075395,0.009259249181997085,-0.01913486633119299,-0.019310800151044583,1.026156779409766,,,True,1.0718834546106544,True,,,,
fixed_offset,0,40,12,12,fixed continuous c,right_control,17,0.75,0.7275340266568221,0.057140388834541825,0.11509281494995094,0.11351344606453762,0.9774472703284477,,,True,0.9792018195856123,True,,,,
fixed_offset,0,40,12,12,fixed continuous c,right_control,20,0.75,0.621073035929243,0.04877896217545048,0.09728082300939911,0.09546873796264288,0.962981284539329,,,True,0.9792018195856123,True,,,,
fixed_offset,0,40,12,12,fixed continuous c,right_control,24,0.75,0.5196783000389706,0.04081543824081156,0.08098216294970972,0.0793494229455759,0.9565518810111369,,,True,0.9792018195856123,True,,,,
fixed_offset,0,40,12,12,fixed continuous c,right_control,32,0.75,0.39176120563223643,0.030768853139392854,0.06095997960526378,0.0598086368624261,0.9564049529948729,,,True,0.9792018195856123,True,,,,
fixed_offset,0,40,12,12,fixed continuous c,right_control,44,0.75,0.28611938475821963,0.022471763930151357,0.044635242545927434,0.043932013411408954,0.9619071764361269,,,True,0.9792018195856123,True,,,,
fixed_offset,0,40,12,12,fixed continuous c,right_control,60,0.75,0.2104520799810173,0.01652886771002639,0.03295569908246754,0.0325420459598772,0.9687037290274353,,,True,0.9792018195856123,True,,,,
fixed_offset,0,40,12,12,fixed continuous c,right_control,76,0.75,0.16643617804044147,0.013071866855585345,0.026140045572180304,0.025869374486628294,0.9737277192151436,,,True,0.9792018195856123,True,,,,
fixed_offset,0,40,12,12,fixed continuous c,right_control,108,0.75,0.1173491396680144,0.009216579877152915,0.018503321788186256,0.01836213600192016,0.9802630431478939,,,True,0.9792018195856123,True,,,,
fixed_offset,0,80,25,25,fixed continuous c,large_N,30,0.49957431220533965,0.8418112692463885,0.03305785123966942,0.005036693120801128,-0.007342439147127067,32.15798687954721,,6.71879072206796,True,1.1204426928974913,False,False,,,
fixed_offset,0,80,25,25,fixed continuous c,large_N,33,0.499613301511998,0.7658583727730303,0.03007518796992481,0.003615130186103266,-0.002577747394505503,13.660728162391273,,2.84986085383799,True,1.1204426928974913,False,False,,,
fixed_offset,0,80,25,25,fixed continuous c,large_N,37,0.49965538681763627,0.6836185475088122,0.026845637583892617,0.002573215473805679,-0.0004894454228181466,3.260716035678815,,0.6791361144991046,True,1.1204426928974913,False,False,,,
fixed_offset,0,80,25,25,fixed continuous c,large_N,45,0.4997169891806232,0.5627578098276962,0.022099447513812154,0.0015499111629443396,0.00047085483212888635,-4.639988387102074,,0.964104697210903,True,1.1204426928974913,False,False,,,
fixed_offset,0,80,25,25,fixed continuous c,large_N,57,0.49977683012079493,0.4447998409555154,0.017467248908296946,0.0008944190814844655,0.000543155537672313,-8.587731181641725,,1.7802262219421097,True,1.1204426928974913,False,False,,,
fixed_offset,0,80,25,25,fixed continuous c,large_N,73,0.4998259107714842,0.3476421965147202,0.013651877133105802,0.0005215278714799654,0.0004038296192080959,-10.472448055079262,,2.166773061212239,True,1.1204426928974913,False,False,,,
fixed_offset,0,80,25,25,fixed continuous c,large_N,89,0.49985729529305084,0.2853197859350505,0.011204481792717087,0.00034345753592507355,0.00029278916683983525,-11.285979255424412,,2.332230407785635,True,1.1204426928974913,False,False,,,
fixed_offset,0,80,25,25,fixed continuous c,large_N,121,0.4998951131170372,0.21001889397693407,0.008247422680412371,0.00018229058872443193,0.00016811680198247636,-11.978046787784407,,2.4715796716455,True,1.1204426928974913,False,False,,,
fixed_offset,0,80,25,25,fixed continuous c,half_mesh,30,0.5,0.8417994231723391,0.03305738604542933,0.0053295327006817605,-0.006984476365243908,,,6.391412284220277,True,1.2497069917916797,False,False,,,
fixed_offset,0,80,25,25,fixed continuous c,half_mesh,33,0.5,0.7658494659209849,0.03007483819866291,0.0038409078676149844,-0.0023137967951264438,,,2.558106469982502,True,1.2497069917916797,False,False,,,
fixed_offset,0,80,25,25,fixed continuous c,half_mesh,37,0.5,0.6836122231656249,0.026845389227516416,0.0027439881391669863,-0.00029747068550572964,,,0.4127668052601807,True,1.2497069917916797,False,False,,,
fixed_offset,0,80,25,25,fixed continuous c,half_mesh,45,0.5,0.5627542901469722,0.022099309296273337,0.0016597150038021313,0.0005890473130469864,,,1.2061262759299758,True,1.2497069917916797,False,False,,,
fixed_offset,0,80,25,25,fixed continuous c,half_mesh,57,0.5,0.4447981070596233,0.017467180818364486,0.0009606470135822276,0.0006123289429698642,,,2.006962027984741,True,1.2497069917916797,False,False,,,
fixed_offset,0,80,25,25,fixed continuous c,half_mesh,73,0.5,0.3476413702946799,0.013651844687520691,0.0005611461404305129,0.00044447863435642665,,,2.3848892285826078,True,1.2497069917916797,False,False,,,
fixed_offset,0,80,25,25,fixed continuous c,half_mesh,89,0.5,0.285319329728761,0.011204463877537993,0.00036986822101703343,0.00031965286138196936,,,2.546222988098694,True,1.2497069917916797,False,False,,,
fixed_offset,0,80,25,25,fixed continuous c,half_mesh,121,0.5,0.210018712300991,0.00824741554601477,0.00019646027108094488,0.00018241557666004438,,,2.6817986409959906,True,1.2497069917916797,False,False,,,
fixed_offset,0,80,25,25,fixed continuous c,next_zero,30,0.999986158441561,0.8281121899126722,0.03251988965222258,0.2931173088675051,0.0063513928351849325,0.02407555165255374,0.012037442583121723,,True,0.6120273679306031,True,False,,,
fixed_offset,0,80,25,25,fixed continuous c,next_zero,33,0.9999885436029016,0.7545039340168729,0.02962930020265007,0.2587024644223768,0.06071425645759437,0.25259430241911107,0.12629425738892225,,True,0.6120273679306031,True,False,,,
fixed_offset,0,80,25,25,fixed continuous c,next_zero,37,0.999990872023409,0.6745580023966361,0.026489830809368477,0.22609799005370557,0.09175886085571433,0.42699330949794323,0.21349275716403796,,True,0.6120273679306031,True,False,,,
fixed_offset,0,80,25,25,fixed continuous c,next_zero,45,0.9999938143621782,0.5566040833371985,0.021857791239627798,0.18254930861726826,0.1076248975340599,0.6069545379057624,0.3034735145519354,,True,0.6120273679306031,True,False,,,
fixed_offset,0,80,25,25,fixed continuous c,next_zero,57,0.9999961357394662,0.4409470855849325,0.01731595155869317,0.1426815336695504,0.10275594708779051,0.7314897979965707,0.36574207233112804,,True,0.6120273679306031,True,False,,,
fixed_offset,0,80,25,25,fixed continuous c,next_zero,73,0.99999763952527,0.3452844962634171,0.013559290460745044,0.11090736912730997,0.08916467552307744,0.8105918491920299,0.40529401121443853,,True,0.6120273679306031,True,False,,,
fixed_offset,0,80,25,25,fixed continuous c,next_zero,89,0.9999984100013731,0.2837298145543536,0.011142043762604394,0.09082981122352796,0.07714275116333008,0.8534458227887318,0.4267215544166795,,True,0.6120273679306031,True,False,,,
fixed_offset,0,80,25,25,fixed continuous c,next_zero,121,0.999999138513732,0.20915621467880946,0.008213545343594968,0.06676554921066857,0.059896920354160554,0.8989155545042764,0.44945700284873197,,True,0.6120273679306031,True,False,,,
fixed_offset,0,80,25,25,fixed continuous c,left_control,30,0.25,0.8488143188269266,0.03333286035360621,-0.16606214451770118,-0.21281926397746864,1.574028756682176,,,True,1.1482010018815754,True,,,,
fixed_offset,0,80,25,25,fixed continuous c,left_control,33,0.25,0.7716512878277875,0.030302675212161,-0.14196560382471635,-0.1760358750888057,1.4321698308038602,,,True,1.1482010018815754,True,,,,
fixed_offset,0,80,25,25,fixed continuous c,left_control,37,0.25,0.6882311816531228,0.027026775303160912,-0.12126840862250443,-0.1455146704334428,1.3273542889743106,,,True,1.1482010018815754,True,,,,
fixed_offset,0,80,25,25,fixed continuous c,left_control,45,0.25,0.5658806832077207,0.022222082464671854,-0.09563227441828359,-0.11000957293737812,1.2204501138662747,,,True,1.1482010018815754,True,,,,
fixed_offset,0,80,25,25,fixed continuous c,left_control,57,0.25,0.44674896831210464,0.01754379096060159,-0.07352555465852473,-0.08162144092973589,1.1469780899772517,,,True,1.1482010018815754,True,,,,
fixed_offset,0,80,25,25,fixed continuous c,left_control,73,0.25,0.3488319200934713,0.01369859746879089,-0.05656531595836878,-0.061173350998040776,1.100931949921781,,,True,1.1482010018815754,True,,,,
fixed_offset,0,80,25,25,fixed continuous c,left_control,89,0.25,0.28612078723505796,0.01123593704021233,-0.046076875823075736,-0.04906098689977989,1.0764684149246226,,,True,1.1482010018815754,True,,,,
fixed_offset,0,80,25,25,fixed continuous c,left_control,121,0.25,0.2104526348841518,0.008264455646008329,-0.03368830255266353,-0.03523860102082044,1.0511839317440437,,,True,1.1482010018815754,True,,,,
fixed_offset,0,80,25,25,fixed continuous c,right_control,30,0.75,0.834899524202165,0.03278642764648919,0.16687060018710548,0.1412618740264413,1.0621972497429848,,,True,0.9969780604128768,True,,,,
fixed_offset,0,80,25,25,fixed continuous c,right_control,33,0.75,0.7601342373714324,0.029850401698352146,0.14305128458407268,0.12310186271141343,1.0166904708990074,,,True,0.9969780604128768,True,,,,
fixed_offset,0,80,25,25,fixed continuous c,right_control,37,0.75,0.6790548502253418,0.02666642161065564,0.12220895954311378,0.10703858376407938,0.989577748912051,,,True,0.9969780604128768,True,,,,
fixed_offset,0,80,25,25,fixed continuous c,right_control,45,0.75,0.5596622528402309,0.021977885275179784,0.09626538129144446,0.08642047007027898,0.9694044983064555,,,True,0.9969780604128768,True,,,,
fixed_offset,0,80,25,25,fixed continuous c,right_control,57,0.75,0.44286420975219243,0.01739123684869171,0.07390794122488797,0.06788401225301444,0.9623018968717183,,,True,0.9969780604128768,True,,,,
fixed_offset,0,80,25,25,fixed continuous c,right_control,73,0.75,0.3464589194549287,0.013605409951628272,0.05679264061164058,0.05312925939819746,0.9627121174052582,,,True,0.9969780604128768,True,,,,
fixed_offset,0,80,25,25,fixed continuous c,right_control,89,0.75,0.2845223496315612,0.011173166542307742,0.04622775023428338,0.043754215995425005,0.9654236701373525,,,True,0.9969780604128768,True,,,,
fixed_offset,0,80,25,25,fixed continuous c,right_control,121,0.75,0.20958657540593126,0.008230445569828961,0.03376887802715928,0.03241802286037393,0.9710408167525115,,,True,0.9969780604128768,True,,,,
fixed_offset,1,10,2,2,fixed continuous c,large_N,7,0.5052401312800423,0.41072243378553636,0.12903225806451613,-0.007655944820068483,-0.007840288541301477,-4.6393015150870225,,0.47090733051192,True,2.0104308077094712,True,True,,,
fixed_offset,1,10,2,2,fixed continuous c,large_N,10,0.5037066512450834,0.2961022197058518,0.09302325581395349,-0.003730992391054455,-0.003777153781441056,-4.382807773137411,,0.4364973338677821,True,2.0104308077094712,True,True,,,
fixed_offset,1,10,2,2,fixed continuous c,large_N,14,0.5026662641931506,0.21580331266697675,0.06779661016949153,-0.0019217096450589999,-0.001934253507736683,-4.281177663227976,,0.42082102877696204,True,2.0104308077094712,True,True,,,
fixed_offset,1,10,2,2,fixed continuous c,large_N,22,0.5017076385988453,0.13991643348738053,0.04395604395604396,-0.0007921342483589999,-0.0007942974744779008,-4.233793165782676,,0.41109858663446847,True,2.0104308077094712,True,True,,,
fixed_offset,1,10,2,2,fixed continuous c,large_N,34,0.5011093500416949,0.09159996724713401,0.02877697841726619,-0.0003368099524329038,-0.0003372033756763315,-4.226093839595844,,0.40719415134015,True,2.0104308077094712,True,True,,,
fixed_offset,1,10,2,2,fixed continuous c,large_N,50,0.5007561263405927,0.06272115983917058,0.019704433497536946,-0.00015741661649737448,-0.0001575027571101284,-4.229517803567415,,0.40565819485945503,True,2.0104308077094712,True,True,,,
fixed_offset,1,10,2,2,fixed continuous c,large_N,66,0.5005735153065389,0.04768687433465029,0.0149812734082397,-9.088883167229778e-05,-9.091757284951374e-05,-4.2336515217489445,,0.4050889281793116,True,2.0104308077094712,True,True,,,
fixed_offset,1,10,2,2,fixed continuous c,large_N,98,0.5003867218212986,0.03223391252494083,0.010126582278481013,-4.149159870370234e-05,-4.1497592243811e-05,-4.2395751960059505,,0.40466636436503817,True,2.0104308077094712,True,True,,,
fixed_offset,1,10,2,2,fixed continuous c,half_mesh,7,0.5,0.4110003300030017,0.12911956173604108,-0.00943018169809351,-0.009636036753130295,,,0.5779820635677001,True,2.011359832263463,True,True,,,
fixed_offset,1,10,2,2,fixed continuous c,half_mesh,10,0.5,0.29620435237855347,0.0930553417393786,-0.004613955072333198,-0.0046657237555155495,,,0.5388109400688702,True,2.011359832263463,True,True,,,
fixed_offset,1,10,2,2,fixed continuous c,half_mesh,14,0.5,0.21584232911941723,0.06780886754952714,-0.0023792533239166413,-0.002393343289001648,,,0.5205135184049694,True,2.011359832263463,True,True,,,
fixed_offset,1,10,2,2,fixed continuous c,half_mesh,22,0.5,0.13992693654838573,0.043959343589973374,-0.0009807287850032154,-0.0009831600150663755,,,0.5087703690341436,True,2.011359832263463,True,True,,,
fixed_offset,1,10,2,2,fixed continuous c,half_mesh,34,0.5,0.09160289155422942,0.028777897115434964,-0.00041677921586225075,-0.0004172213448602191,,,0.5037886830723408,True,2.011359832263463,True,True,,,
fixed_offset,1,10,2,2,fixed continuous c,half_mesh,50,0.5,0.0627220943382379,0.019704727079077413,-0.00019469450678355482,-0.00019479129174893028,,,0.5016821968535708,True,2.011359832263463,True,True,,,
fixed_offset,1,10,2,2,fixed continuous c,half_mesh,66,0.5,0.04768728406329954,0.014981402128291146,-0.0001123767815056631,-0.00011240906930443106,,,0.500837027368732,True,2.011359832263463,True,True,,,
fixed_offset,1,10,2,2,fixed continuous c,half_mesh,98,0.5,0.03223403875892743,0.010126621936057506,-5.128244692065298e-05,-5.1289178787827794e-05,,,0.5001457151885322,True,2.011359832263463,True,True,,,
fixed_offset,1,10,2,2,fixed continuous c,next_zero,7,1.0006350452320854,0.3860456527620989,0.12127981866676862,0.16221657557268976,0.15543863052620077,1.0242599522425109,0.5127804275203429,,True,1.0052922762637193,True,True,,,
fixed_offset,1,10,2,2,fixed continuous c,next_zero,10,1.0003294461229657,0.2830270846540354,0.08891558099160542,0.11644064120666242,0.11332598548470063,1.019193366011391,0.5099324523086803,,True,1.0052922762637193,True,True,,,
fixed_offset,1,10,2,2,fixed continuous c,next_zero,14,1.000174827230453,0.20876190025918792,0.06558448522037098,0.08472442586023754,0.08320567470800733,1.0148246776439138,0.5075897578097447,,True,1.0052922762637193,True,True,,,
fixed_offset,1,10,2,2,fixed continuous c,next_zero,22,1.0000734450686963,0.13691710154320066,0.043013776035892695,0.054894633586642705,0.05430665225802578,1.0101193404442406,0.5051338585064706,,True,1.0052922762637193,True,True,,,
fixed_offset,1,10,2,2,fixed continuous c,next_zero,34,1.0000314705982452,0.09030343824277054,0.028369661817738753,0.03593725737856879,0.0356984988902439,1.0068377142083367,0.5034505428893702,,True,1.0052922762637193,True,True,,,
fixed_offset,1,10,2,2,fixed continuous c,next_zero,50,1.0000147536128994,0.06211014455815015,0.01951247738572846,0.02461025092272129,0.024501960270961964,1.0047699022789571,0.5023997751256697,,True,1.0052922762637193,True,True,,,
fixed_offset,1,10,2,2,fixed continuous c,next_zero,66,1.0000085280845992,0.047332722739352184,0.014870013403235136,0.018713062528494584,0.018651555948981713,1.0036616116333514,0.5018393651278087,,True,1.0052922762637193,True,True,,,
fixed_offset,1,10,2,2,fixed continuous c,next_zero,98,1.0000038964364997,0.03207164876251069,0.010075605614081575,0.012650741620774175,0.012623149465992078,1.0024995673412256,0.501253689846518,,True,1.0052922762637193,True,True,,,
fixed_offset,1,10,2,2,fixed continuous c,left_control,7,0.25,0.424709919676393,0.13342655635620673,-0.09101311869404372,-0.09261598535742788,1.11087369592507,,,True,1.0135900154380184,True,,,,
fixed_offset,1,10,2,2,fixed continuous c,left_control,10,0.25,0.3032593274668234,0.09527172753023536,-0.06281103626852458,-0.06356367115931305,1.0677410531791187,,,True,1.0135900154380184,True,,,,
fixed_offset,1,10,2,2,fixed continuous c,left_control,14,0.25,0.2195644330085329,0.06897820097292152,-0.044629399181218776,-0.045000020717987366,1.0440513505239721,,,True,1.0135900154380184,True,,,,
fixed_offset,1,10,2,2,fixed continuous c,left_control,22,0.25,0.14148179829412036,0.044447817813748146,-0.028340497943057152,-0.02848510306350871,1.0256244376396864,,,True,1.0135900154380184,True,,,,
fixed_offset,1,10,2,2,fixed continuous c,left_control,34,0.25,0.09226670196833572,0.02898643930746824,-0.018336516128564906,-0.018395528640831604,1.0156367615347892,,,True,1.0135900154380184,True,,,,
fixed_offset,1,10,2,2,fixed continuous c,left_control,50,0.25,0.06303260440495868,0.019802276693524985,-0.012473632745681695,-0.012500484570593717,1.010259011243482,,,True,1.0135900154380184,True,,,,
fixed_offset,1,10,2,2,fixed continuous c,left_control,66,0.25,0.047866561113434236,0.015037723674657187,-0.009452772562196787,-0.009468051081704676,1.0076263156789296,,,True,1.0135900154380184,True,,,,
fixed_offset,1,10,2,2,fixed continuous c,left_control,98,0.25,0.03231585136124672,0.010152324123099242,-0.006368806701738228,-0.006375674036144918,1.0050360493352646,,,True,1.0135900154380184,True,,,,
fixed_offset,1,10,2,2,fixed continuous c,right_control,7,0.75,0.39814815130245473,0.12508193071721493,0.07651992471558444,0.07591564565755649,0.9713096933390343,,,True,0.9915254757552446,True,,,,
fixed_offset,1,10,2,2,fixed continuous c,right_control,10,0.75,0.28947016607176285,0.09093973471644676,0.05568150669819638,0.05529805739800575,0.9731442055631647,,,True,0.9915254757552446,True,,,,
fixed_offset,1,10,2,2,fixed continuous c,right_control,14,0.75,0.21224431741744246,0.06667851883648174,0.04094403180437711,0.04071508639852506,0.9772156774244009,,,True,0.9915254757552446,True,,,,
fixed_offset,1,10,2,2,fixed continuous c,right_control,22,0.75,0.13840587865472193,0.043481489159531476,0.026819348997183856,0.026713104319723846,0.983197939627399,,,True,0.9915254757552446,True,,,,
fixed_offset,1,10,2,2,fixed continuous c,right_control,34,0.75,0.09094856444661907,0.028572334192003633,0.017689818652770306,0.0176415370862103,0.9881245965054082,,,True,0.9915254757552446,True,,,,
fixed_offset,1,10,2,2,fixed continuous c,right_control,50,0.75,0.06241462853299175,0.019608133847578275,0.012171512295605869,0.01214810080970452,0.9915009472967842,,,True,0.9915254757552446,True,,,,
fixed_offset,1,10,2,2,fixed continuous c,right_control,66,0.75,0.04750934491305102,0.014925500895570468,0.009278391868492442,0.00926462450037624,0.9933903024716093,,,True,0.9915254757552446,True,,,,
fixed_offset,1,10,2,2,fixed continuous c,right_control,98,0.75,0.0321526393531834,0.010101049558548306,0.006289232735492534,0.0062828318889177615,0.9954282151570951,,,True,0.9915254757552446,True,,,,
fixed_offset,1,20,6,5,fixed continuous c,large_N,11,0.5033772051221187,0.541804061589431,0.0851063829787234,-0.019416712921031087,-0.02007077459724793,-18.883862962358293,,2.7710213178325427,True,2.025748522716959,True,True,,,
fixed_offset,1,20,6,5,fixed continuous c,large_N,14,0.5026662641931506,0.4316066253339535,0.06779661016949153,-0.01143605966178407,-0.011677860649662253,-17.470221355981206,,2.5406645575921436,True,2.025748522716959,True,True,,,
fixed_offset,1,20,6,5,fixed continuous c,large_N,18,0.5020819026633643,0.3395305452627101,0.05333333333333334,-0.006766602625919771,-0.006854252708040742,-16.693493899362736,,2.409698217670573,True,2.025748522716959,True,True,,,
fixed_offset,1,20,6,5,fixed continuous c,large_N,26,0.5014474321975865,0.2379886999504977,0.037383177570093455,-0.0032108056858575207,-0.003231045426246415,-16.147857206653054,,2.3120149428184504,True,2.025748522716959,True,True,,,
fixed_offset,1,20,6,5,fixed continuous c,large_N,38,0.5009933406410952,0.16428897351421454,0.025806451612903226,-0.0015044627799487564,-0.0015089588757317696,-15.918318338305937,,2.265796061840985,True,2.025748522716959,True,True,,,
fixed_offset,1,20,6,5,fixed continuous c,large_N,54,0.5007003753389713,0.11627758399407878,0.0182648401826484,-0.0007479733116571019,-0.0007490903530937842,-15.835572217728917,,2.245445151545687,True,2.025748522716959,True,True,,,
fixed_offset,1,20,6,5,fixed continuous c,large_N,70,0.5005408597170242,0.08998159326750266,0.014134275618374558,-0.000446575986114528,-0.00044697498170587213,-15.811435546553218,,2.2373612068650996,True,2.025748522716959,True,True,,,
fixed_offset,1,20,6,5,fixed continuous c,large_N,102,0.5003715933579759,0.061958128697574825,0.009732360097323601,-0.00021123385565902097,-0.00021132326634176746,-15.801833516473001,,2.231058592107356,True,2.025748522716959,True,True,,,
fixed_offset,1,20,6,5,fixed continuous c,half_mesh,11,0.5,0.5419598326126379,0.08513085143383085,-0.020531347272561007,-0.021214176702821108,,,2.927198864275615,True,2.02530543599252,True,True,,,
fixed_offset,1,20,6,5,fixed continuous c,half_mesh,14,0.5,0.43168465823883445,0.06780886754952714,-0.012124195286916217,-0.012377563791201474,,,2.6919202555884554,True,2.02530543599252,True,True,,,
fixed_offset,1,20,6,5,fixed continuous c,half_mesh,18,0.5,0.33956824915830025,0.05333925584740323,-0.0071844650885826145,-0.0072765047841567565,,,2.557578158167921,True,2.02530543599252,True,True,,,
fixed_offset,1,20,6,5,fixed continuous c,half_mesh,26,0.5,0.23800157812422681,0.03738520046889241,-0.0034125975837836497,-0.003433883801872928,,,2.456892573374087,True,2.02530543599252,True,True,,,
fixed_offset,1,20,6,5,fixed continuous c,half_mesh,38,0.5,0.16429318510383567,0.02580711316785391,-0.0015996363082837473,-0.001604367957302677,,,2.408935251968489,True,2.02530543599252,True,True,,,
fixed_offset,1,20,6,5,fixed continuous c,half_mesh,54,0.5,0.1162790714642905,0.018265073833922882,-0.0007953720281206333,-0.0007965478623457312,,,2.3876409138819916,True,2.02530543599252,True,True,,,
fixed_offset,1,20,6,5,fixed continuous c,half_mesh,70,0.5,0.0899822811514761,0.014134383670936432,-0.0004748788107781232,-0.0004752988331245822,,,2.379101640117283,True,2.02530543599252,True,True,,,
fixed_offset,1,20,6,5,fixed continuous c,half_mesh,102,0.5,0.06195835276874135,0.009732395294340132,-0.00022461474768287193,-0.00022470887209702362,,,2.3723608021832074,True,2.02530543599252,True,True,,,
fixed_offset,1,20,6,5,fixed continuous c,next_zero,11,1.0002756662602232,0.5198212219915966,0.08165332660944344,0.16910846655572176,0.16022559000344028,1.0607056855473291,0.5306452435431969,,True,1.0156199651393725,True,True,,,
fixed_offset,1,20,6,5,fixed continuous c,next_zero,14,1.000174827230453,0.41752380051837584,0.06558448522037098,0.13226736837297837,0.12733604872732907,1.0497229778248667,0.5250450090733891,,True,1.0156199651393725,True,True,,,
fixed_offset,1,20,6,5,fixed continuous c,next_zero,18,1.0001081470114532,0.33074548230861633,0.0519533788714381,0.10266487907525657,0.09996137010341999,1.0404009783463757,0.520313005429709,,True,1.0156199651393725,True,True,,,
fixed_offset,1,20,6,5,fixed continuous c,next_zero,26,1.0000531158572334,0.2336338892926721,0.036699125511573484,0.07101055184967842,0.06986603932006208,1.0295336587021304,0.5148215139138979,,True,1.0156199651393725,True,True,,,
fixed_offset,1,20,6,5,fixed continuous c,next_zero,38,1.0000253078313073,0.1622001207315779,0.025478335385085135,0.04858616541528227,0.048103843028217574,1.0210876342892312,0.5105696586582141,,True,1.0156199651393725,True,True,,,
fixed_offset,1,20,6,5,fixed continuous c,next_zero,54,1.0000126764236836,0.11522673239773204,0.0180997727998936,0.034198482956112386,0.033977570813950475,1.0152768117215276,0.5076512759397853,,True,1.0156199651393725,True,True,,,
fixed_offset,1,20,6,5,fixed continuous c,next_zero,70,1.0000075909945108,0.08935081223395522,0.014035192765323735,0.02638698925061722,0.02626153704663725,1.0119788609647575,0.5059971124083573,,True,1.0156199651393725,True,True,,,
fixed_offset,1,20,6,5,fixed continuous c,next_zero,102,1.0000035989628446,0.06165830909044041,0.009685264543564817,0.018113480485371314,0.01805748445027866,1.0083676649523805,0.5041874615539501,,True,1.0156199651393725,True,True,,,
fixed_offset,1,20,6,5,fixed continuous c,left_control,11,0.25,0.5537450290629837,0.0869820657633068,-0.09428178608849058,-0.09600710522498435,1.1939329227076594,,,True,1.0353570816201256,True,,,,
fixed_offset,1,20,6,5,fixed continuous c,left_control,14,0.25,0.4391288660170658,0.06897820097292152,-0.0716018257759311,-0.07262409806532044,1.1388726382528507,,,True,1.0353570816201256,True,,,,
fixed_offset,1,20,6,5,fixed continuous c,left_control,18,0.25,0.34415752573758185,0.05406013772674136,-0.054433890139246266,-0.055015571858679446,1.1008160532775366,,,True,1.0353570816201256,True,,,,
fixed_offset,1,20,6,5,fixed continuous c,left_control,26,0.25,0.2402469986761159,0.03773791030439412,-0.03690543927169432,-0.03716040872855986,1.0651454211213578,,,True,1.0353570816201256,True,,,,
fixed_offset,1,20,6,5,fixed continuous c,left_control,38,0.25,0.16536005149442537,0.02597469614860583,-0.024924659553550055,-0.02503498740919241,1.0425650739480545,,,True,1.0353570816201256,True,,,,
fixed_offset,1,20,6,5,fixed continuous c,left_control,54,0.25,0.11681246855501053,0.01834885965300549,-0.01740532053058308,-0.017456870616079923,1.0291142331454428,,,True,1.0353570816201256,True,,,,
fixed_offset,1,20,6,5,fixed continuous c,left_control,70,0.25,0.09030136970282379,0.014184505983374358,-0.013373656351439278,-0.013403297876564912,1.0221243278764076,,,True,1.0353570816201256,True,,,,
fixed_offset,1,20,6,5,fixed continuous c,left_control,102,0.25,0.06210947125017363,0.009756132929894596,-0.009140661281482831,-0.009154090784257662,1.0149479637432972,,,True,1.0353570816201256,True,,,,
fixed_offset,1,20,6,5,fixed continuous c,right_control,11,0.75,0.5306658242513007,0.08335679274895293,0.06910898034810475,0.06915412400279264,0.8973944071830496,,,True,0.9733912969075524,True,,,,
fixed_offset,1,20,6,5,fixed continuous c,right_control,14,0.75,0.4244886348348849,0.06667851883648174,0.05666411928177306,0.05656748131939704,0.9176713403630626,,,True,0.9733912969075524,True,,,,
fixed_offset,1,20,6,5,fixed continuous c,right_control,18,0.75,0.3350997562500444,0.05263734662274349,0.04555588914059472,0.04543029231395379,0.9335934858450647,,,True,0.9733912969075524,True,,,,
fixed_offset,1,20,6,5,fixed continuous c,right_control,26,0.75,0.23579774166367465,0.03703902264718321,0.03267877465907376,0.032581748387340626,0.9515270471724964,,,True,0.9733912969075524,True,,,,
fixed_offset,1,20,6,5,fixed continuous c,right_control,38,0.75,0.16323999683586982,0.025641678741579483,0.02294133092402717,0.02288304343625258,0.965325104576044,,,True,0.9733912969075524,True,,,,
fixed_offset,1,20,6,5,fixed continuous c,right_control,54,0.75,0.11575052349978084,0.01818204971380421,0.016418740880830174,0.01638564939857201,0.974825963570768,,,True,0.9733912969075524,True,,,,
fixed_offset,1,20,6,5,fixed continuous c,right_control,70,0.75,0.08966543971972067,0.014084614335218643,0.012784526117939676,0.01276343974116445,0.980232377122761,,,True,0.9733912969075524,True,,,,
fixed_offset,1,20,6,5,fixed continuous c,right_control,102,0.75,0.061807967874816946,0.009708772890441943,0.00886197875601935,0.00885134238819918,0.986168369670384,,,True,0.9733912969075524,True,,,,
fixed_offset,1,40,12,12,fixed continuous c,large_N,17,0.5022025877080877,0.7173180533719227,0.05633802816901408,0.02929589012710271,0.02626542247498631,26.68466237911112,,8.275249668525376,True,2.0485151867814433,True,True,,,
fixed_offset,1,40,12,12,fixed continuous c,large_N,20,0.5018762893099302,0.613609419149476,0.048192771084337345,0.0189721664385345,0.01780911648604422,24.82977858770097,,7.667937717022416,True,2.0485151867814433,True,True,,,
fixed_offset,1,40,12,12,fixed continuous c,large_N,24,0.5015668055835949,0.5144402200950152,0.0404040404040404,0.012284061379995492,0.011829176383855056,23.557368512643162,,7.246109858635213,True,2.0485151867814433,True,True,,,
fixed_offset,1,40,12,12,fixed continuous c,large_N,32,0.5011781461316658,0.3887754335069199,0.030534351145038167,0.006525128666842239,0.006405270302025645,22.447179521282436,,6.870052728316382,True,2.0485151867814433,True,True,,,
fixed_offset,1,40,12,12,fixed continuous c,large_N,44,0.5008586513230973,0.2845228032927738,0.0223463687150838,0.0033558856317243424,0.003325469441790019,21.84949144490079,,6.659460399024624,True,2.0485151867814433,True,True,,,
fixed_offset,1,40,12,12,fixed continuous c,large_N,60,0.5006306286738894,0.2095867563350062,0.016460905349794237,0.0017843867518473333,0.0017759712161634633,21.568535957207782,,6.554332771452273,True,2.0485151867814433,True,True,,,
fixed_offset,1,40,12,12,fixed continuous c,large_N,76,0.5004983003605138,0.1658944032228225,0.013029315960912051,0.0011081999117705799,0.0011049847442146654,21.456339893498946,,6.508981697343001,True,2.0485151867814433,True,True,,,
fixed_offset,1,40,12,12,fixed continuous c,large_N,108,0.500350996982299,0.11707949836645175,0.009195402298850575,0.0005479684957029329,0.0005471886543533255,21.373475240341786,,6.471360820000502,True,2.0485151867814433,True,True,,,
fixed_offset,1,40,12,12,fixed continuous c,half_mesh,17,0.5,0.7174070760202234,0.056345019991461694,0.028191518227726975,0.024964375472191103,,,7.8633866572764894,True,2.048176323960599,True,True,,,
fixed_offset,1,40,12,12,fixed continuous c,half_mesh,20,0.5,0.6136649089281989,0.04819712924136698,0.01819706267145277,0.016950511520217315,,,7.296934807459319,True,2.048176323960599,True,True,,,
fixed_offset,1,40,12,12,fixed continuous c,half_mesh,24,0.5,0.5144727889369674,0.04040659835490572,0.01175537379587882,0.01126537533982419,,,6.899872801933504,True,2.048176323960599,True,True,,,
fixed_offset,1,40,12,12,fixed continuous c,half_mesh,32,0.5,0.3887894197893919,0.030535449625094795,0.00623169049133232,0.006101936993774926,,,6.5442379275934295,True,2.048176323960599,True,True,,,
fixed_offset,1,40,12,12,fixed continuous c,half_mesh,44,0.5,0.2845282627468356,0.022346797499603128,0.0032014565210500834,0.003168430771149089,,,6.344737156819272,True,2.048176323960599,True,True,,,
fixed_offset,1,40,12,12,fixed continuous c,half_mesh,60,0.5,0.20958893201879653,0.01646107622759954,0.001701402852141376,0.0016922514645107967,,,6.245230133517544,True,2.048176323960599,True,True,,,
fixed_offset,1,40,12,12,fixed continuous c,half_mesh,76,0.5,0.16589548030135856,0.013029400554462457,0.0010564506546348884,0.00105295212651757,,,6.202399771654983,True,2.048176323960599,True,True,,,
fixed_offset,1,40,12,12,fixed continuous c,half_mesh,108,0.5,0.11707987624859659,0.009195431977644828,0.0005223056880176991,0.0005214566957020828,,,6.167000393862873,True,2.048176323960599,True,True,,,
fixed_offset,1,40,12,12,fixed continuous c,next_zero,17,1.0001206850447224,0.6977451005334124,0.054800772047851005,0.21235313758705116,-0.07038723838072852,-0.32377596559712835,-0.1619270577154523,,True,0.584675395334198,True,False,,,
fixed_offset,1,40,12,12,fixed continuous c,next_zero,20,1.0000882934415922,0.5992219695885868,0.047062783438227763,0.18138947603996197,0.004492940749628305,0.024066812223439107,0.012035531053398912,,True,0.584675395334198,True,False,,,
fixed_offset,1,40,12,12,fixed continuous c,next_zero,24,1.0000620504522832,0.504283337437278,0.03960632070551738,0.15251353584777147,0.04469836161948676,0.28452169225529966,0.14227850082733867,,True,0.584675395334198,True,False,,,
fixed_offset,1,40,12,12,fixed continuous c,next_zero,32,1.0000354325549163,0.3829423470908499,0.03007622160922617,0.1161380215807778,0.06402395878753436,0.5366988244939401,0.2683684288575425,,True,0.584675395334198,True,False,,,
fixed_offset,1,40,12,12,fixed continuous c,next_zero,44,1.0000189756012587,0.28138412638168087,0.022099857606936765,0.08574560128848407,0.06114038805671673,0.6975324316247545,0.3487794519096648,,True,0.584675395334198,True,False,,,
fixed_offset,1,40,12,12,fixed continuous c,next_zero,60,1.0000102959433235,0.20787794940159354,0.016326695967083926,0.06363654504037086,0.05136133260475961,0.7931789975763306,0.3965976653141696,,True,0.584675395334198,True,False,,,
fixed_offset,1,40,12,12,fixed continuous c,next_zero,76,1.0000064504763306,0.16482170245808275,0.012945066239861887,0.050611277859353154,0.04327056807036128,0.8428007008798738,0.4214057869059094,,True,0.584675395334198,True,False,,,
fixed_offset,1,40,12,12,fixed continuous c,next_zero,108,1.0000032127836114,0.11654403642586679,0.00915334721638011,0.03592224280210643,0.03244439638317992,0.893715195918154,0.44686046927261175,,True,0.584675395334198,True,False,,,
fixed_offset,1,40,12,12,fixed continuous c,left_control,17,0.25,0.7276570386171766,0.05715005017131566,-0.11111085594147418,-0.15468418698173814,1.3649019990035969,,,True,1.0721375430604747,True,,,,
fixed_offset,1,40,12,12,fixed continuous c,left_control,20,0.25,0.6211493123495736,0.0487849529114943,-0.09407046680659881,-0.12203517897815574,1.2614537120733562,,,True,1.0721375430604747,True,,,,
fixed_offset,1,40,12,12,fixed continuous c,left_control,24,0.25,0.5197228470208269,0.040818936952585046,-0.07845300751541628,-0.09637590021192333,1.1906357657360622,,,True,1.0721375430604747,True,,,,
fixed_offset,1,40,12,12,fixed continuous c,left_control,32,0.25,0.39178021605223484,0.03077034621428807,-0.05918238933287728,-0.06859321978644994,1.124141480078005,,,True,1.0721375430604747,True,,,,
fixed_offset,1,40,12,12,fixed continuous c,left_control,44,0.25,0.28612676697704864,0.022472343728262366,-0.04340133124572576,-0.048207174767186556,1.0817713560762285,,,True,1.0721375430604747,True,,,,
fixed_offset,1,40,12,12,fixed continuous c,left_control,60,0.25,0.21045501101348985,0.016529097912778467,-0.032077078155657024,-0.034624158384177095,1.0563363877337615,,,True,1.0721375430604747,True,,,,
fixed_offset,1,40,12,12,fixed continuous c,left_control,76,0.25,0.16643762592523698,0.013071980572191265,-0.025457165943552795,-0.027037329858167758,1.0430246506314669,,,True,1.0721375430604747,True,,,,
fixed_offset,1,40,12,12,fixed continuous c,left_control,108,0.25,0.11734964642141377,0.009216619677471831,-0.0180304970881216,-0.018811490645581963,1.0292567195354663,,,True,1.0721375430604747,True,,,,
fixed_offset,1,40,12,12,fixed continuous c,right_control,17,0.75,0.7074418694509703,0.055562354497724946,0.1369512043804372,0.08472525524913149,0.7689611731170312,,,True,0.9495728365510853,True,,,,
fixed_offset,1,40,12,12,fixed continuous c,right_control,20,0.75,0.6063587215113705,0.04762330262350552,0.11086851843586995,0.07939528776208768,0.8407122662660612,,,True,0.9495728365510853,True,,,,
fixed_offset,1,40,12,12,fixed continuous c,right_control,24,0.75,0.5093277385958535,0.040002507046055895,0.08933997635875857,0.06992682026169983,0.8815130311048577,,,True,0.9495728365510853,True,,,,
fixed_offset,1,40,12,12,fixed continuous c,right_control,32,0.75,0.38584394023931046,0.030304112202198922,0.06496691368098678,0.05509026435876341,0.9167384730120912,,,True,0.9495728365510853,True,,,,
fixed_offset,1,40,12,12,fixed continuous c,right_control,44,0.75,0.28294752001364565,0.022222646255658004,0.04637655731245138,0.04142107721102101,0.9399349160739002,,,True,0.9495728365510853,True,,,,
fixed_offset,1,40,12,12,fixed continuous c,right_control,60,0.75,0.20872995210564796,0.016393612102981323,0.033659214386854264,0.031058317516734324,0.9553784425747918,,,True,0.9495728365510853,True,,,,
fixed_offset,1,40,12,12,fixed continuous c,right_control,76,0.75,0.16535685512639156,0.012987097032144587,0.026439839516651575,0.024834210757027575,0.9642961746475509,,,True,0.9495728365510853,True,,,,
fixed_offset,1,40,12,12,fixed continuous c,right_control,108,0.75,0.11681134355762123,0.009174341469414406,0.018516455128953335,0.01772685654848788,0.9743814255746804,,,True,0.9495728365510853,True,,,,
fixed_offset,1,80,25,24,fixed continuous c,large_N,30,0.5012560390482302,0.8281232811285612,0.032520325203252036,-0.054274484176525806,-0.061296757508960686,-125.77716400105672,,57.95991527206663,True,2.200796139560115,True,True,,,
fixed_offset,1,80,25,24,fixed continuous c,large_N,33,0.501142713576746,0.7545123228060224,0.02962962962962963,-0.039311955424115475,-0.0435081006339153,-107.70325572683926,,49.55844587831914,True,2.200796139560115,True,True,,,
fixed_offset,1,80,25,24,fixed continuous c,large_N,37,0.5010200072640532,0.6745639972106823,0.026490066225165563,-0.028281872923290652,-0.030639179312381137,-95.04146828384548,,43.66274546885014,True,2.200796139560115,True,True,,,
fixed_offset,1,80,25,24,fixed continuous c,large_N,45,0.5008396757218352,0.5566074512503444,0.02185792349726776,-0.017269280850483626,-0.018211451204093954,-83.1661072657558,,38.1177055858689,True,2.200796139560115,True,True,,,
fixed_offset,1,80,25,24,fixed continuous c,large_N,57,0.500663674593487,0.4409487600814416,0.017316017316017316,-0.010074972386935,-0.010408273557463099,-75.9097937860229,,34.71224283123678,True,2.200796139560115,True,True,,,
fixed_offset,1,80,25,24,fixed continuous c,large_N,73,0.500518708519195,0.34528530026716275,0.013559322033898305,-0.00591869769000819,-0.006036031423764632,-71.93039633962556,,32.830352165819825,True,2.200796139560115,True,True,,,
fixed_offset,1,80,25,24,fixed continuous c,large_N,89,0.5004257189205863,0.28373026066521734,0.011142061281337047,-0.003914181507073011,-0.003965957972677736,-70.07803731989893,,31.946039342292455,True,2.200796139560115,True,True,,,
fixed_offset,1,80,25,24,fixed continuous c,large_N,121,0.5003133643505007,0.20915639338565303,0.008213552361396304,-0.002086849324857254,-0.002101681763154062,-68.439787920276,,31.15336013034285,True,2.200796139560115,True,True,,,
fixed_offset,1,80,25,24,fixed continuous c,half_mesh,30,0.5,0.8281571086949544,0.032521653608677904,-0.05480240319760232,-0.06186855876289532,,,58.49581006931782,True,2.1990145601353497,True,True,,,
fixed_offset,1,80,25,24,fixed continuous c,half_mesh,33,0.5,0.7545378700850837,0.029630632868932357,-0.03974278445350654,-0.043972403461544296,,,50.08392414461966,True,2.1990145601353497,True,True,,,
fixed_offset,1,80,25,24,fixed continuous c,half_mesh,37,0.5,0.6745822244628453,0.026490782007684194,-0.028620722279482758,-0.031000142897667282,,,44.174753832353844,True,2.1990145601353497,True,True,,,
fixed_offset,1,80,25,24,fixed continuous c,half_mesh,45,0.5,0.5566176671703765,0.021858324675509293,-0.017495518636529872,-0.018447960467175895,,,38.61131690547143,True,2.1990145601353497,True,True,,,
fixed_offset,1,80,25,24,fixed continuous c,half_mesh,57,0.5,0.4409538276113514,0.01731621631745152,-0.010214839740702142,-0.010552126701067865,,,35.19119319352293,True,2.1990145601353497,True,True,,,
fixed_offset,1,80,25,24,fixed continuous c,half_mesh,73,0.5,0.3452877287917254,0.01355941740183487,-0.006003623474089115,-0.0061224342026233725,,,33.29983385743356,True,2.1990145601353497,True,True,,,
fixed_offset,1,80,25,24,fixed continuous c,half_mesh,89,0.5,0.28373160651383306,0.011142114132688598,-0.003971230292481809,-0.0040236743818888865,,,32.4106411511936,True,2.1990145601353497,True,True,,,
fixed_offset,1,80,25,24,fixed continuous c,half_mesh,121,0.5,0.20915693172098002,0.00821357350177516,-0.0021176907055128202,-0.0021327185242802082,,,31.613257245100638,True,2.1990145601353497,True,True,,,
fixed_offset,1,80,25,24,fixed continuous c,next_zero,30,1.000040192720766,0.8149050142071044,0.032001245075081564,0.22174124513842297,0.18710518255875686,0.9800231728304224,0.49005097621294097,,True,0.9915934507110706,True,True,,,
fixed_offset,1,80,25,24,fixed continuous c,next_zero,33,1.0000333635350522,0.7435216268744826,0.02919802600967507,0.1981040367081861,0.17141198566991567,0.9840360967172084,0.49205087928140967,,True,0.9915934507110706,True,True,,,
fixed_offset,1,80,25,24,fixed continuous c,next_zero,37,1.0000266666229591,0.6657634568523477,0.026144469813448513,0.1739564144187551,0.1544994971215432,0.9905499545865855,0.49530139191545386,,True,0.9915934507110706,True,True,,,
fixed_offset,1,80,25,24,fixed continuous c,next_zero,45,1.0000181550421705,0.550599853489062,0.02162200568486067,0.14034965389646237,0.12890852845748524,0.9993605871114057,0.4996984369893054,,True,0.9915934507110706,True,True,,,
fixed_offset,1,80,25,24,fixed continuous c,next_zero,57,1.000011393512379,0.4371686875805565,0.017167574216032096,0.10911110045860306,0.1029608640624472,1.005323100462979,0.5026730043926797,,True,0.9915934507110706,True,True,,,
fixed_offset,1,80,25,24,fixed continuous c,next_zero,73,1.000006985957172,0.34296251038865655,0.013468106288671455,0.08426381273227923,0.08098381840939284,1.0079476115821433,0.5039808472699178,,True,0.9915934507110706,True,True,,,
fixed_offset,1,80,25,24,fixed continuous c,next_zero,89,1.0000047170997721,0.28215966409346926,0.011080384098192585,0.06867311364103323,0.06666423204224892,1.008524100771286,0.504266807694449,,True,0.9915934507110706,True,True,,,
fixed_offset,1,80,25,24,fixed continuous c,next_zero,121,1.0000025633053935,0.2083014775870772,0.008179979896493259,0.0501506619210913,0.04919162335951477,1.0080660882206192,0.5040356280915506,,True,0.9915934507110706,True,True,,,
fixed_offset,1,80,25,24,fixed continuous c,left_control,30,0.25,0.8349455612764382,0.032788235518168306,-0.13965673516138377,-0.14388388579615208,1.471215937283454,,,True,1.1420822967634516,True,,,,
fixed_offset,1,80,25,24,fixed continuous c,left_control,33,0.25,0.7601689417932437,0.02985176453780977,-0.11903803250302136,-0.12322994375509766,1.383975976740088,,,True,1.1420822967634516,True,,,,
fixed_offset,1,80,25,24,fixed continuous c,left_control,37,0.25,0.6790795616210394,0.026667392024895435,-0.10076410809616232,-0.10423068367307686,1.3103802833108917,,,True,1.1420822967634516,True,,,,
fixed_offset,1,80,25,24,fixed continuous c,left_control,45,0.25,0.5596760624418677,0.021978427576967923,-0.07813368353970529,-0.08038058779689361,1.2261309877555393,,,True,1.1420822967634516,True,,,,
fixed_offset,1,80,25,24,fixed continuous c,left_control,57,0.25,0.442871040294972,0.017391505083479416,-0.05897477892940939,-0.06025287157974635,1.161509832052313,,,True,1.1420822967634516,True,,,,
fixed_offset,1,80,25,24,fixed continuous c,left_control,73,0.25,0.3464621851372825,0.01360553819467442,-0.044633050844450683,-0.04533915387736043,1.1172233243630074,,,True,1.1420822967634516,True,,,,
fixed_offset,1,80,25,24,fixed continuous c,left_control,89,0.25,0.28452415667061576,0.011173237504565474,-0.03595417012373925,-0.03639570111298318,1.0920772704275896,,,True,1.1420822967634516,True,,,,
fixed_offset,1,80,25,24,fixed continuous c,left_control,121,0.25,0.20958729688798697,0.008230473902363035,-0.025916354682725795,-0.026132596384524698,1.0644861799932195,,,True,1.1420822967634516,True,,,,
fixed_offset,1,80,25,24,fixed continuous c,right_control,30,0.75,0.8214781517206156,0.03225937158162509,0.06933936536964691,0.07146673646996304,0.7427289570337263,,,True,0.9140489792231965,True,,,,
fixed_offset,1,80,25,24,fixed continuous c,right_control,33,0.75,0.7489896110382538,0.029412753245660686,0.06841679145259605,0.0701115760294242,0.7991648224660892,,,True,0.9140489792231965,True,,,,
fixed_offset,1,80,25,24,fixed continuous c,right_control,37,0.75,0.6701440643820233,0.026316495868867123,0.06451714827403898,0.06560196299995957,0.8357397958121596,,,True,0.9140489792231965,True,,,,
fixed_offset,1,80,25,24,fixed continuous c,right_control,45,0.75,0.5535925159325799,0.021739527264201045,0.0560998198886139,0.05650268330763608,0.8713673555890621,,,True,0.9140489792231965,True,,,,
fixed_offset,1,80,25,24,fixed continuous c,right_control,57,0.75,0.4390531428124022,0.017241576599936914,0.04615393663150602,0.04619905153902848,0.8983351487010955,,,True,0.9140489792231965,True,,,,
fixed_offset,1,80,25,24,fixed continuous c,right_control,73,0.75,0.34412120801764173,0.013513608238158354,0.03711155081644624,0.03703860589076868,0.9188944236592816,,,True,0.9140489792231965,True,,,,
fixed_offset,1,80,25,24,fixed continuous c,right_control,89,0.75,0.2829434594343044,0.011111163669251153,0.030983076122664932,0.030891771845653393,0.9321065987598701,,,True,0.9140489792231965,True,,,,
fixed_offset,1,80,25,24,fixed continuous c,right_control,121,0.75,0.20872833035017152,0.008196742365302028,0.02326743593306324,0.02319098434061795,0.9485499523495264,,,True,0.9140489792231965,True,,,,
fixed_offset,2,10,2,2,fixed continuous c,large_N,7,0.5245833117987297,0.38583016507126144,0.1212121212121212,0.015051357372169283,0.01503267772171002,2.1566196806246234,,1.0231616274338884,True,2.004725258614239,True,True,,,
fixed_offset,2,10,2,2,fixed continuous c,large_N,10,0.5176985125057647,0.28294212105225836,0.08888888888888889,0.007848010204821398,0.007843862173164518,2.1314216237180506,,0.9927388062911342,True,2.004725258614239,True,True,,,
fixed_offset,2,10,2,2,fixed continuous c,large_N,14,0.5128899471311981,0.20872779421887913,0.06557377049180328,0.004205228878045586,0.0042041657180283964,2.1262885095811748,,0.9777312897989788,True,2.004725258614239,True,True,,,
fixed_offset,2,10,2,2,fixed continuous c,large_N,22,0.5083534072375495,0.13690747792851213,0.043010752688172046,0.0017907651541416714,0.0017905872598703576,2.1304848549233815,,0.96792432566367,True,2.004725258614239,True,True,,,
fixed_offset,2,10,2,2,fixed continuous c,large_N,34,0.5054677445988051,0.09030067693157183,0.028368794326241138,0.0007757153725304056,0.0007756831477989667,2.1377598463873757,,0.9638347913369535,True,2.004725258614239,True,True,,,
fixed_offset,2,10,2,2,fixed continuous c,large_N,50,0.5037436420187413,0.062109246084642085,0.01951219512195122,0.00036633799521840205,0.00036633091140958474,2.1438617763654193,,0.9621910344992374,True,2.004725258614239,True,True,,,
fixed_offset,2,10,2,2,fixed continuous c,large_N,66,0.5028462098886296,0.047332325083091556,0.014869888475836432,0.00021261958824059235,0.00021261721504362008,2.14757059502411,,0.9615746436107119,True,2.004725258614239,True,True,,,
fixed_offset,2,10,2,2,fixed continuous c,large_N,98,0.5019238536749655,0.03207152505630133,0.010075566750629723,9.756991115050795e-05,9.756941344241099e-05,2.1517699117227016,,0.9611136052028096,True,2.004725258614239,True,True,,,
fixed_offset,2,10,2,2,fixed continuous c,half_mesh,7,0.5,0.3869832961050858,0.12157438801057012,0.007934350349354635,0.007759463214072837,,,0.5249857248466628,True,1.9955456431738325,True,True,,,
fixed_offset,2,10,2,2,fixed continuous c,half_mesh,10,0.5,0.28338794728594935,0.08902894933094299,0.004127464736298825,0.004083978477170347,,,0.515253497528039,True,1.9955456431738325,True,True,,,
fixed_offset,2,10,2,2,fixed continuous c,half_mesh,14,0.5,0.20890436905642756,0.06562924311304837,0.0022163631022374397,0.0022044969514411483,,,0.5118170051490991,True,1.9955456431738325,True,True,,,
fixed_offset,2,10,2,2,fixed continuous c,half_mesh,22,0.5,0.13695668459347188,0.04302621141788657,0.0009482036823207918,0.0009461344940810412,,,0.5110773832044211,True,1.9955456431738325,True,True,,,
fixed_offset,2,10,2,2,fixed continuous c,half_mesh,34,0.5,0.09031468594252942,0.02837319538683198,0.00041247455341519856,0.0004120940723328359,,,0.511893800700886,True,1.9955456431738325,True,True,,,
fixed_offset,2,10,2,2,fixed continuous c,half_mesh,50,0.5,0.06211378328989218,0.01951362052701937,0.00019537657405271913,0.00019529258523676152,,,0.5128732453313045,True,1.9955456431738325,True,True,,,
fixed_offset,2,10,2,2,fixed continuous c,half_mesh,66,0.5,0.047334328405523964,0.014870517838140074,0.00011358672255895597,0.00011355856622635718,,,0.5135322421403665,True,1.9955456431738325,True,True,,,
fixed_offset,2,10,2,2,fixed continuous c,half_mesh,98,0.5,0.032072146740103544,0.010075762058356313,5.221997035959047e-05,5.221406794497785e-05,,,0.5143180000975458,True,1.9955456431738325,True,True,,,
fixed_offset,2,10,2,2,fixed continuous c,next_zero,7,1.002822957588575,0.36468967294834836,0.11457063973745955,0.12695697940893316,0.07765019200625747,0.5762059728099458,0.28972959142849897,,True,0.9364062234637567,True,True,,,
fixed_offset,2,10,2,2,fixed continuous c,next_zero,10,1.001510173021921,0.27127577584604645,0.0852237984494811,0.09562453195818255,0.07300256206147182,0.7301651931573875,0.3661852723549458,,True,0.9364062234637567,True,True,,,
fixed_offset,2,10,2,2,fixed continuous c,next_zero,14,1.000819577798294,0.20225651890292398,0.0635407593926071,0.07199610894015257,0.060910226467751155,0.8182389964904654,0.4097901087604546,,True,0.9364062234637567,True,True,,,
fixed_offset,2,10,2,2,fixed continuous c,next_zero,22,1.0003519404890024,0.13407038406559885,0.042119453364444746,0.04821158776504489,0.04387126623465634,0.8899088236955998,0.44526760679437893,,True,0.9364062234637567,True,True,,,
fixed_offset,2,10,2,2,fixed continuous c,next_zero,34,1.0001529854290105,0.08905096912706725,0.027976187040464593,0.032247536344174155,0.03046514580865678,0.9307553277097466,0.46552005585798684,,True,0.9364062234637567,True,True,,,
fixed_offset,2,10,2,2,fixed continuous c,next_zero,50,1.0000723502381679,0.06151352069412223,0.019325042470909812,0.02237383445231772,0.02155851047750884,0.9536502125798116,0.47689410310991487,,True,0.9364062234637567,True,True,,,
fixed_offset,2,10,2,2,fixed continuous c,next_zero,66,1.0000420136315677,0.04698495375452935,0.014760758554448559,0.017129877978631136,0.0166644662272194,0.9651612869473458,0.4826211934043862,,True,0.9364062234637567,True,True,,,
fixed_offset,2,10,2,2,fixed continuous c,next_zero,98,1.000019287419868,0.03191137482872741,0.010025254072788028,0.011663202254618144,0.011453245029322934,0.9767199656850283,0.4883788212505856,,True,0.9364062234637567,True,True,,,
fixed_offset,2,10,2,2,fixed continuous c,left_control,7,0.25,0.39911380010362874,0.12538529823518654,-0.07215728769690627,-0.08040920903403509,1.0965863163376661,,,True,1.012537978303994,True,,,,
fixed_offset,2,10,2,2,fixed continuous c,left_control,10,0.25,0.2898389618480757,0.09105559532660071,-0.05227353445231181,-0.056453044847263156,1.0601428344432318,,,True,1.012537978303994,True,,,,
fixed_offset,2,10,2,2,fixed continuous c,left_control,14,0.25,0.2123891030765204,0.06672400459277218,-0.038364450485969426,-0.04057198145708529,1.039747211270529,,,True,1.012537978303994,True,,,,
fixed_offset,2,10,2,2,fixed continuous c,left_control,22,0.25,0.1384458850737518,0.04349405754674354,-0.025103763606572682,-0.02603563031179157,1.0235800693882777,,,True,1.012537978303994,True,,,,
fixed_offset,2,10,2,2,fixed continuous c,left_control,34,0.25,0.09095989163697465,0.028575892733804325,-0.01655337663130363,-0.01695584893293106,1.0146199118639112,,,True,1.012537978303994,True,,,,
fixed_offset,2,10,2,2,fixed continuous c,left_control,50,0.25,0.06241828497161303,0.019609282551649367,-0.011389046800573677,-0.01157897888189191,1.0096996529097946,,,True,1.012537978303994,True,,,,
fixed_offset,2,10,2,2,fixed continuous c,left_control,66,0.25,0.047510956537197335,0.01492600720222831,-0.008682025392277581,-0.00879225358751723,1.0072568004832605,,,True,1.012537978303994,True,,,,
fixed_offset,2,10,2,2,fixed continuous c,left_control,98,0.25,0.03215313858355285,0.010101206396394417,-0.0058852241720796505,-0.0059358158365956926,1.0048259041659804,,,True,1.012537978303994,True,,,,
fixed_offset,2,10,2,2,fixed continuous c,right_control,7,0.75,0.37556842087411907,0.1179882991938452,0.07393836113068297,0.06547156022325953,0.9488496444313146,,,True,0.9902926503029121,True,,,,
fixed_offset,2,10,2,2,fixed continuous c,right_control,10,0.75,0.2772178439404964,0.08709055419674654,0.05331287306404517,0.049047482867221076,0.9630067238604341,,,True,0.9902926503029121,True,,,,
fixed_offset,2,10,2,2,fixed continuous c,right_control,14,0.75,0.20553213937084897,0.06456982591240526,0.03896468881607118,0.03672081058607851,0.9724477892612855,,,True,0.9902926503029121,True,,,,
fixed_offset,2,10,2,2,fixed continuous c,right_control,22,0.75,0.13549918049672127,0.042568323001593696,0.02537750497719543,0.024434605188445868,0.981527414895187,,,True,0.9902926503029121,True,,,,
fixed_offset,2,10,2,2,fixed continuous c,right_control,34,0.75,0.08967856905209774,0.028173353371851527,0.01667711520267956,0.01627129594767912,0.9875685503730948,,,True,0.9902926503029121,True,,,,
fixed_offset,2,10,2,2,fixed continuous c,right_control,50,0.75,0.0618122381500955,0.019418887327428278,0.011448967767097529,0.011257906490650171,0.9913270222664881,,,True,0.9902926503029121,True,,,,
fixed_offset,2,10,2,2,fixed continuous c,right_control,66,0.75,0.04715900868555209,0.014815439523710769,0.008717256235027615,0.008606518339165092,0.9933369896342514,,,True,0.9902926503029121,True,,,,
fixed_offset,2,10,2,2,fixed continuous c,right_control,98,0.75,0.03199156189871189,0.010050445583785641,0.005901606676900151,0.005850853120289268,0.995445593996745,,,True,0.9902926503029121,True,,,,
fixed_offset,2,20,5,5,fixed continuous c,large_N,10,0.5176985125057647,0.5658842421045167,0.08888888888888889,0.015105110452496462,0.014367680471520483,1.8884951198535826,,1.818409559676811,True,2.0112518421912338,True,True,,,
fixed_offset,2,20,5,5,fixed continuous c,large_N,13,0.5138290393691064,0.4467507174509343,0.07017543859649124,0.008861858620326069,0.008637628299505318,1.840478773815826,,1.753978396568298,True,2.0112518421912338,True,True,,,
fixed_offset,2,20,5,5,fixed continuous c,large_N,17,0.5107087556304415,0.3488327519822364,0.05479452054794521,0.005218333247936802,0.005146357851115113,1.8135824002526162,,1.714058811787027,True,2.0112518421912338,True,True,,,
fixed_offset,2,20,5,5,fixed continuous c,large_N,25,0.507379659379428,0.2425218180447929,0.03809523809523809,0.0024574635456202643,0.002442444979912972,1.7965165850083795,,1.6829972439712826,True,2.0112518421912338,True,True,,,
fixed_offset,2,20,5,5,fixed continuous c,large_N,37,0.5050331130469731,0.1664365417954461,0.0261437908496732,0.001143243307585362,0.0011400882684615699,1.7916232173177344,,1.668020392276056,True,2.0112518421912338,True,True,,,
fixed_offset,2,20,5,5,fixed continuous c,large_N,53,0.503534669090772,0.11734926679586755,0.018433179723502304,0.0005652756294078909,0.0005645144361520193,1.791593521432634,,1.6614012677476524,True,2.0112518421912338,True,True,,,
fixed_offset,2,20,5,5,fixed continuous c,large_N,69,0.5027237834603021,0.09062203165374824,0.014234875444839859,0.00033638849159162154,0.0003361203483898123,1.7925942776652481,,1.6587749268254979,True,2.0112518421912338,True,True,,,
fixed_offset,2,20,5,5,fixed continuous c,large_N,101,0.5018671288144197,0.062261102432037294,0.009779951100244499,0.00015852149538153615,0.00015846219235515768,1.7944367133481338,,1.6567321249601958,True,2.0112518421912338,True,True,,,
fixed_offset,2,20,5,5,fixed continuous c,half_mesh,10,0.5,0.5667758945718987,0.08902894933094299,0.0067825091193773335,0.00553886595069375,,,0.6988087888776797,True,1.9915018308082024,True,True,,,
fixed_offset,2,20,5,5,fixed continuous c,half_mesh,13,0.5,0.44718469181643544,0.07024360713041647,0.003917734228143399,0.0035238270041730857,,,0.7141689573822205,True,1.9915018308082024,True,True,,,
fixed_offset,2,20,5,5,fixed continuous c,half_mesh,17,0.5,0.34903756063663105,0.054826691816147105,0.002292830163674431,0.0021632201696894504,,,0.7196422288794796,True,1.9915018308082024,True,True,,,
fixed_offset,2,20,5,5,fixed continuous c,half_mesh,25,0.5,0.24259001734753097,0.03810595081666119,0.0010783603896089566,0.0010508088998684162,,,0.723665947674894,True,1.9915018308082024,True,True,,,
fixed_offset,2,20,5,5,fixed continuous c,half_mesh,37,0.5,0.16645844517249647,0.026147231424094714,0.0005026674970218248,0.0004968323548097953,,,0.7267055027691289,True,1.9915018308082024,True,True,,,
fixed_offset,2,20,5,5,fixed continuous c,half_mesh,53,0.5,0.1173569132079174,0.01843438081909841,0.0002491517164464607,0.0002477396924578379,,,0.7290183906844935,True,1.9915018308082024,True,True,,,
fixed_offset,2,20,5,5,fixed continuous c,half_mesh,69,0.5,0.0906255454524925,0.014235427391055917,0.00014851803884102788,0.00014802018456538946,,,0.7304322171121567,True,1.9915018308082024,True,True,,,
fixed_offset,2,20,5,5,fixed continuous c,half_mesh,101,0.5,0.06226223936720769,0.009780129689603444,7.013297157387743e-05,7.002282296364459e-05,,,0.7320662540920296,True,1.9915018308082024,True,True,,,
fixed_offset,2,20,5,5,fixed continuous c,next_zero,10,1.001510173021921,0.5425515516920929,0.0852237984494811,0.20633750191269323,0.11758233190659623,0.5688724286701575,0.28529531012977105,,True,0.9260772270210267,True,True,,,
fixed_offset,2,20,5,5,fixed continuous c,next_zero,13,1.0009390922379096,0.4319841339880974,0.06785590909021778,0.16328530785638806,0.1177645000058663,0.7163994525854899,0.3588724914579106,,True,0.9260772270210267,True,True,,,
fixed_offset,2,20,5,5,fixed continuous c,next_zero,17,1.0005717055071337,0.3397142092609436,0.0533621832067123,0.1281215793826575,0.1040002477618393,0.8050964972042716,0.4030085267033615,,True,0.9260772270210267,True,True,,,
fixed_offset,2,20,5,5,fixed continuous c,next_zero,25,1.000276009593607,0.2380519163035543,0.03739310757161092,0.08976580849358584,0.07959028288670822,0.8797763088344942,0.4401309811187135,,True,0.9260772270210267,True,True,,,
fixed_offset,2,20,5,5,fixed continuous c,next_zero,37,1.0001299167682716,0.16430976430195338,0.025809717422204358,0.06203097703028265,0.0576462023359805,0.9234599576128389,0.46184995173974075,,True,0.9260772270210267,True,True,,,
fixed_offset,2,20,5,5,fixed continuous c,next_zero,53,1.0000645676005477,0.1162849542332199,0.018265997897105448,0.04395699908753692,0.04189207806740186,0.9483657648773492,0.4742441161405544,,True,0.9260772270210267,True,True,,,
fixed_offset,2,20,5,5,fixed continuous c,next_zero,69,1.000038501355299,0.08998500860507617,0.014134812098346081,0.034045131609176715,0.03284831633732804,0.9610214483040206,0.48054772478024144,,True,0.9260772270210267,True,True,,,
fixed_offset,2,20,5,5,fixed continuous c,next_zero,101,1.0000181721614685,0.06195924363631675,0.009732535231491642,0.023466762290395682,0.022918293669222323,0.9738318128843659,0.4869336030711299,,True,0.9260772270210267,True,True,,,
fixed_offset,2,20,5,5,fixed continuous c,left_control,10,0.25,0.5796779236961515,0.09105559532660071,-0.1165891751181859,-0.13128698582582388,1.1925826348196096,,,True,1.0271714264033953,True,,,,
fixed_offset,2,20,5,5,fixed continuous c,left_control,13,0.25,0.45517802846796074,0.07149919751552156,-0.08884091800382843,-0.09709634840791626,1.1232467526249295,,,True,1.0271714264033953,True,,,,
fixed_offset,2,20,5,5,fixed continuous c,left_control,17,0.25,0.3538881903236939,0.05558862694565516,-0.06800637187598979,-0.07270297178473878,1.081781769152153,,,True,1.0271714264033953,True,,,,
fixed_offset,2,20,5,5,fixed continuous c,left_control,25,0.25,0.24492327592408566,0.038472458216812666,-0.046598750388918475,-0.04873504369491666,1.0477673594272718,,,True,1.0271714264033953,True,,,,
fixed_offset,2,20,5,5,fixed continuous c,left_control,37,0.25,0.16755371159072868,0.026319275470756808,-0.031767494939359486,-0.03273892222701963,1.028878022301324,,,True,1.0271714264033953,True,,,,
fixed_offset,2,20,5,5,fixed continuous c,left_control,53,0.25,0.11790026781681963,0.018519730761479482,-0.022335698068638443,-0.022809466541764023,1.0187178160865489,,,True,1.0271714264033953,True,,,,
fixed_offset,2,20,5,5,fixed continuous c,left_control,69,0.25,0.090949220709413,0.014286270181520427,-0.017230399937901597,-0.017510325424313133,1.0137918603848346,,,True,1.0271714264033953,True,,,,
fixed_offset,2,20,5,5,fixed continuous c,left_control,101,0.25,0.06241484568855535,0.009804101034505302,-0.011828957743089452,-0.011959908398798236,1.0090054617488569,,,True,1.0271714264033953,True,,,,
fixed_offset,2,20,5,5,fixed continuous c,right_control,10,0.75,0.5544356878809928,0.08709055419674654,0.11643408934733196,0.10525095614902896,0.9996050408189284,,,True,0.9914076204400134,True,,,,
fixed_offset,2,20,5,5,fixed continuous c,right_control,13,0.75,0.4394672505921162,0.06903135429767485,0.08895825052328893,0.08229816292471709,0.9860914404902958,,,True,0.9914076204400134,True,,,,
fixed_offset,2,20,5,5,fixed continuous c,right_control,17,0.75,0.34431810497952303,0.054085361455081436,0.06815020775495706,0.06417442979469473,0.9814218527209805,,,True,0.9914076204400134,True,,,,
fixed_offset,2,20,5,5,fixed continuous c,right_control,25,0.75,0.24030079478075098,0.037746360576749786,0.046698435685264605,0.04479409583943039,0.9815651542572076,,,True,0.9914076204400134,True,,,,
fixed_offset,2,20,5,5,fixed continuous c,right_control,37,0.75,0.16537740485324298,0.025977422007834657,0.03182332656529818,0.030925164280489525,0.9846670551288261,,,True,0.9914076204400134,True,,,,
fixed_offset,2,20,5,5,fixed continuous c,right_control,53,0.75,0.1168185438270075,0.0183498139544992,0.022366121584235232,0.02191774057630147,0.9879558989183262,,,True,0.9914076204400134,True,,,,
fixed_offset,2,20,5,5,fixed continuous c,right_control,69,0.75,0.09030416585346329,0.014184945201689727,0.017249382216944498,0.01698108862450709,0.9901735202439644,,,True,0.9914076204400134,True,,,,
fixed_offset,2,20,5,5,fixed continuous c,right_control,101,0.75,0.06211037748050031,0.009756275280221435,0.011838329511003665,0.011711133764292392,0.9928607390201794,,,True,0.9914076204400134,True,,,,
fixed_offset,2,40,11,11,fixed continuous c,large_N,16,0.5113488426872698,0.7381098810058915,0.057971014492753624,-0.025086587246309078,-0.029047878891873102,-5.50722691359999,,8.643559462762989,True,2.110482246706356,True,True,,,
fixed_offset,2,40,11,11,fixed continuous c,large_N,19,0.5096233192887717,0.6287602690050187,0.04938271604938272,-0.015322385889873447,-0.016995488179562757,-4.460821019237258,,6.969212371631952,True,2.110482246706356,True,True,,,
fixed_offset,2,40,11,11,fixed continuous c,large_N,23,0.5080014667485482,0.5250472349423352,0.041237113402061855,-0.009542274021563824,-0.010237954193963117,-3.8702261474335318,,6.020556938187436,True,2.110482246706356,True,True,,,
fixed_offset,2,40,11,11,fixed continuous c,large_N,31,0.505984549639702,0.39480295960780243,0.031007751937984496,-0.004890684531340672,-0.005083502914529525,-3.416979274870276,,5.287160750042864,True,2.110482246706356,True,True,,,
fixed_offset,2,40,11,11,fixed continuous c,large_N,43,0.5043427243933694,0.28773775022263565,0.02259887005649717,-0.0024606217942750863,-0.0025107737889271675,-3.1910941332635296,,4.916252002081204,True,2.110482246706356,True,True,,,
fixed_offset,2,40,11,11,fixed continuous c,large_N,59,0.5031796873400997,0.21132606551620958,0.016597510373443983,-0.0012920628525689981,-0.0013060696652406056,-3.0868817887334505,,4.741114514177476,True,2.110482246706356,True,True,,,
fixed_offset,2,40,11,11,fixed continuous c,large_N,75,0.5025080248244091,0.1669822353751033,0.013114754098360656,-0.0007974541650888067,-0.0008028185982239533,-3.04443330637674,,4.667637506236453,True,2.110482246706356,True,True,,,
fixed_offset,2,40,11,11,fixed continuous c,large_N,107,0.5017631556117055,0.1176202812688372,0.009237875288683603,-0.0003919109041941038,-0.0003932122648173664,-3.011239782123727,,4.60768589489645,True,2.110482246706356,True,True,,,
fixed_offset,2,40,11,11,fixed continuous c,half_mesh,16,0.5,0.7385958060848905,0.058009178959213085,-0.031205577784064076,-0.035646906456562655,,,10.593230179556716,True,2.095421491830626,True,True,,,
fixed_offset,2,40,11,11,fixed continuous c,half_mesh,19,0.5,0.6290592140750724,0.04940619514028041,-0.019518766595422732,-0.021434383101285648,,,8.78108477402234,True,2.095421491830626,True,True,,,
fixed_offset,2,40,11,11,fixed continuous c,half_mesh,23,0.5,0.5252205353402395,0.04125072438348487,-0.012358905197856762,-0.013167045660056553,,,7.737936881082719,True,2.095421491830626,True,True,,,
fixed_offset,2,40,11,11,fixed continuous c,half_mesh,31,0.5,0.39487623577631537,0.031013507034801584,-0.006428901527610664,-0.006655802374784248,,,6.919881533109596,True,2.095421491830626,True,True,,,
fixed_offset,2,40,11,11,fixed continuous c,half_mesh,43,0.5,0.2877659917682183,0.02260108814230039,-0.0032610362280832694,-0.003320475546535251,,,6.500422550410789,True,2.095421491830626,True,True,,,
fixed_offset,2,40,11,11,fixed continuous c,half_mesh,59,0.5,0.21133721881544873,0.016598386351517808,-0.0017190330180294477,-0.0017356907941061817,,,6.300001046866277,True,2.095421491830626,True,True,,,
fixed_offset,2,40,11,11,fixed continuous c,half_mesh,75,0.5,0.16698772795696676,0.013115185484731442,-0.0010626462576873719,-0.0010690349718368575,,,6.215027269816913,True,2.095421491830626,True,True,,,
fixed_offset,2,40,11,11,fixed continuous c,half_mesh,107,0.5,0.1176221970770297,0.009238025755907183,-0.0005228562526160552,-0.0005244077758606025,,,6.14484291604174,True,2.095421491830626,True,True,,,
fixed_offset,2,40,11,11,fixed continuous c,next_zero,16,1.0006400870568273,0.7177510799025234,0.0563720379931977,0.25817875005465984,0.20018459684161427,0.8847535683903928,0.4429431035028048,,True,0.977576746124523,True,True,,,
fixed_offset,2,40,11,11,fixed continuous c,next_zero,19,1.0004641524574118,0.6138803894097702,0.04821405303881439,0.213505710348051,0.17799514021042367,0.9201159328763248,0.46048504050951067,,True,0.977576746124523,True,True,,,
fixed_offset,2,40,11,11,fixed continuous c,next_zero,23,1.0003234759877422,0.514599860215106,0.04041657850975278,0.17464810279608045,0.15312700178342276,0.9445443948719581,0.47257773486707655,,True,0.977576746124523,True,True,,,
fixed_offset,2,40,11,11,fixed continuous c,next_zero,31,1.000182793540925,0.38884431838923106,0.03053976135104347,0.12877017923620737,0.1183953048488724,0.9667654376896525,0.4835594373224255,,True,0.977576746124523,True,True,,,
fixed_offset,2,40,11,11,fixed continuous c,next_zero,43,1.0000970608847228,0.2845498000012041,0.022348489031605693,0.09267826579252547,0.08780703494680342,0.9799589110787656,0.4900745712182842,,True,0.977576746124523,True,True,,,
fixed_offset,2,40,11,11,fixed continuous c,next_zero,59,1.0000523454232346,0.20959754618178555,0.016461752782378623,0.06756151603344751,0.06515112020472358,0.9872141370408092,0.4936587446622312,,True,0.977576746124523,True,True,,,
fixed_offset,2,40,11,11,fixed continuous c,next_zero,75,1.0000326797575472,0.1658997538304738,0.013029736196654292,0.05318086949647172,0.051749329871276784,0.9907218494633865,0.49539330128153036,,True,0.977576746124523,True,True,,,
fixed_offset,2,40,11,11,fixed continuous c,next_zero,107,1.000016213396129,0.11708137914257939,0.009195550014662216,0.037315488175523104,0.036643926123419934,0.9940797421233712,0.49705598847032845,,True,0.977576746124523,True,True,,,
fixed_offset,2,40,11,11,fixed continuous c,left_control,16,0.25,0.7494647650040771,0.058862824996530234,-0.15093108078305595,-0.1623541676227679,1.376142329948454,,,True,1.072372641724571,True,,,,
fixed_offset,2,40,11,11,fixed continuous c,left_control,19,0.25,0.6369262395959329,0.050024069879828874,-0.1194566779896783,-0.12698888639786976,1.2665656519182569,,,True,1.072372641724571,True,,,,
fixed_offset,2,40,11,11,fixed continuous c,left_control,23,0.25,0.5306934072084617,0.04168056273486599,-0.0948202674330908,-0.09958466044224379,1.192064862572457,,,True,1.072372641724571,True,,,,
fixed_offset,2,40,11,11,fixed continuous c,left_control,31,0.25,0.39796178341872507,0.031255845379943976,-0.06793619434426645,-0.07032030498542019,1.1225107520634918,,,True,1.072372641724571,True,,,,
fixed_offset,2,40,11,11,fixed continuous c,left_control,43,0.25,0.2894011872033356,0.022729516091454086,-0.04799785784395749,-0.04914468368626579,1.0787662932039865,,,True,1.072372641724571,True,,,,
fixed_offset,2,40,11,11,fixed continuous c,left_control,59,0.25,0.2122178372287001,0.01666754995995997,-0.03460224727000982,-0.035178726209393774,1.0530508868020259,,,True,1.072372641724571,True,,,,
fixed_offset,2,40,11,11,fixed continuous c,left_control,75,0.25,0.16753704782140225,0.01315832896599598,-0.027079467135780133,-0.027424915960364893,1.0398856361673343,,,True,1.072372641724571,True,,,,
fixed_offset,2,40,11,11,fixed continuous c,left_control,107,0.25,0.11789447512645403,0.009259410423902313,-0.018888167750363838,-0.019051856468701334,1.0265851557146008,,,True,1.072372641724571,True,,,,
fixed_offset,2,40,11,11,fixed continuous c,right_control,16,0.75,0.7280375903677216,0.05717993863591124,0.11180094024322862,0.11061410649606196,0.9651789562405851,,,True,0.9769970443144717,True,,,,
fixed_offset,2,40,11,11,fixed continuous c,right_control,19,0.75,0.6213841573414004,0.04880339759402069,0.0949288426542495,0.0934214652217904,0.9550753372552471,,,True,0.9769970443144717,True,,,,
fixed_offset,2,40,11,11,fixed continuous c,right_control,23,0.75,0.519859391223854,0.04082966110921305,0.07925898436011847,0.07784243252072753,0.9512214551718631,,,True,0.9769970443144717,True,,,,
fixed_offset,2,40,11,11,fixed continuous c,right_control,31,0.75,0.3918381668403635,0.03077489765854444,0.05982521742290836,0.05879707153990288,0.9532352468658013,,,True,0.9769970443144717,True,,,,
fixed_offset,2,40,11,11,fixed continuous c,right_control,43,0.75,0.28614917110869986,0.022474103344647504,0.043879034137850104,0.043241800745240644,0.9599805002309308,,,True,0.9769970443144717,True,,,,
fixed_offset,2,40,11,11,fixed continuous c,right_control,59,0.75,0.21046387862284352,0.016529794373188477,0.03243003130637323,0.03205233550158293,0.9674605005381893,,,True,0.9769970443144717,True,,,,
fixed_offset,2,40,11,11,fixed continuous c,right_control,75,0.75,0.166441998536154,0.013072323996249613,0.025736489505482685,0.02548844302940456,0.972817820867709,,,True,0.9769970443144717,True,,,,
fixed_offset,2,40,11,11,fixed continuous c,right_control,107,0.75,0.11735117378555047,0.009216739636370612,0.01822734864271669,0.018097505827105564,0.9796758889217542,,,True,0.9769970443144717,True,,,,
fixed_offset,2,80,24,24,fixed continuous c,large_N,29,0.5063870229204565,0.8418112692463885,0.03305785123966942,0.008210741862654136,-0.00319608675866212,-0.9324739057725195,,2.924619139598256,True,1.7472379863931125,True,True,,,
fixed_offset,2,80,24,24,fixed continuous c,large_N,32,0.5058017560987779,0.7658583727730303,0.03007518796992481,0.006175766042757325,0.0005427177592579047,0.19160085316472977,,0.6000084027195672,True,1.7472379863931125,True,True,,,
fixed_offset,2,80,24,24,fixed continuous c,large_N,36,0.5051701027317852,0.6836185475088122,0.026845637583892617,0.004569749906919052,0.0018150802815755096,0.8055901850772368,,2.518537333203618,True,1.7472379863931125,True,True,,,
fixed_offset,2,80,24,24,fixed continuous c,large_N,44,0.504245663508643,0.5627578098276962,0.022099447513812154,0.0028706223507474204,0.0019126071384357735,1.2557118946478567,,3.9161826538933986,True,1.7472379863931125,True,True,,,
fixed_offset,2,80,24,24,fixed continuous c,large_N,56,0.5033477939404767,0.4447998409555154,0.017467248908296946,0.0017054381248246542,0.0013965602263285581,1.4711862748779285,,4.577313426805993,True,1.7472379863931125,True,True,,,
fixed_offset,2,80,24,24,fixed continuous c,large_N,72,0.5026114550790067,0.3476421965147202,0.013651877133105802,0.0010117969443444452,0.000908920744681907,1.5705157936834564,,4.876871063137314,True,1.7472379863931125,True,True,,,
fixed_offset,2,80,24,24,fixed continuous c,large_N,88,0.5021406348550835,0.2853197859350505,0.011204481792717087,0.0006719999438478119,0.0006278460356347604,1.612538200796881,,5.00114683722591,True,1.7472379863931125,True,True,,,
fixed_offset,2,80,24,24,fixed continuous c,large_N,120,0.5015733287548404,0.21001889397693407,0.008247422680412371,0.0003594526466859649,0.00034713606355202264,1.6479848875311214,,5.103442534314032,True,1.7472379863931125,True,True,,,
fixed_offset,2,80,24,24,fixed continuous c,half_mesh,29,0.5,0.841989047869447,0.03306483258987149,0.00381361928207008,-0.008547597495000891,,,7.818283362542992,True,0.2791856081549792,False,False,,,
fixed_offset,2,80,24,24,fixed continuous c,half_mesh,32,0.5,0.7659920298837368,0.03008043667238851,0.0027862121307354326,-0.0034045799148452738,,,3.7626624526436254,True,0.2791856081549792,False,False,,,
fixed_offset,2,80,24,24,fixed continuous c,half_mesh,36,0.5,0.6837134433139407,0.02684936413344572,0.0020062511407499817,-0.0010574505450762217,,,1.4668714491855268,True,0.2791856081549792,False,False,,,
fixed_offset,2,80,24,24,fixed continuous c,half_mesh,44,0.5,0.5628106165569116,0.02210152122921919,0.0012224946485535626,0.0001425226417595682,,,0.29176925739916604,True,0.2791856081549792,False,False,,,
fixed_offset,2,80,24,24,fixed continuous c,half_mesh,56,0.5,0.4448258529257336,0.01746827039597873,0.0007114315193614829,0.0003598053074201357,,,1.179146465497609,True,0.2791856081549792,False,False,,,
fixed_offset,2,80,24,24,fixed continuous c,half_mesh,72,0.5,0.3476545908402764,0.013652363857132222,0.00041719074535651046,0.0002993703462496611,,,1.6061757729318686,True,0.2791856081549792,False,False,,,
fixed_offset,2,80,24,24,fixed continuous c,half_mesh,88,0.5,0.285326629409874,0.01120475053534497,0.00027562436668421286,0.00022490582442663554,,,1.7914154648524139,True,0.2791856081549792,False,False,,,
fixed_offset,2,80,24,24,fixed continuous c,half_mesh,120,0.5,0.21002161919798662,0.008247529699592847,0.0001467948664361507,0.00013260846013818384,,,1.9495009706779312,True,0.2791856081549792,False,False,,,
fixed_offset,2,80,24,24,fixed continuous c,next_zero,29,1.0002077844756634,0.8282897266479865,0.03252686150351515,0.29409291752538386,0.012906707880446844,0.048866822137752314,0.024443564835891385,,True,0.6264350783384074,True,False,,,
fixed_offset,2,80,24,24,fixed continuous c,next_zero,32,1.0001719562990186,0.7546382031617276,0.029634572939638563,0.2594554036993493,0.06556147809701585,0.2724720432217785,0.1362828748950277,,True,0.6264350783384074,True,False,,,
fixed_offset,2,80,24,24,fixed continuous c,next_zero,36,1.0001369896848131,0.6746539471334242,0.026493598550371526,0.2266746231999462,0.09519626136391596,0.4425692024235424,0.22134522862731923,,True,0.6264350783384074,True,False,,,
fixed_offset,2,80,24,24,fixed continuous c,next_zero,44,1.000092816722276,0.5566579805466421,0.021859907778093258,0.18293292662660532,0.10962956146649588,0.617760247469735,0.30893746221619,,True,0.6264350783384074,True,False,,,
fixed_offset,2,80,24,24,fixed continuous c,next_zero,56,1.000057976454933,0.44097388083614025,0.017317003805747487,0.14292629714685018,0.10386758289604475,0.738887189456129,0.36948643278790466,,True,0.6264350783384074,True,False,,,
fixed_offset,2,80,24,24,fixed continuous c,next_zero,72,1.000035411802094,0.3452973612969405,0.01355979566943011,0.11106526913382725,0.08979477081027165,0.8158087569308687,0.4079332677236813,,True,0.6264350783384074,True,False,,,
fixed_offset,2,80,24,24,fixed continuous c,next_zero,88,1.0000238521030391,0.2837369526929341,0.011142324076650955,0.09094303476094745,0.07755325193666301,0.8574814409824889,0.4287611732269289,,True,0.6264350783384074,True,False,,,
fixed_offset,2,80,24,24,fixed continuous c,next_zero,120,1.000012922917479,0.20915907406770734,0.008213657631534409,0.06683508571572744,0.06011574942762732,0.9016991569914848,0.4508612310795391,,True,0.6264350783384074,True,False,,,
fixed_offset,2,80,24,24,fixed continuous c,left_control,29,0.25,0.8490071174207283,0.033340431536680086,-0.16717139143141446,-0.21309637710627571,1.5749111730688656,,,True,1.1483610413716603,True,,,,
fixed_offset,2,80,24,24,fixed continuous c,left_control,32,0.25,0.7717960202112282,0.030308358839567923,-0.14273647380232257,-0.17622607590874917,1.4327122189903876,,,True,1.1483610413716603,True,,,,
fixed_offset,2,80,24,24,fixed continuous c,left_control,36,0.25,0.6883337743521734,0.027030804109031525,-0.12181065658937162,-0.14564774608127218,1.3276879620598439,,,True,1.1483610413716603,True,,,,
fixed_offset,2,80,24,24,fixed continuous c,left_control,44,0.25,0.5659376372328405,0.022224319044008213,-0.09595973640219968,-0.11009031821312631,1.2205958207044294,,,True,1.1483610413716603,True,,,,
fixed_offset,2,80,24,24,fixed continuous c,left_control,56,0.25,0.4467769581034446,0.017544890117137203,-0.07371882398219731,-0.08167083429924638,1.1470109239638668,,,True,1.1483610413716603,True,,,,
fixed_offset,2,80,24,24,fixed continuous c,left_control,72,0.25,0.34884523134732115,0.0136991202005072,-0.05668272222864834,-0.061205757466361366,1.1009074616516756,,,True,1.1483610413716603,True,,,,
fixed_offset,2,80,24,24,fixed continuous c,left_control,88,0.25,0.28612812798367454,0.011236225310736401,-0.046157765532049866,-0.04908533154196537,1.076421848359995,,,True,1.1483610413716603,True,,,,
fixed_offset,2,80,24,24,fixed continuous c,left_control,120,0.25,0.2104555538056006,0.008264570271785579,-0.0337353652874165,-0.03525523719406154,1.05112551618766,,,True,1.1483610413716603,True,,,,
fixed_offset,2,80,24,24,fixed continuous c,right_control,29,0.75,0.8350860527364797,0.03279375260490279,0.16620044601189649,0.14203575859320317,1.0672294319129572,,,True,0.9979484276379589,True,,,,
fixed_offset,2,80,24,24,fixed continuous c,right_control,32,0.75,0.7602746812827502,0.029855916917852617,0.14257706991522368,0.1235741703456037,1.0198786593872653,,,True,0.9979484276379589,True,,,,
fixed_offset,2,80,24,24,fixed continuous c,right_control,36,0.75,0.6791547251840861,0.026670343691114002,0.12187835521314211,0.107332739457076,0.9916417800541112,,,True,0.9979484276379589,True,,,,
fixed_offset,2,80,24,24,fixed continuous c,right_control,44,0.75,0.5597179619522956,0.02198007296689479,0.09607574442470451,0.08657531951221092,0.9705461424595598,,,True,0.9979484276379589,True,,,,
fixed_offset,2,80,24,24,fixed continuous c,right_control,56,0.75,0.44289171486787093,0.01739231697205861,0.07380732664705447,0.06796880976784275,0.9629493352139047,,,True,0.9979484276379589,True,,,,
fixed_offset,2,80,24,24,fixed continuous c,right_control,72,0.75,0.3464720502163065,0.013605925595421781,0.05674092820519272,0.05318056098211771,0.963110321459827,,,True,0.9979484276379589,True,,,,
fixed_offset,2,80,24,24,fixed continuous c,right_control,88,0.75,0.2845296085888347,0.011173451600893279,0.04619824735255218,0.04379072554219615,0.9657083871394306,,,True,0.9979484276379589,True,,,,
fixed_offset,2,80,24,24,fixed continuous c,right_control,120,0.75,0.20958947035262282,0.008230559254119694,0.03375799810043373,0.03244115812294507,0.9712213448695638,,,True,0.9979484276379589,True,,,,
fixed_offset,4,10,1,1,fixed continuous c,large_N,6,0.604508628823862,0.38583016507126144,0.1212121212121212,0.03413566728704692,0.034059437564733286,1.0134484580887855,,2.3181704692496594,True,2.0035987266554627,True,True,,,
fixed_offset,4,10,1,1,fixed continuous c,large_N,9,0.57479751202071,0.28294212105225836,0.08888888888888889,0.017935238596199388,0.01791553052155237,1.0156812584234427,,2.2674343316339716,True,2.0035987266554627,True,True,,,
fixed_offset,4,10,1,1,fixed continuous c,large_N,13,0.5543158029511218,0.20872779421887913,0.06557377049180328,0.009644956901965318,0.009639466230893179,1.02013822543959,,2.241778365322095,True,2.0035987266554627,True,True,,,
fixed_offset,4,10,1,1,fixed continuous c,large_N,21,0.5351325636516487,0.13690747792851213,0.043010752688172046,0.004116631692119455,0.004115657548625806,1.0266318702249106,,2.224770133629037,True,2.0035987266554627,True,True,,,
fixed_offset,4,10,1,1,fixed continuous c,large_N,33,0.522978036268355,0.09030067693157183,0.028368794326241138,0.0017848949468379782,0.0017847139185042105,1.031994105614626,,2.2176185883613875,True,2.0035987266554627,True,True,,,
fixed_offset,4,10,1,1,fixed continuous c,large_N,49,0.5157276294554558,0.062109246084642085,0.01951219512195122,0.0008432465233741415,0.0008432063096881492,1.035682991856438,,2.2147340727902796,True,2.0035987266554627,True,True,,,
fixed_offset,4,10,1,1,fixed continuous c,large_N,65,0.5119559852164969,0.047332325083091556,0.014869888475836432,0.0004894818124942524,0.0004894682867632727,1.0377527031823082,,2.213650918654823,True,2.0035987266554627,True,True,,,
fixed_offset,4,10,1,1,fixed continuous c,large_N,97,0.5080807732340832,0.03207152505630133,0.010075566750629723,0.00022464384643178237,0.0002246410013599931,1.039989651004069,,2.2128402239591973,True,2.0035987266554627,True,True,,,
fixed_offset,4,10,1,1,fixed continuous c,half_mesh,6,0.5,0.3907804596174159,0.12276730211005166,-0.000674672923039743,-0.0008634767943208055,,,0.05729084745257334,True,1.6187254639814623,True,True,,,
fixed_offset,4,10,1,1,fixed continuous c,half_mesh,9,0.5,0.2848359003124853,0.08948383719003385,-2.7149129783465842e-05,-7.277215161238804e-05,,,0.00908816111704404,True,1.6187254639814623,True,True,,,
fixed_offset,4,10,1,1,fixed continuous c,half_mesh,13,0.5,0.2094738756453026,0.06580815888462646,0.0001038495986776522,9.168196175429744e-05,,,0.02117017344044976,True,1.6187254639814623,True,True,,,
fixed_offset,4,10,1,1,fixed continuous c,half_mesh,21,0.5,0.137114668889042,0.04307584364812113,9.126315035762333e-05,8.91906601814818e-05,,,0.04806752874273203,True,1.6187254639814623,True,True,,,
fixed_offset,4,10,1,1,fixed continuous c,half_mesh,33,0.5,0.09035957865286201,0.02838729884773004,5.244663706788222e-05,5.207153029113121e-05,,,0.06461780499406256,True,1.6187254639814623,True,True,,,
fixed_offset,4,10,1,1,fixed continuous c,half_mesh,49,0.5,0.06212831205675373,0.01951818487374317,2.841214390375546e-05,2.8330144860033712e-05,,,0.07436523259949981,True,1.6187254639814623,True,True,,,
fixed_offset,4,10,1,1,fixed continuous c,half_mesh,65,0.5,0.04734074151737735,0.0148725325766486,1.7591843176734123e-05,1.756449532586135e-05,,,0.07940828528908515,True,1.6187254639814623,True,True,,,
fixed_offset,4,10,1,1,fixed continuous c,half_mesh,97,0.5,0.03207413648021645,0.010076387153648439,8.592842035359816e-06,8.58713973889147e-06,,,0.0845743831952164,True,1.6187254639814623,True,True,,,
fixed_offset,4,10,1,1,fixed continuous c,next_zero,6,1.0122471599162872,0.367659389389791,0.11550360367302764,0.15377218426574013,0.13729361215209018,0.8746567121301538,0.4480404166903889,,True,0.9840324020236021,True,True,,,
fixed_offset,4,10,1,1,fixed continuous c,next_zero,9,1.0064523843702244,0.27248698036545355,0.0856043095714975,0.11342044643449412,0.10587364977116775,0.9204835489882783,0.46618108815867987,,True,0.9840324020236021,True,True,,,
fixed_offset,4,10,1,1,fixed continuous c,next_zero,13,1.003474199579514,0.20275601923486042,0.06369768204993483,0.08425115396264055,0.08054088708984142,0.9466249682398927,0.47660124818656285,,True,0.9840324020236021,True,True,,,
fixed_offset,4,10,1,1,fixed continuous c,next_zero,21,1.001484006051293,0.1342153690701017,0.04216500174694743,0.05575368743464959,0.05429331459223358,0.9678310304305507,0.48535178232106346,,True,0.9840324020236021,True,True,,,
fixed_offset,4,10,1,1,fixed continuous c,next_zero,33,1.0006436421687273,0.08909339045404138,0.027989514093382344,0.037029108531210275,0.03642686815379492,0.979851281402155,0.49055631430486935,,True,0.9840324020236021,True,True,,,
fixed_offset,4,10,1,1,fixed continuous c,next_zero,49,1.0003041174891991,0.06152749433590436,0.019329432419946474,0.02558734250527317,0.025311101951811688,0.9865526548814605,0.49357635535709554,,True,0.9840324020236021,True,True,,,
fixed_offset,4,10,1,1,fixed continuous c,next_zero,65,1.0001765403349756,0.04699117921540063,0.014762714340662399,0.019549912191729468,0.019391991812573506,0.9899090166594504,0.4951292671991216,,True,0.9840324020236021,True,True,,,
fixed_offset,4,10,1,1,fixed continuous c,next_zero,97,1.0000810246673142,0.031913324916422736,0.010025866710905777,0.013283298511718056,0.013211946227123794,0.9932690210232021,0.49671498980358303,,True,0.9840324020236021,True,True,,,
fixed_offset,4,10,1,1,fixed continuous c,left_control,6,0.25,0.4031539915879538,0.12665456182381168,-0.089014505200403,-0.09227363792028698,1.0984472176954474,,,True,1.0095543506234792,True,,,,
fixed_offset,4,10,1,1,fixed continuous c,left_control,9,0.25,0.29135376349684927,0.09153148429974396,-0.062446765610189026,-0.06403867588460055,1.0548585448263523,,,True,1.0095543506234792,True,,,,
fixed_offset,4,10,1,1,fixed continuous c,left_control,13,0.25,0.21297779478482695,0.06690894754737668,-0.04500718208321747,-0.04582506725871416,1.0326218233758333,,,True,1.0095543506234792,True,,,,
fixed_offset,4,10,1,1,fixed continuous c,left_control,21,0.25,0.13860732576229723,0.04354477563485602,-0.029033801266313886,-0.02936962967067336,1.0169153431497282,,,True,1.0095543506234792,True,,,,
fixed_offset,4,10,1,1,fixed continuous c,left_control,33,0.25,0.09100542822480782,0.028590198474784948,-0.018997736900534468,-0.019140130855952064,1.0093693640801547,,,True,1.0095543506234792,True,,,,
fixed_offset,4,10,1,1,fixed continuous c,left_control,49,0.25,0.06243295655381165,0.01961389176513454,-0.013017000170319204,-0.013083439682799458,1.005728017628636,,,True,1.0095543506234792,True,,,,
fixed_offset,4,10,1,1,fixed continuous c,left_control,65,0.25,0.04751741760269091,0.014928037005817208,-0.00990314215935334,-0.009941469735096242,1.0040845359020374,,,True,1.0095543506234792,True,,,,
fixed_offset,4,10,1,1,fixed continuous c,left_control,97,0.25,0.03215513838605571,0.010101834652879576,-0.0066998089116824255,-0.0067172905675082495,1.0025736032423385,,,True,1.0095543506234792,True,,,,
fixed_offset,4,10,1,1,fixed continuous c,right_control,6,0.75,0.3791438429400686,0.11911155116343218,0.0799505063796962,0.07781908798724901,0.9850417614366828,,,True,0.995873532304959,True,,,,
fixed_offset,4,10,1,1,fixed continuous c,right_control,9,0.75,0.27860327772631743,0.08752580105710356,0.058465063548289564,0.057255656417939615,0.9862901380237055,,,True,0.995873532304959,True,,,,
fixed_offset,4,10,1,1,fixed continuous c,right_control,13,0.75,0.20608338363191991,0.06474300440449667,0.04313563930801645,0.04245709060932834,0.9887346823075079,,,True,0.995873532304959,True,,,,
fixed_offset,4,10,1,1,fixed continuous c,right_control,21,0.75,0.1356538182230305,0.04261690387608778,0.028338066459327238,0.02803835922579201,0.9919575502207323,,,True,0.995873532304959,True,,,,
fixed_offset,4,10,1,1,fixed continuous c,right_control,33,0.75,0.08972283144543548,0.02818725881282554,0.018723520404502536,0.01859098454193764,0.9944247695493437,,,True,0.995873532304959,True,,,,
fixed_offset,4,10,1,1,fixed continuous c,right_control,49,0.75,0.06182662617679411,0.019423407459325876,0.012895044833192537,0.012831723254846716,0.9960518592336736,,,True,0.995873532304959,True,,,,
fixed_offset,4,10,1,1,fixed continuous c,right_control,65,0.75,0.04716537437565441,0.014817439364236818,0.009834620527480631,0.009797653366204251,0.9969452268932493,,,True,0.995873532304959,True,,,,
fixed_offset,4,10,1,1,fixed continuous c,right_control,97,0.75,0.03199354165219048,0.010051067541684068,0.00666942453929531,0.006652360081532638,0.9978975220512133,,,True,0.995873532304959,True,,,,
fixed_offset,4,20,4,4,fixed continuous c,large_N,9,0.57479751202071,0.5658842421045167,0.08888888888888889,0.03374549863121523,0.03373075658201258,1.0354149623342122,,4.269048879910967,True,2.0107088977471674,True,True,,,
fixed_offset,4,20,4,4,fixed continuous c,large_N,12,0.5583020409396263,0.4467507174509343,0.07017543859649124,0.020210896392331645,0.020220220371279574,1.0086487960397854,,4.105968499142957,True,2.0107088977471674,True,True,,,
fixed_offset,4,20,4,4,fixed continuous c,large_N,16,0.5450786295572162,0.3488327519822364,0.05479452054794521,0.012038809773864345,0.012044850443101829,0.9952141905115478,,4.011688000705602,True,2.0107088977471674,True,True,,,
fixed_offset,4,20,4,4,fixed continuous c,large_N,24,0.5310278170220708,0.2425218180447929,0.03809523809523809,0.0057172991893246206,0.005719101094299073,0.9874812162864582,,3.9408180977904554,True,2.0107088977471674,True,True,,,
fixed_offset,4,20,4,4,fixed continuous c,large_N,36,0.5211496095097521,0.1664365417954461,0.0261437908496732,0.002670176622134812,0.0026706136687631443,0.9857417191265536,,3.9072747107547787,True,2.0107088977471674,True,True,,,
fixed_offset,4,20,4,4,fixed continuous c,large_N,52,0.5148492570623094,0.11734926679586755,0.018433179723502304,0.001322511793838077,0.0013226236791910595,0.986175693945836,,3.8925641518392373,True,2.0107088977471674,True,True,,,
fixed_offset,4,20,4,4,fixed continuous c,large_N,68,0.5114415589298547,0.09062203165374824,0.014234875444839859,0.0007875374499369814,0.0007875777766718217,0.9869100318373961,,3.8867455514864817,True,2.0107088977471674,True,True,,,
fixed_offset,4,20,4,4,fixed continuous c,large_N,100,0.5078424783390001,0.062261102432037294,0.009779951100244499,0.00037131598651318765,0.0003713250634746479,0.9880689151812607,,3.882226746443911,True,2.0107088977471674,True,True,,,
fixed_offset,4,20,4,4,fixed continuous c,half_mesh,9,0.5,0.5696718006249706,0.08948383719003385,-0.00211451816565561,-0.0034206869618555458,,,0.4271930065487166,True,2.6839479977412113,True,True,,,
fixed_offset,4,20,4,4,fixed continuous c,half_mesh,12,0.5,0.4485860495369024,0.07046373188639998,-0.0009822108066043778,-0.0013960723492769112,,,0.2811749616366508,True,2.6839479977412113,True,True,,,
fixed_offset,4,20,4,4,fixed continuous c,half_mesh,16,0.5,0.3496965240405745,0.05493020154558777,-0.00046384439757973794,-0.0005995463558332026,,,0.19870115089274926,True,2.6839479977412113,True,True,,,
fixed_offset,4,20,4,4,fixed continuous c,half_mesh,24,0.5,0.2428088210036289,0.038140320414589986,-0.00016315796283894457,-0.00019181817713775917,,,0.13186243313888282,True,2.6839479977412113,True,True,,,
fixed_offset,4,20,4,4,fixed continuous c,half_mesh,36,0.5,0.16652862062677823,0.02615825455867641,-5.8272022272654045e-05,-6.430598077639127e-05,,,0.09397965421584285,True,2.6839479977412113,True,True,,,
fixed_offset,4,20,4,4,fixed continuous c,half_mesh,52,0.5,0.11738139631712553,0.01843822661689968,-2.3339256020049604e-05,-2.4793116036037066e-05,,,0.07292775024085886,True,2.6839479977412113,True,True,,,
fixed_offset,4,20,4,4,fixed continuous c,half_mesh,68,0.5,0.09063679359275328,0.014237194244796409,-1.2143889556504028e-05,-1.265522523408169e-05,,,0.06243398536996384,True,2.6839479977412113,True,True,,,
fixed_offset,4,20,4,4,fixed continuous c,half_mesh,100,0.5,0.062265878166030214,0.00978070127078588,-4.86033678548381e-06,-4.973160323329395e-06,,,0.05198672641981869,True,2.6839479977412113,True,True,,,
fixed_offset,4,20,4,4,fixed continuous c,next_zero,9,1.0064523843702244,0.5449739607309071,0.0856043095714975,0.2172147760286416,0.15736019544153462,0.7407704012345712,0.3751649359761364,,True,0.958619830018562,True,True,,,
fixed_offset,4,20,4,4,fixed continuous c,next_zero,12,1.0039862379885056,0.4332018596966207,0.06804718899721698,0.17015987673145955,0.13950545153325983,0.8302049067401847,0.4184118477075838,,True,0.958619830018562,True,True,,,
fixed_offset,4,20,4,4,fixed continuous c,next_zero,16,1.0024166650290578,0.34030484249574017,0.053454959658282446,0.13254124512159604,0.11627362386368151,0.8835927614643873,0.44393172845875317,,True,0.958619830018562,True,True,,,
fixed_offset,4,20,4,4,fixed continuous c,next_zero,24,1.0011628380848174,0.23825469888746875,0.037424960585406,0.09220218915441508,0.08532182061810756,0.9284165766622058,0.4652878864850216,,True,0.958619830018562,True,True,,,
fixed_offset,4,20,4,4,fixed continuous c,next_zero,36,1.0005464458649007,0.164376371534397,0.0258201800618104,0.06341883780766477,0.06044810340664636,0.9545573243133606,0.477800276059362,,True,0.958619830018562,True,True,,,
fixed_offset,4,20,4,4,fixed continuous c,next_zero,52,1.0002713802123466,0.11630855261063688,0.01826970472156194,0.04481396243632019,0.0434132766026602,0.9694119355838035,0.48496904700883187,,True,0.958619830018562,True,True,,,
fixed_offset,4,20,4,4,fixed continuous c,next_zero,68,1.0001617754606498,0.08999594146160576,0.014136529427433887,0.034657598595930594,0.033845280863078975,0.9769398083258394,0.4886279490504386,,True,0.958619830018562,True,True,,,
fixed_offset,4,20,4,4,fixed continuous c,next_zero,100,1.0000763386160854,0.06196281202463865,0.009733095752618505,0.02385250507105585,0.02348002250635034,0.9845418705597861,0.4923460938437697,,True,0.958619830018562,True,True,,,
fixed_offset,4,20,4,4,fixed continuous c,left_control,9,0.25,0.5827075269936985,0.09153148429974396,-0.12418612975506005,-0.1349760203539554,1.2038408861466163,,,True,1.0277920515196537,True,,,,
fixed_offset,4,20,4,4,fixed continuous c,left_control,12,0.25,0.45663001324301217,0.07172727475064285,-0.0931790882948138,-0.09917858825136905,1.128798872194097,,,True,1.0277920515196537,True,,,,
fixed_offset,4,20,4,4,fixed continuous c,left_control,16,0.25,0.35456561420289967,0.05569503643976912,-0.0706058007764978,-0.0739801400917992,1.0843803321707914,,,True,1.0277920515196537,True,,,,
fixed_offset,4,20,4,4,fixed continuous c,left_control,24,0.25,0.2451463107133948,0.038507492439592096,-0.04794030684059647,-0.04945290855616091,1.0484061884660425,,,True,1.0277920515196537,True,,,,
fixed_offset,4,20,4,4,fixed continuous c,left_control,36,0.25,0.16762481376397545,0.026330444174013125,-0.03250156610233301,-0.03318142136504543,1.0287735153471738,,,True,1.0277920515196537,True,,,,
fixed_offset,4,20,4,4,fixed continuous c,left_control,52,0.25,0.11792497818501761,0.018523612257039395,-0.022779030495507113,-0.02310794598543664,1.0184005780817174,,,True,1.0277920515196537,True,,,,
fixed_offset,4,20,4,4,fixed continuous c,left_control,68,0.25,0.09096054934516341,0.014288049679462862,-0.017543941275126262,-0.01773739850605016,1.013444445879186,,,True,1.0277920515196537,True,,,,
fixed_offset,4,20,4,4,fixed continuous c,left_control,100,0.25,0.06241850234733749,0.009804675421123637,-0.012024538351585234,-0.012114590183683549,1.0086917788049723,,,True,1.0277920515196537,True,,,,
fixed_offset,4,20,4,4,fixed continuous c,right_control,9,0.75,0.5572065554526349,0.08752580105710356,0.11396496806062051,0.10801306643059272,1.0074492467068825,,,True,0.9920885609039665,True,,,,
fixed_offset,4,20,4,4,fixed continuous c,right_control,12,0.75,0.4408205836822543,0.06924393536236673,0.0878219972763129,0.0839508712931813,0.989752119931964,,,True,0.9920885609039665,True,,,,
fixed_offset,4,20,4,4,fixed continuous c,right_control,16,0.75,0.34495935235312636,0.054186088356983735,0.06771674373187209,0.0652833290554326,0.9835523195491744,,,True,0.9920885609039665,True,,,,
fixed_offset,4,20,4,4,fixed continuous c,right_control,24,0.75,0.24051548657298769,0.03778008428461363,0.04670273542800335,0.04548681202493243,0.982891439651323,,,True,0.9920885609039665,True,,,,
fixed_offset,4,20,4,4,fixed continuous c,right_control,36,0.75,0.16544667158895085,0.025988302401236556,0.031963860906839836,0.03137654151478303,0.9856214244129609,,,True,0.9920885609039665,True,,,,
fixed_offset,4,20,4,4,fixed continuous c,right_control,52,0.75,0.11684280279798977,0.01835362454475028,0.022524725780895705,0.022227643420207388,0.988677277481734,,,True,0.9920885609039665,True,,,,
fixed_offset,4,20,4,4,fixed continuous c,right_control,68,0.75,0.09031533435313596,0.01418669954551589,0.017396246117799885,0.017217320689990434,0.990757053054873,,,True,0.9920885609039665,True,,,,
fixed_offset,4,20,4,4,fixed continuous c,right_control,100,0.75,0.06211399854989258,0.009756844076471479,0.011956717813872642,0.01187133988291278,0.9932837938580427,,,True,0.9920885609039665,True,,,,
fixed_offset,4,40,11,10,fixed continuous c,large_N,16,0.5450786295572162,0.6976655039644728,0.05479452054794521,-0.00859641311555781,-0.010343653485994198,-0.5474941789996454,,3.445083089178942,True,2.374433599994797,True,True,,,
fixed_offset,4,40,11,10,fixed continuous c,large_N,19,0.5385321458382939,0.599171550463606,0.047058823529411764,-0.004587179765989879,-0.005329735319546169,-0.3842861741376481,,2.4067086052325672,True,2.374433599994797,True,True,,,
fixed_offset,4,40,11,10,fixed continuous c,large_N,23,0.5322850134272091,0.5042532850436288,0.039603960396039604,-0.0024939136192670963,-0.0028028779080506716,-0.2866011774197384,,1.7870098462515562,True,2.374433599994797,True,True,,,
fixed_offset,4,40,11,10,fixed continuous c,large_N,31,0.5243835171590222,0.38292918638651513,0.03007518796992481,-0.0010838902187814137,-0.0011696436746216898,-0.20852698063646086,,1.293114185023942,True,2.374433599994797,True,True,,,
fixed_offset,4,40,11,10,fixed continuous c,large_N,43,0.5178381081506621,0.2813789049138481,0.022099447513812154,-0.00048449993237420497,-0.000506929415905466,-0.16812436712162834,,1.037969662154936,True,2.374433599994797,True,True,,,
fixed_offset,4,40,11,10,fixed continuous c,large_N,59,0.5131373615734727,0.2078758440383939,0.0163265306122449,-0.00023779499771614532,-0.0002441092370075726,-0.14879746486303308,,0.9157910594612214,True,2.374433599994797,True,True,,,
fixed_offset,4,40,11,10,fixed continuous c,large_N,75,0.5103977014555612,0.1648206530401505,0.012944983818770227,-0.00014235610567414625,-0.00014479008322387799,-0.14064145181277807,,0.8640438710186933,True,2.374433599994797,True,True,,,
fixed_offset,4,40,11,10,fixed continuous c,large_N,107,0.5073375973903439,0.11654366542198286,0.009153318077803204,-6.8231925797968e-05,-6.882773589966806e-05,-0.13398137462872436,,0.8214977435639819,True,2.374433599994797,True,True,,,
fixed_offset,4,40,11,10,fixed continuous c,half_mesh,16,0.5,0.699393048081149,0.05493020154558777,-0.03007875006804628,-0.03319390288341939,,,11.00109548058455,True,2.091332742279685,True,True,,,
fixed_offset,4,40,11,10,fixed continuous c,half_mesh,19,0.5,0.6002599883653749,0.04714430924231391,-0.01972276856016486,-0.02117241192610997,,,9.526026410896442,True,2.091332742279685,True,True,,,
fixed_offset,4,40,11,10,fixed continuous c,half_mesh,23,0.5,0.5048988559879835,0.039654663419443494,-0.012863022132445834,-0.013509495348694167,,,8.591135920441543,True,2.091332742279685,True,True,,,
fixed_offset,4,40,11,10,fixed continuous c,half_mesh,31,0.5,0.3832102093253,0.03009725945992423,-0.006875883700090402,-0.007067887310298837,,,7.802534759971095,True,2.091332742279685,True,True,,,
fixed_offset,4,40,11,10,fixed continuous c,half_mesh,43,0.5,0.2814898716933969,0.02210816282429773,-0.0035509080296795004,-0.0036032148519690166,,,7.3719919113430725,True,2.091332742279685,True,True,,,
fixed_offset,4,40,11,10,fixed continuous c,half_mesh,59,0.5,0.2079204403813132,0.016330033200827203,-0.0018932722333536711,-0.0019083088823583783,,,7.156069278214924,True,2.091332742279685,True,True,,,
fixed_offset,4,40,11,10,fixed continuous c,half_mesh,75,0.5,0.16484284056951398,0.012946726423251467,-0.0011776977476137818,-0.0011835465080688445,,,7.06098658429132,True,2.091332742279685,True,True,,,
fixed_offset,4,40,11,10,fixed continuous c,half_mesh,107,0.5,0.11655149341222452,0.009153932886719094,-0.0005833915855423255,-0.000584833788983774,,,6.979382628453175,True,2.091332742279685,True,True,,,
fixed_offset,4,40,11,10,fixed continuous c,next_zero,16,1.0024166650290578,0.6806096849914803,0.053454959658282446,0.23253652968158572,0.193777496143141,0.9433322369641083,0.4739458365099081,,True,0.9903410557986675,True,True,,,
fixed_offset,4,40,11,10,fixed continuous c,next_zero,19,1.0017783821130637,0.586388387475684,0.046054836256099345,0.1947342327252698,0.1698499023023804,0.9609294212743911,0.48217361033190653,,True,0.9903410557986675,True,True,,,
fixed_offset,4,40,11,10,fixed continuous c,next_zero,23,1.0012571964051395,0.495058486659842,0.038881802619696,0.16077678944623797,0.1451889049989631,0.9739570295937212,0.4882029700732262,,True,0.9903410557986675,True,True,,,
fixed_offset,4,40,11,10,fixed continuous c,next_zero,31,1.0007236108138384,0.3775208164299768,0.0296504155868409,0.11972356820985264,0.11197235866289101,0.9860418548139227,0.4937344379560021,,True,0.9903410557986675,True,True,,,
fixed_offset,4,40,11,10,fixed continuous c,next_zero,43,1.0003902360197992,0.2784099039946774,0.021866262726907955,0.08680612844070745,0.08309789295778425,0.9929331305570052,0.4968540435512978,,True,0.9903410557986675,True,True,,,
fixed_offset,4,40,11,10,fixed continuous c,next_zero,59,1.0002128498947382,0.20623580476791778,0.016197722229151734,0.06359997907451687,0.0617466699924738,0.9963642316721489,0.49839419185790684,,True,0.9903410557986675,True,True,,,
fixed_offset,4,40,11,10,fixed continuous c,next_zero,75,1.000133771710746,0.16378233437588557,0.012863434461576728,0.0502058524482033,0.049100272478154294,0.9978244956671227,0.4990457285233709,,True,0.9903410557986675,True,True,,,
fixed_offset,4,40,11,10,fixed continuous c,next_zero,107,1.0000668671979944,0.1160204009146559,0.009112220979500638,0.035338884241351454,0.0348183274826489,0.9990079873466641,0.4995707945382199,,True,0.9903410557986675,True,True,,,
fixed_offset,4,40,11,10,fixed continuous c,left_control,16,0.25,0.7091312284057993,0.05569503643976912,-0.13400148708508064,-0.14191836692870496,1.3325867249290952,,,True,1.0714010099469722,True,,,,
fixed_offset,4,40,11,10,fixed continuous c,left_control,19,0.25,0.6074190765616506,0.04770658271440944,-0.10831208243110402,-0.11369474367562016,1.2463368856359938,,,True,1.0714010099469722,True,,,,
fixed_offset,4,40,11,10,fixed continuous c,left_control,23,0.25,0.509954373245565,0.040051722816356355,-0.0871150183027799,-0.09060727373213218,1.1830830471450806,,,True,1.0714010099469722,True,,,,
fixed_offset,4,40,11,10,fixed continuous c,left_control,31,0.25,0.38611546364802585,0.030325437600851372,-0.06318447265894978,-0.0649765353379782,1.1205283366211423,,,True,1.0714010099469722,True,,,,
fixed_offset,4,40,11,10,fixed continuous c,left_control,43,0.25,0.28305432446675505,0.022231034657789483,-0.04500381318548563,-0.045879253797132646,1.0792698374633174,,,True,1.0714010099469722,True,,,,
fixed_offset,4,40,11,10,fixed continuous c,left_control,59,0.25,0.20877275689419078,0.016396973983211938,-0.032609850020084985,-0.03305354207210709,1.0542113032342642,,,True,1.0714010099469722,True,,,,
fixed_offset,4,40,11,10,fixed continuous c,left_control,75,0.25,0.16537811687841833,0.01298876692624383,-0.02559101446246126,-0.025857871426709478,1.0411138353563538,,,True,1.0714010099469722,True,,,,
fixed_offset,4,40,11,10,fixed continuous c,left_control,107,0.25,0.11681883134774006,0.00917492955907513,-0.017902618366201106,-0.01802945921465704,1.0276691791477213,,,True,1.0714010099469722,True,,,,
fixed_offset,4,40,11,10,fixed continuous c,right_control,16,0.75,0.6899187047062527,0.054186088356983735,0.09643900353337986,0.09596936628120067,0.9262286195570835,,,True,0.9699469773573571,True,,,,
fixed_offset,4,40,11,10,fixed continuous c,right_control,19,0.75,0.5932676895109307,0.04659513537449325,0.08366024259838645,0.08286480863928991,0.930042776239414,,,True,0.9699469773573571,True,,,,
fixed_offset,4,40,11,10,fixed continuous c,right_control,23,0.75,0.4999425921824734,0.03926539937042741,0.07103201536194914,0.07018793945497614,0.9348153686102777,,,True,0.9699469773573571,True,,,,
fixed_offset,4,40,11,10,fixed continuous c,right_control,31,0.75,0.38034834859211725,0.029872489443550133,0.05458977172144486,0.05391523767063189,0.9438728144094762,,,True,0.9699469773573571,True,,,,
fixed_offset,4,40,11,10,fixed continuous c,right_control,43,0.75,0.27994261745137816,0.021986641760298683,0.040568821870442306,0.04012595215304271,0.9544206354814195,,,True,0.9699469773573571,True,,,,
fixed_offset,4,40,11,10,fixed continuous c,right_control,59,0.75,0.20707505475152432,0.016263636768727323,0.030247282117708996,0.029975638479375677,0.963882612389745,,,True,0.9699469773573571,True,,,,
fixed_offset,4,40,11,10,fixed continuous c,right_control,75,0.75,0.1643110181195341,0.012904957185704695,0.024122309950689647,0.02394067052589044,0.9701817743533722,,,True,0.9699469773573571,True,,,,
fixed_offset,4,40,11,10,fixed continuous c,right_control,107,0.75,0.11628537627968175,0.009133032096004324,0.017175644364438525,0.017078763447006873,0.9779458529181168,,,True,0.9699469773573571,True,,,,
fixed_offset,4,80,23,23,fixed continuous c,large_N,28,0.5268470386671699,0.8418112692463885,0.03305785123966942,0.017746697942903844,0.009005275014377478,0.624778652126823,,8.24038946784379,True,1.978507259112669,True,True,,,
fixed_offset,4,80,23,23,fixed continuous c,large_N,31,0.5243835171590222,0.7658583727730303,0.03007518796992481,0.013867650834295198,0.009743971668098317,0.8181473406397567,,10.772569677311946,True,1.978507259112669,True,True,,,
fixed_offset,4,80,23,23,fixed continuous c,large_N,35,0.5217258506818805,0.6836185475088122,0.026845637583892617,0.010566172831728393,0.008631438779826306,0.9112402447891695,,11.976660771932739,True,1.978507259112669,True,True,,,
fixed_offset,4,80,23,23,fixed continuous c,large_N,43,0.5178381081506621,0.5627578098276962,0.022099447513812154,0.006836405421502767,0.006196549683838981,0.9678764833173608,,12.687822762015555,True,1.978507259112669,True,True,,,
fixed_offset,4,80,23,23,fixed continuous c,large_N,55,0.5140638328802524,0.4447998409555154,0.017467248908296946,0.0041402934602233765,0.003941915546992358,0.9880509050013365,,12.919874574989137,True,1.978507259112669,True,True,,,
fixed_offset,4,80,23,23,fixed continuous c,large_N,71,0.5109695816731759,0.3476421965147202,0.013651877133105802,0.0024835112179796837,0.002419096685893407,0.9946516337075251,,12.979814461703944,True,1.978507259112669,True,True,,,
fixed_offset,4,80,23,23,fixed continuous c,large_N,87,0.5089914761524894,0.2853197859350505,0.011204481792717087,0.0016581719580773258,0.00163088499314884,0.9967833506187923,,12.990916343239157,True,1.978507259112669,True,True,,,
fixed_offset,4,80,23,23,fixed continuous c,large_N,119,0.5066083022464694,0.21001889397693407,0.008247422680412371,0.0008912000369615258,0.0008836824505469854,0.9983625692557629,,12.991512776869662,True,1.978507259112669,True,True,,,
fixed_offset,4,80,23,23,fixed continuous c,half_mesh,28,0.5,0.8425590449574414,0.03308721632317412,-0.0007632969565965486,-0.013234281324461084,,,12.088708366873178,True,4.304701190007112,True,True,,,
fixed_offset,4,80,23,23,fixed continuous c,half_mesh,31,0.5,0.7664204186506,0.03009725945992423,-0.00039319234720802676,-0.006677204685487659,,,7.371243961691929,True,4.304701190007112,True,True,,,
fixed_offset,4,80,23,23,fixed continuous c,half_mesh,35,0.5,0.6840174968242431,0.02686130428687402,-0.0002153744274095981,-0.0033387003577469154,,,4.627253051199225,True,4.304701190007112,True,True,,,
fixed_offset,4,80,23,23,fixed continuous c,half_mesh,43,0.5,0.5629797433867938,0.02210816282429773,-9.285878808601433e-05,-0.0011983590543648281,,,2.451780873081895,True,4.304701190007112,True,True,,,
fixed_offset,4,80,23,23,fixed continuous c,half_mesh,55,0.5,0.44490913576306595,0.017471540905352897,-3.784654668226306e-05,-0.0003986460359076127,,,1.3059454336676655,True,4.304701190007112,True,True,,,
fixed_offset,4,80,23,23,fixed continuous c,half_mesh,71,0.5,0.34769426560200783,0.013653921881382076,-1.5461133663352555e-05,-0.0001364934949001917,,,0.7321450431417729,True,4.304701190007112,True,True,,,
fixed_offset,4,80,23,23,fixed continuous c,half_mesh,87,0.5,0.2853485333247708,0.011205610700071528,-7.572399962685328e-06,-5.969536754191207e-05,,,0.47541137616069234,True,4.304701190007112,True,True,,,
fixed_offset,4,80,23,23,fixed continuous c,half_mesh,119,0.5,0.2100303409375431,0.008247872201504311,-2.42311072123913e-06,-1.7005550409288084e-05,,,0.24998091131106023,True,4.304701190007112,True,True,,,
fixed_offset,4,80,23,23,fixed continuous c,next_zero,28,1.0008747317827358,0.8288233284078582,0.0325478159956246,0.2966656536843615,0.03227174489505691,0.1218910122319268,0.06105212805839251,,True,0.6665046553761745,True,False,,,
fixed_offset,4,80,23,23,fixed continuous c,next_zero,31,1.0007236108138384,0.7550416328599536,0.0296504155868409,0.2614108981258437,0.07966675372034765,0.33040641922430075,0.1654422952700627,,True,0.6665046553761745,True,False,,,
fixed_offset,4,80,23,23,fixed continuous c,next_zero,35,1.0005762411721295,0.67494213661813,0.026504915724971444,0.22814485203290258,0.10508674868587836,0.487698596404839,0.24413033021325772,,True,0.6665046553761745,True,False,,,
fixed_offset,4,80,23,23,fixed continuous c,next_zero,43,1.0003902360197992,0.5568198079893548,0.021866262726907955,0.18387803906944467,0.11531724856153441,0.6489497862343095,0.32472813669878436,,True,0.6665046553761745,True,False,,,
fixed_offset,4,80,23,23,fixed continuous c,next_zero,55,1.0002436593561863,0.44105430894868336,0.01732016221034133,0.14350156924062074,0.10697235427626783,0.7602181203215987,0.3802942944185581,,True,0.6665046553761745,True,False,,,
fixed_offset,4,80,23,23,fixed continuous c,next_zero,71,1.0001487885866898,0.34533596886464624,0.013561311785068577,0.11141610282860548,0.09152219521756821,0.8308559170393178,0.415551580397298,,True,0.6665046553761745,True,False,,,
fixed_offset,4,80,23,23,fixed continuous c,next_zero,87,1.0001002056040287,0.28375837177890956,0.011143165202190294,0.09118235424769983,0.0786590344206653,0.8691269552878339,0.4346505690354492,,True,0.6665046553761745,True,False,,,
fixed_offset,4,80,23,23,fixed continuous c,next_zero,119,1.0000542841105924,0.209167653250892,0.008213994535270244,0.06697009794166014,0.06068590073515551,0.9097382419926924,0.45491850532768463,,True,0.6665046553761745,True,False,,,
fixed_offset,4,80,23,23,fixed continuous c,left_control,28,0.25,0.8495866593532674,0.03336319009515149,-0.17023352920988682,-0.21369864783886822,1.5775909503720427,,,True,1.1488753848273663,True,,,,
fixed_offset,4,80,23,23,fixed continuous c,left_control,31,0.25,0.7722309272960517,0.030325437600851372,-0.1448437686125405,-0.1766152590950713,1.4344365686997664,,,True,1.1488753848273663,True,,,,
fixed_offset,4,80,23,23,fixed continuous c,left_control,35,0.25,0.688641952079119,0.027042906220068684,-0.12327455935294723,-0.14590128961398224,1.3288194326701213,,,True,1.1488753848273663,True,,,,
fixed_offset,4,80,23,23,fixed continuous c,left_control,43,0.25,0.5661086489335101,0.022231034657789483,-0.09682297050752081,-0.11022482272403017,1.2211807097372172,,,True,1.1488753848273663,True,,,,
fixed_offset,4,80,23,23,fixed continuous c,left_control,55,0.25,0.44686097320616025,0.01754818938250573,-0.07421147537621625,-0.08173939167482142,1.1472532340885153,,,True,1.1488753848273663,True,,,,
fixed_offset,4,80,23,23,fixed continuous c,left_control,71,0.25,0.3488851783446804,0.013700688915425158,-0.056969827222641045,-0.06124280361632334,1.1009633464559279,,,True,1.1488753848273663,True,,,,
fixed_offset,4,80,23,23,fixed continuous c,left_control,87,0.25,0.2861501551348222,0.011237090314939215,-0.04634815167572487,-0.04910959272451271,1.0763974572383828,,,True,1.1488753848273663,True,,,,
fixed_offset,4,80,23,23,fixed continuous c,left_control,119,0.25,0.21046431162385587,0.00826491419050423,-0.03383883426133566,-0.035269467706229685,1.0510436638564737,,,True,1.1488753848273663,True,,,,
fixed_offset,4,80,23,23,fixed continuous c,right_control,28,0.75,0.8356467388528961,0.032815770697206585,0.16390631496263114,0.14372420451843598,1.078716961011278,,,True,1.0001371734265248,True,,,,
fixed_offset,4,80,23,23,fixed continuous c,right_control,31,0.75,0.7606966971842345,0.029872489443550133,0.14093915636091792,0.12458275065843538,1.027180346355283,,,True,1.0001371734265248,True,,,,
fixed_offset,4,80,23,23,fixed continuous c,right_control,35,0.75,0.6794547367162199,0.026682125116430793,0.12071847697128274,0.10793664930913344,0.9963426419889194,,,True,1.0001371734265248,True,,,,
fixed_offset,4,80,23,23,fixed continuous c,right_control,43,0.75,0.5598852349027563,0.021986641760298683,0.0953858227377602,0.086867444042104,0.9731019548081503,,,True,1.0001371734265248,True,,,,
fixed_offset,4,80,23,23,fixed continuous c,right_control,55,0.75,0.4429742749717689,0.017395559099757176,0.07341779865269948,0.06811149699303726,0.9643667674580252,,,True,1.0001371734265248,True,,,,
fixed_offset,4,80,23,23,fixed continuous c,right_control,71,0.75,0.34651145551585344,0.013607473037916396,0.05652056638050029,0.053257244298031026,0.9639653215178038,,,True,1.0001371734265248,True,,,,
fixed_offset,4,80,23,23,fixed continuous c,right_control,87,0.75,0.28455139029880766,0.0111743069666437,0.04605744753247348,0.043840761366016334,0.9663127108841032,,,True,1.0001371734265248,True,,,,
fixed_offset,4,80,23,23,fixed continuous c,right_control,119,0.75,0.20959815623596678,0.008230900347960987,0.033687666748863754,0.03246943517821416,0.9716001928625205,,,True,1.0001371734265248,True,,,,
oracle_diagnostic,0,10,3,3,fixed continuous c,oracle,8,0.46342036348492655,0.38747150353123627,0.12172776289691235,1.6653345369377348e-15,,,,,True,,,,-0.11491831734673963,0.9440600452343855,True
oracle_diagnostic,0,10,3,3,fixed continuous c,oracle,11,0.4738810831796002,0.28357080202909785,0.08908639484271795,5.273559366969494e-16,,,,,True,,,,-0.08205499720269094,0.921072149653817,True
oracle_diagnostic,0,10,3,3,fixed continuous c,oracle,15,0.48099145235772117,0.2089765126025193,0.06565190767648894,-4.163336342344337e-16,,,,,True,,,,-0.059717113628394713,0.9096021081772834,True
oracle_diagnostic,0,10,3,3,fixed continuous c,oracle,23,0.4876451437255563,0.1369769869259692,0.043032589583749004,2.7755575615628914e-17,,,,,True,,,,-0.03881392570795006,0.9019658375987649,True
oracle_diagnostic,0,10,3,3,fixed continuous c,oracle,35,0.49188308845588424,0.09032054095928961,0.028375034794596025,2.7755575615628914e-17,,,,,True,,,,-0.02550002967683218,0.8986783579799739,True
oracle_diagnostic,0,10,3,3,fixed continuous c,oracle,51,0.49442637070538675,0.062115698937446076,0.019514222345447592,3.885780586188048e-16,,,,,True,,,,-0.01751007284578976,0.8972980083869253,True
oracle_diagnostic,0,10,3,3,fixed continuous c,oracle,67,0.49575519826273917,0.047335179316612346,0.014870785159742486,6.106226635438361e-16,,,,,True,,,,-0.013335437953723828,0.8967541263271639,True
oracle_diagnostic,0,10,3,3,fixed continuous c,oracle,99,0.49712528222597235,0.0320724125699095,0.010075845571252863,3.3306690738754696e-16,,,,,True,,,,-0.00903119224002924,0.8963210259787926,True
oracle_diagnostic,0,20,6,6,fixed continuous c,oracle,11,0.4794926079005177,0.5668582256752255,0.08904188187041168,1.4432899320127035e-15,,,,,True,,,,-0.06442587236401898,0.7235457181574627,True
oracle_diagnostic,0,20,6,6,fixed continuous c,oracle,14,0.4845512889145742,0.44720664628071877,0.07024705572960176,-2.7755575615628914e-16,,,,,True,,,,-0.04853355725340491,0.6908980988501859,True
oracle_diagnostic,0,20,6,6,fixed continuous c,oracle,18,0.4882646298380003,0.34904355494859934,0.05482763340046925,-4.440892098500626e-16,,,,,True,,,,-0.03686775268809517,0.6724301306023475,True
oracle_diagnostic,0,20,6,6,fixed continuous c,oracle,26,0.4920103448145021,0.24259110995159414,0.038106122442506093,3.3306690738754696e-16,,,,,True,,,,-0.025100242035475784,0.6586931554987424,True
oracle_diagnostic,0,20,6,6,fixed continuous c,oracle,38,0.4945718968443339,0.1664587041636746,0.02614727210633384,-7.216449660063518e-16,,,,,True,,,,-0.017052888996768267,0.6521861602777838,True
oracle_diagnostic,0,20,6,6,fixed continuous c,oracle,54,0.49619001207867847,0.11735699908099453,0.018434394308009826,-2.7755575615628914e-16,,,,,True,,,,-0.011969430063889508,0.6492987978828649,True
oracle_diagnostic,0,20,6,6,fixed continuous c,oracle,70,0.49706311252732804,0.09062558612563586,0.014235433779978334,2.7755575615628914e-16,,,,,True,,,,-0.00922650410856618,0.648136491740979,True
oracle_diagnostic,0,20,6,6,fixed continuous c,oracle,102,0.4979851589630546,0.062262253518693314,0.009780131912513607,-4.440892098500626e-16,,,,,True,,,,-0.006329809799818786,0.6472110863576227,True
oracle_diagnostic,0,40,12,12,fixed continuous c,oracle,17,0.553057606293993,0.73581441480531,0.05779072899894586,1.6653345369377348e-15,,,,,True,,,,0.16668538615026796,2.8842928448490137,True
oracle_diagnostic,0,40,12,12,fixed continuous c,oracle,20,0.541314846684825,0.6274602329861924,0.04928061145922905,1.1102230246251565e-16,,,,,True,,,,0.12979441882923481,2.6337826375514157,True
oracle_diagnostic,0,40,12,12,fixed continuous c,oracle,24,0.5325486372360162,0.5243319414204322,0.041180934380222585,4.440892098500626e-16,,,,,True,,,,0.10225455962502772,2.4830558403778267,True
oracle_diagnostic,0,40,12,12,fixed continuous c,oracle,32,0.5232819039939209,0.3945132733382513,0.03098500003157781,-4.440892098500626e-16,,,,,True,,,,0.07314225854888501,2.360569903964608,True
oracle_diagnostic,0,40,12,12,fixed continuous c,oracle,44,0.5165111562897685,0.2876285447460937,0.022590293078426273,-2.220446049250313e-16,,,,,True,,,,0.05187132730220978,2.2961777043852027,True
oracle_diagnostic,0,40,12,12,fixed continuous c,oracle,60,0.5119646066743547,0.21128336498405403,0.016594156681490876,1.1102230246251565e-15,,,,,True,,,,0.03758792043124415,2.2651298979941363,True
oracle_diagnostic,0,40,12,12,fixed continuous c,oracle,76,0.5093998455478372,0.16696128684576408,0.013113108804713764,4.440892098500626e-16,,,,,True,,,,0.02953048571796435,2.251982055342135,True
oracle_diagnostic,0,40,12,12,fixed continuous c,oracle,108,0.506589887092524,0.11761299368699125,0.00923730292334386,1.1102230246251565e-16,,,,,True,,,,0.020702740877859505,2.241210562180547,True
oracle_diagnostic,0,80,25,25,fixed continuous c,oracle,30,0.4922594407004391,0.8420148801770897,0.033065847022220436,-7.216449660063518e-16,,,,,True,,,,-0.02431768423017666,0.7354320672274035,True
oracle_diagnostic,0,80,25,25,fixed continuous c,oracle,33,0.49342529586692513,0.7660009297076816,0.030080786167657553,2.6645352591003757e-15,,,,,True,,,,-0.02065504220399439,0.6866523397650559,True
oracle_diagnostic,0,80,25,25,fixed continuous c,oracle,37,0.4944648759189952,0.6837138179523997,0.026849378845463602,-1.8318679906315083e-15,,,,,True,,,,-0.017389105149592687,0.647653908482531,True
oracle_diagnostic,0,80,25,25,fixed continuous c,oracle,45,0.4957231703223283,0.5628074838860992,0.022101398209524066,-2.942091015256665e-15,,,,,True,,,,-0.013436056696028098,0.6079279043186576,True
oracle_diagnostic,0,80,25,25,fixed continuous c,oracle,57,0.4967632914027873,0.4448232556647489,0.017468168401778367,-2.7755575615628914e-16,,,,,True,,,,-0.0101684199508143,0.5821113992568959,True
oracle_diagnostic,0,80,25,25,fixed continuous c,oracle,73,0.49753440939708093,0.34765307224841135,0.013652304222169133,-1.4432899320127035e-15,,,,,True,,,,-0.007745881324890513,0.5673680573505281,True
oracle_diagnostic,0,80,25,25,fixed continuous c,oracle,89,0.49800158772729863,0.2853257184963336,0.011204714763853887,6.106226635438361e-16,,,,,True,,,,-0.006278197314762313,0.56031745984428,True
oracle_diagnostic,0,80,25,25,fixed continuous c,oracle,121,0.49854579728445353,0.21002123117258273,0.008247514461870869,-8.881784197001252e-16,,,,,True,,,,-0.004568512567991068,0.5539259845025776,True
oracle_diagnostic,1,10,2,2,fixed continuous c,oracle,7,0.5277902514723197,0.40953082484068476,0.12865790307380637,6.661338147750939e-16,,,,,True,,,,0.08730564986685274,0.6785875393660711,True
oracle_diagnostic,1,10,2,2,fixed continuous c,oracle,10,0.5193484642204449,0.29567200145944444,0.09288809876571813,-1.1102230246251565e-16,,,,,True,,,,0.060784993053194514,0.6543894628148876,True
oracle_diagnostic,1,10,2,2,fixed continuous c,oracle,14,0.5138570720958044,0.21563970707117888,0.06774521195570705,3.3306690738754696e-16,,,,,True,,,,0.04353327589644329,0.6426029920004689,True
oracle_diagnostic,1,10,2,2,fixed continuous c,oracle,22,0.5088780384037853,0.13987234818372632,0.04394219414943482,-5.551115123125783e-16,,,,,True,,,,0.02789118022762005,0.6347243410916198,True
oracle_diagnostic,1,10,2,2,fixed continuous c,oracle,34,0.5057810881125617,0.09158765433974983,0.02877311020332794,-2.220446049250313e-16,,,,,True,,,,0.0181618239441792,0.6312082293445836,True
oracle_diagnostic,1,10,2,2,fixed continuous c,oracle,50,0.5039489090065542,0.06271721417544099,0.019703193930718305,-1.1102230246251565e-16,,,,,True,,,,0.012405863524685312,0.6296371831037975,True
oracle_diagnostic,1,10,2,2,fixed continuous c,oracle,66,0.5029992681656842,0.047685141415277604,0.014980728995562652,0.0,,,,,True,,,,0.009422478835459325,0.6289733188718852,True
oracle_diagnostic,1,10,2,2,fixed continuous c,oracle,98,0.5020255451612088,0.03223337759014064,0.01012641422375717,0.0,,,,,True,,,,0.006363437797967775,0.6283999110997032,True
oracle_diagnostic,1,20,6,5,fixed continuous c,oracle,11,0.5608687935908195,0.5391659757685618,0.08469199342700431,-2.220446049250313e-16,,,,,True,,,,0.191224954777792,2.257887045044087,True
oracle_diagnostic,1,20,6,5,fixed continuous c,oracle,14,0.5463937077824338,0.4303308782692588,0.06759621628917735,-2.220446049250313e-16,,,,,True,,,,0.14575013154208571,2.1561877209009017,True
oracle_diagnostic,1,20,6,5,fixed continuous c,oracle,18,0.5355354537225117,0.33892583737972093,0.053238346041195005,0.0,,,,,True,,,,0.11163792035662268,2.0969456915554625,True
oracle_diagnostic,1,20,6,5,fixed continuous c,oracle,26,0.5243948440905195,0.23778471700309906,0.0373511360036432,-2.220446049250313e-16,,,,,True,,,,0.07663866298024447,2.0518428936878705,True
oracle_diagnostic,1,20,6,5,fixed continuous c,oracle,38,0.5166691356497115,0.16422253947899734,0.02579601617905389,-6.661338147750939e-16,,,,,True,,,,0.05236763409882528,2.030066725626699,True
oracle_diagnostic,1,20,6,5,fixed continuous c,oracle,54,0.511743358145474,0.11625413573066218,0.01826115693804395,-3.3306690738754696e-16,,,,,True,,,,0.03689284767829504,2.020290817469248,True
oracle_diagnostic,1,20,6,5,fixed continuous c,oracle,70,0.5090705475316657,0.08997074630808982,0.0141325717819743,1.1102230246251565e-16,,,,,True,,,,0.02849596548951805,2.0163326200730043,True
oracle_diagnostic,1,20,6,5,fixed continuous c,oracle,102,0.5062362664067355,0.06195459250848547,0.00973180463404036,-2.220446049250313e-16,,,,,True,,,,0.019591808729228832,2.013173246480893,True
oracle_diagnostic,1,40,12,12,fixed continuous c,oracle,17,0.4453129982896404,0.719624483874632,0.056519174797097255,-2.7200464103316335e-15,,,,,True,,,,-0.17180428282011828,3.0397521449471325,True
oracle_diagnostic,1,40,12,12,fixed continuous c,oracle,20,0.4566997424337157,0.6149482740665755,0.048297924503631906,1.3322676295501878e-15,,,,,True,,,,-0.1360317710687846,2.816513803994938,True
oracle_diagnostic,1,40,12,12,fixed continuous c,oracle,24,0.4655359143428245,0.5151902307282142,0.04046294610142471,1.4432899320127035e-15,,,,,True,,,,-0.10827211831327199,2.6758337873341285,True
oracle_diagnostic,1,40,12,12,fixed continuous c,oracle,32,0.4751194536674126,0.38908502272675755,0.03055866622550498,3.3306690738754696e-16,,,,,True,,,,-0.07816454157575703,2.5578518708555107,True
oracle_diagnostic,1,40,12,12,fixed continuous c,oracle,44,0.48224981518750987,0.28464116845168236,0.022355665092925504,8.881784197001252e-16,,,,,True,,,,-0.0557638502067801,2.4943945964026217,True
oracle_diagnostic,1,40,12,12,fixed continuous c,oracle,60,0.48708970862453743,0.20963348275854035,0.016464575234516825,-9.992007221626409e-16,,,,,True,,,,-0.04055887654085688,2.4634025453525243,True
oracle_diagnostic,1,40,12,12,fixed continuous c,oracle,76,0.4898367374977838,0.16591745129235966,0.013031126152060486,1.2212453270876722e-15,,,,,True,,,,-0.03192883081346709,2.450197353696748,True
oracle_diagnostic,1,40,12,12,fixed continuous c,oracle,108,0.4928595581333179,0.11708756415336513,0.009196035784273388,2.220446049250313e-16,,,,,True,,,,-0.022432359711753502,2.4393510680021744,True
oracle_diagnostic,1,80,25,24,fixed continuous c,oracle,30,0.6196359989765929,0.8249474357825144,0.03239561004815106,-5.773159728050814e-15,,,,,True,,,,0.37584757548974035,11.601805767235163,True
oracle_diagnostic,1,80,25,24,fixed continuous c,oracle,33,0.5993759519981292,0.7523226017539368,0.029543639484996595,-6.661338147750939e-16,,,,,True,,,,0.31219876074081476,10.567376470301209,True
oracle_diagnostic,1,80,25,24,fixed continuous c,oracle,37,0.5827169367726756,0.6731072873139029,0.026432861361288893,1.4432899320127035e-15,,,,,True,,,,0.25986292089248897,9.831055266421515,True
oracle_diagnostic,1,80,25,24,fixed continuous c,oracle,45,0.5634031819031905,0.5558473254016306,0.021828073424991223,-6.661338147750939e-16,,,,,True,,,,0.19918697048128076,9.125265734777546,True
oracle_diagnostic,1,80,25,24,fixed continuous c,oracle,57,0.5478173686060904,0.4405890129039561,0.01730189007739309,-3.3306690738754696e-16,,,,,True,,,,0.15022269392688892,8.682444129221013,True
oracle_diagnostic,1,80,25,24,fixed continuous c,oracle,73,0.5363825920352884,0.3451174731098071,0.013552731476840538,2.220446049250313e-15,,,,,True,,,,0.11429928385661658,8.43367140062768,True
oracle_diagnostic,1,80,25,24,fixed continuous c,oracle,89,0.5294827222157549,0.28363843133002187,0.011138455151776621,3.3306690738754696e-16,,,,,True,,,,0.09262270352084401,8.315578979197163,True
oracle_diagnostic,1,80,25,24,fixed continuous c,oracle,121,0.5214583025633969,0.20912007444476424,0.008212126119922775,-5.551115123125783e-16,,,,,True,,,,0.06741324569167473,8.208988111876279,True
oracle_diagnostic,2,10,2,2,fixed continuous c,oracle,7,0.47313721450786805,0.3882512574304208,0.12197272980904096,-4.440892098500626e-16,,,,,True,,,,-0.08439192955704011,0.6918917834270258,True
oracle_diagnostic,2,10,2,2,fixed continuous c,oracle,10,0.48056508477792925,0.2838791348600599,0.08918326045837902,-7.216449660063518e-16,,,,,True,,,,-0.06105658688479787,0.6846193620975811,True
oracle_diagnostic,2,10,2,2,fixed continuous c,oracle,14,0.48571302113821546,0.20910043073896398,0.06569083770719905,-1.6653345369377348e-16,,,,,True,,,,-0.04488386783417497,0.6832591789167601,True
oracle_diagnostic,2,10,2,2,fixed continuous c,oracle,22,0.49062065801104626,0.13701197681134322,0.0430435819804331,3.3306690738754696e-16,,,,,True,,,,-0.02946607188800332,0.684563656932597,True
oracle_diagnostic,2,10,2,2,fixed continuous c,oracle,34,0.49379727223046516,0.0903305833309131,0.02837818969868772,-2.220446049250313e-16,,,,,True,,,,-0.019486443992988045,0.6866697347466512,True
oracle_diagnostic,2,10,2,2,fixed continuous c,oracle,50,0.4957237132739279,0.06211896685904036,0.0195152489932949,1.6653345369377348e-16,,,,,True,,,,-0.013434350963271724,0.6884027443302175,True
oracle_diagnostic,2,10,2,2,fixed continuous c,oracle,66,0.4967363916039415,0.04733662572519402,0.014871239562399916,5.551115123125783e-17,,,,,True,,,,-0.01025292816125134,0.6894467753162014,True
oracle_diagnostic,2,10,2,2,fixed continuous c,oracle,98,0.49778497712548564,0.03207286254364296,0.010075986934670395,-5.551115123125783e-17,,,,,True,,,,-0.006958699590107642,0.6906221331196352,True
oracle_diagnostic,2,20,5,5,fixed continuous c,oracle,10,0.4856874472856809,0.567499019716292,0.08914253756300561,0.0,,,,,True,,,,-0.044964210461421406,0.5044080154173407,True
oracle_diagnostic,2,20,5,5,fixed continuous c,oracle,13,0.48908946830521866,0.44752767483441663,0.07029748277689625,-5.551115123125783e-16,,,,,True,,,,-0.034276446219083656,0.4875913740448875,True
oracle_diagnostic,2,20,5,5,fixed continuous c,oracle,17,0.49162817678606685,0.3491978422266688,0.054851868789435515,2.7755575615628914e-16,,,,,True,,,,-0.026300858306044894,0.47948882848473606,True
oracle_diagnostic,2,20,5,5,fixed continuous c,oracle,25,0.49423634315097825,0.24264330900635434,0.03811432185085404,6.661338147750939e-16,,,,,True,,,,-0.01810706201469925,0.47507239104382804,True
oracle_diagnostic,2,20,5,5,fixed continuous c,oracle,37,0.49605257769737787,0.16647562781532693,0.026149930467318984,1.6653345369377348e-16,,,,,True,,,,-0.012401192906534186,0.47423425932365837,True
oracle_diagnostic,2,20,5,5,fixed continuous c,oracle,53,0.4972149032590753,0.11736293880122319,0.018435327317081564,-7.216449660063518e-16,,,,,True,,,,-0.008749639460825964,0.4746126450773043,True
oracle_diagnostic,2,20,5,5,fixed continuous c,oracle,69,0.49784709459413395,0.09062832298661185,0.014235863685095137,-8.326672684688674e-16,,,,,True,,,,-0.006763551806942436,0.4751065306999135,True
oracle_diagnostic,2,20,5,5,fixed continuous c,oracle,101,0.4985186132297179,0.06226314144523516,0.009780271387688649,-6.106226635438361e-16,,,,,True,,,,-0.004653913794643305,0.4758471017994067,True
oracle_diagnostic,2,40,11,11,fixed continuous c,oracle,16,0.5570100935282569,0.7361612408275241,0.0578179686510324,-4.440892098500626e-16,,,,,True,,,,0.1791024910088388,3.0976960136706695,True
oracle_diagnostic,2,40,11,11,fixed continuous c,oracle,19,0.5443609399205573,0.627683516813222,0.04929814812999559,-8.881784197001252e-16,,,,,True,,,,0.139364002960761,2.8269622338199882,True
oracle_diagnostic,2,40,11,11,fixed continuous c,oracle,23,0.5349166563297914,0.5244651286179846,0.041191394878257154,-1.4432899320127035e-15,,,,,True,,,,0.10969391101359194,2.663029774490443,True
oracle_diagnostic,2,40,11,11,fixed continuous c,oracle,31,0.5249428717953857,0.3945710090867618,0.03098953458666206,-1.5543122344752192e-15,,,,,True,,,,0.07836034279181558,2.5286066356589294,True
oracle_diagnostic,2,40,11,11,fixed continuous c,oracle,43,0.5176686120607454,0.2876511240855292,0.022592066455598612,-1.3322676295501878e-15,,,,,True,,,,0.05550758184916571,2.4569501846259927,True
oracle_diagnostic,2,40,11,11,fixed continuous c,oracle,59,0.5127925503865695,0.21129235390690046,0.016594862669840327,-5.551115123125783e-16,,,,,True,,,,0.04018898231512402,2.4217725156691947,True
oracle_diagnostic,2,40,11,11,fixed continuous c,oracle,75,0.5100453843846001,0.1669657307095743,0.013113457824961258,-6.661338147750939e-16,,,,,True,,,,0.03155850578514552,2.4065739339226306,True
oracle_diagnostic,2,40,11,11,fixed continuous c,oracle,107,0.5070386272284443,0.1176145494238746,0.009237425110632951,-6.661338147750939e-16,,,,,True,,,,0.02211249959223771,2.3937947347237065,True
oracle_diagnostic,2,80,24,24,fixed continuous c,oracle,29,0.4944676929216876,0.8421430967332033,0.033070882074604874,1.7208456881689926e-15,,,,,True,,,,-0.017380255274629164,0.5255455610594512,True
oracle_diagnostic,2,80,24,24,fixed continuous c,oracle,32,0.4952351603458974,0.7661018340778796,0.030084748673009164,4.440892098500626e-16,,,,,True,,,,-0.014969185252862172,0.49756723632835026,True
oracle_diagnostic,2,80,24,24,fixed continuous c,oracle,36,0.4959562454268417,0.6837876836737585,0.02685227954555826,-1.1102230246251565e-15,,,,,True,,,,-0.012703829659954202,0.4731006035595809,True
oracle_diagnostic,2,80,24,24,fixed continuous c,oracle,44,0.4968519400414388,0.5628497779075067,0.02210305909186087,4.718447854656915e-15,,,,,True,,,,-0.009889922038876175,0.44744584891047934,True
oracle_diagnostic,2,80,24,24,fixed continuous c,oracle,56,0.4976044166743692,0.44484446819753465,0.017469001415992915,2.7755575615628914e-16,,,,,True,,,,-0.007525946976863818,0.43081724007268063,True
oracle_diagnostic,2,80,24,24,fixed continuous c,oracle,72,0.498167961447706,0.34766328647512007,0.01365270533391401,2.1094237467877974e-15,,,,,True,,,,-0.005755518856980224,0.4215661816624156,True
oracle_diagnostic,2,80,24,24,fixed continuous c,oracle,88,0.4985116047015371,0.28533138790939755,0.011204937401184285,6.661338147750939e-16,,,,,True,,,,-0.004675931735288685,0.4173099382772519,True
oracle_diagnostic,2,80,24,24,fixed continuous c,oracle,120,0.49891399836259,0.2100235003429345,0.008247603571982204,-1.3877787807814457e-15,,,,,True,,,,-0.003411774765873732,0.4136686173258636,True
oracle_diagnostic,4,10,1,1,fixed continuous c,oracle,6,0.5019850930019506,0.3906852478596286,0.12273739045417166,-7.216449660063518e-16,,,,,True,,,,0.006236353591620558,0.05081054411002099,True
oracle_diagnostic,4,10,1,1,fixed continuous c,oracle,9,0.5001119174472173,0.2848330477657307,0.08948294103604103,-3.885780586188048e-16,,,,,True,,,,0.00035159902998627146,0.0039292297047395655,True
oracle_diagnostic,4,10,1,1,fixed continuous c,oracle,13,0.49941192179527516,0.20948198267007972,0.06581070578157468,5.551115123125783e-17,,,,,True,,,,-0.0018475021676997994,0.028072973017971386,True
oracle_diagnostic,4,10,1,1,fixed continuous c,oracle,21,0.4992052403746008,0.13711936316239937,0.04307731839759048,1.1102230246251565e-16,,,,,True,,,,-0.002496811000523902,0.05796115202620321,True
oracle_diagnostic,4,10,1,1,fixed continuous c,oracle,33,0.49930504706170303,0.09036136128704549,0.028387858878775526,2.220446049250313e-16,,,,,True,,,,-0.0021832590455443945,0.0769081970876194,True
oracle_diagnostic,4,10,1,1,fixed continuous c,oracle,49,0.49945184610078935,0.062128976772759165,0.019518393700435108,5.551115123125783e-17,,,,,True,,,,-0.0017220762627967456,0.08822838032815973,True
oracle_diagnostic,4,10,1,1,fixed continuous c,oracle,65,0.4995544025901846,0.047341055254219465,0.014872631139984435,-3.3306690738754696e-16,,,,,True,,,,-0.0013998855491348383,0.0941249423830129,True
oracle_diagnostic,4,10,1,1,fixed continuous c,oracle,97,0.4996786476363685,0.03207424033887844,0.010076419781809391,0.0,,,,,True,,,,-0.0010095582247984236,0.10019017137624057,True
oracle_diagnostic,4,20,4,4,fixed continuous c,oracle,9,0.5043721685902096,0.5694490102926071,0.08944884136646164,-1.3322676295501878e-15,,,,,True,,,,0.013735572723258649,0.1535578607104097,True
oracle_diagnostic,4,20,4,4,fixed continuous c,oracle,12,0.5026892624428305,0.4485010606186369,0.07045038185833702,6.106226635438361e-16,,,,,True,,,,0.008448567133971352,0.1199222333664549,True
oracle_diagnostic,4,20,4,4,fixed continuous c,oracle,16,0.5016679549819997,0.34966448739444406,0.054925169240981314,-9.992007221626409e-16,,,,,True,,,,0.005240035117968667,0.09540316744365931,True
oracle_diagnostic,4,20,4,4,fixed continuous c,oracle,24,0.500859853535371,0.2428008583277861,0.03813906964039345,1.1102230246251565e-16,,,,,True,,,,0.0027013095498846784,0.07082788267660561,True
oracle_diagnostic,4,20,4,4,fixed continuous c,oracle,36,0.5004514478434282,0.16652665409893086,0.02615794565720449,-1.0547118733938987e-15,,,,,True,,,,0.0014182652283931674,0.05421928950305564,True
oracle_diagnostic,4,20,4,4,fixed continuous c,oracle,52,0.5002574409020226,0.11738083913919398,0.01843813909559485,-5.551115123125783e-17,,,,,True,,,,0.0008087744465277158,0.04386421223608972,True
oracle_diagnostic,4,20,4,4,fixed continuous c,oracle,68,0.5001737226936006,0.09063656941917503,0.014237159031693078,-5.551115123125783e-17,,,,,True,,,,0.0005457659379775048,0.038333907541707256,True
oracle_diagnostic,4,20,4,4,fixed continuous c,oracle,100,0.5001013200917739,0.06226581646175488,0.009780691578300976,-1.1102230246251565e-16,,,,,True,,,,0.00031830645597796803,0.032544371063100395,True
oracle_diagnostic,4,40,11,10,fixed continuous c,oracle,16,0.5627175727974589,0.6969918491882129,0.05474161182554137,5.551115123125783e-16,,,,,True,,,,0.19703306595148007,3.5993289086812803,True
oracle_diagnostic,4,40,11,10,fixed continuous c,oracle,19,0.5500424626623663,0.5988471777226747,0.0470333473539134,-1.1102230246251565e-16,,,,,True,,,,0.15721303306763157,3.3425865245066526,True
oracle_diagnostic,4,40,11,10,fixed continuous c,oracle,23,0.5399778528288101,0.5040997025464373,0.03959189805491718,0.0,,,,,True,,,,0.12559412875328357,3.1722179264826935,True
oracle_diagnostic,4,40,11,10,fixed continuous c,oracle,31,0.5289240395078957,0.3828769018412616,0.030071081551343196,6.661338147750939e-16,,,,,True,,,,0.0908675500301459,3.021758624644051,True
oracle_diagnostic,4,40,11,10,fixed continuous c,oracle,43,0.5206494182500211,0.2813614243787337,0.02209807459579475,3.3306690738754696e-16,,,,,True,,,,0.06487206067516915,2.9356431210307465,True
oracle_diagnostic,4,40,11,10,fixed continuous c,oracle,59,0.5150218805325316,0.20786944838261454,0.016326028298614615,0.0,,,,,True,,,,0.047192629524104746,2.8906374937564814,True
oracle_diagnostic,4,40,11,10,fixed continuous c,oracle,75,0.5118261509758724,0.16481760535562873,0.012944744454187623,3.3306690738754696e-16,,,,,True,,,,0.03715294902604449,2.8701183833741513,True
oracle_diagnostic,4,40,11,10,fixed continuous c,oracle,107,0.5083090442935742,0.11654262912929489,0.009153236687565815,-2.220446049250313e-16,,,,,True,,,,0.02610363251104464,2.8518472101245926,True
oracle_diagnostic,4,80,23,23,fixed continuous c,oracle,28,0.5011049196797285,0.8425282432062859,0.03308600674123478,-5.551115123125783e-16,,,,,True,,,,0.0034712075486418303,0.10491467210866812,True
oracle_diagnostic,4,80,23,23,fixed continuous c,oracle,31,0.5006714043352238,0.7664049315762257,0.030096651283935735,-2.886579864025407e-15,,,,,True,,,,0.0021092789271275336,0.07008350886709358,True
oracle_diagnostic,4,80,23,23,fixed continuous c,oracle,35,0.5004336089319973,0.6840095299590434,0.02686099142880923,4.496403249731884e-15,,,,,True,,,,0.0013622226352936195,0.05071378839101949,True
oracle_diagnostic,4,80,23,23,fixed continuous c,oracle,43,0.5002389225481831,0.5629767696654692,0.022108046046534387,3.885780586188048e-16,,,,,True,,,,0.0007505973221491047,0.033951318925661764,True
oracle_diagnostic,4,80,23,23,fixed continuous c,oracle,55,0.500127355848461,0.4449081457966534,0.017471502029462786,-1.3322676295501878e-15,,,,,True,,,,0.0004001001979168084,0.022900160343518598,True
oracle_diagnostic,4,80,23,23,fixed continuous c,oracle,71,0.5000678572804784,0.34769394345730836,0.013653909230789312,-3.3306690738754696e-15,,,,,True,,,,0.00021317993384362133,0.015613106125160444,True
oracle_diagnostic,4,80,23,23,fixed continuous c,oracle,87,0.5000408703337371,0.28534840264175143,0.011205605568161357,1.1657341758564144e-15,,,,,True,,,,0.00012839794021823892,0.011458366925126988,True
oracle_diagnostic,4,80,23,23,fixed continuous c,oracle,119,0.5000179177497991,0.2100303098985686,0.008247870982606634,7.216449660063518e-16,,,,,True,,,,5.629027113784879e-05,0.006824824400933945,True
