n,c,parameter_path,P,Boulsane_N,method,wall_median_seconds,wall_Q1_seconds,wall_Q3_seconds,wall_IQR_seconds,CPU_median_seconds,reused_entry_count,matrix_storage_bytes,offset_path
0,10,fixed continuous c,35,36,project_full_rebuild,0.0016572000022279099,0.0016463499960082117,0.0016709999981685542,2.465000216034241e-05,0.0,0,9800,
0,10,fixed continuous c,35,36,project_block_extension,0.00016650000179652125,0.00016575000336160883,0.00016799999866634607,2.24999530473724e-06,0.0,529,9800,
0,10,fixed continuous c,35,36,project_eigensolve,2.830000448739156e-05,2.779999704216607e-05,2.890000178012997e-05,1.1000047379639e-06,0.0,,,
0,10,fixed continuous c,35,36,Boulsane_large_N_assembly,0.005069600003480446,0.005003800000849878,0.005087850000563776,8.40499997138977e-05,0.0,0,10368,large_N
0,10,fixed continuous c,35,36,Boulsane_large_N_eigensolve,3.270000161137432e-05,3.199999991920777e-05,3.400000059627928e-05,2.0000006770715117e-06,0.0,,,large_N
0,10,fixed continuous c,35,36,Boulsane_half_mesh_assembly,0.004841900001338217,0.004820649999601301,0.0049758499990275595,0.00015519999942625873,0.0,0,10368,half_mesh
0,10,fixed continuous c,35,36,Boulsane_half_mesh_eigensolve,2.890000178012997e-05,2.8750000637955964e-05,3.0399998649954796e-05,1.6499980119988322e-06,0.0,,,half_mesh
0,10,fixed continuous c,35,36,Boulsane_next_zero_assembly,0.004796399996848777,0.004795049997483147,0.0048226000035356265,2.7550006052479148e-05,0.0,0,10368,next_zero
0,10,fixed continuous c,35,36,Boulsane_next_zero_eigensolve,2.9999995604157448e-05,2.9150000045774505e-05,3.0750001315027475e-05,1.6000012692529708e-06,0.0,,,next_zero
0,10,fixed continuous c,35,36,Boulsane_left_control_assembly,0.0048136000041267835,0.004804500000318512,0.00482929999998305,2.479999966453761e-05,0.0,0,10368,left_control
0,10,fixed continuous c,35,36,Boulsane_left_control_eigensolve,3.0800001695752144e-05,2.9650000215042382e-05,3.215000106138177e-05,2.5000008463393897e-06,0.0,,,left_control
0,10,fixed continuous c,35,36,Boulsane_right_control_assembly,0.004806299999472685,0.004799399997864384,0.00488000000041211,8.060000254772604e-05,0.0,0,10368,right_control
0,10,fixed continuous c,35,36,Boulsane_right_control_eigensolve,2.9199996788520366e-05,2.7800000680144876e-05,3.090000245720148e-05,3.1000017770566046e-06,0.0,,,right_control
0,10,fixed continuous c,51,52,project_full_rebuild,0.0024041000069701113,0.002397349995590048,0.002410300003248267,1.2950007658218965e-05,0.0,0,20808,
0,10,fixed continuous c,51,52,project_block_extension,0.00030649999825982377,0.00030500000138999894,0.00030980000155977905,4.800000169780105e-06,0.0,1225,20808,
0,10,fixed continuous c,51,52,project_eigensolve,4.630000330507755e-05,4.5549997594207525e-05,4.914999954053201e-05,3.6000019463244826e-06,0.0,,,
0,10,fixed continuous c,51,52,Boulsane_large_N_assembly,0.010405599998193793,0.010387849997641752,0.010413899999548448,2.6050001906696707e-05,0.015625,0,21632,large_N
0,10,fixed continuous c,51,52,Boulsane_large_N_eigensolve,4.999999509891495e-05,4.935000470140949e-05,5.360000068321824e-05,4.249995981808752e-06,0.0,,,large_N
0,10,fixed continuous c,51,52,Boulsane_half_mesh_assembly,0.010412299998279195,0.010393349999503698,0.010443499999382766,5.0149999879067764e-05,0.015625,0,21632,half_mesh
0,10,fixed continuous c,51,52,Boulsane_half_mesh_eigensolve,5.149999924469739e-05,5.059999966761097e-05,5.8450001233723015e-05,7.850001566112041e-06,0.0,,,half_mesh
0,10,fixed continuous c,51,52,Boulsane_next_zero_assembly,0.010418499994557351,0.010415550001198426,0.010431800001242664,1.6250000044237822e-05,0.015625,0,21632,next_zero
0,10,fixed continuous c,51,52,Boulsane_next_zero_eigensolve,4.990000161342323e-05,4.959999932907522e-05,5.3050000133225694e-05,3.450000804150477e-06,0.0,,,next_zero
0,10,fixed continuous c,51,52,Boulsane_left_control_assembly,0.010489599997526966,0.010382599997683428,0.010539850001805462,0.00015725000412203372,0.015625,0,21632,left_control
0,10,fixed continuous c,51,52,Boulsane_left_control_eigensolve,4.919999628327787e-05,4.669999907491729e-05,5.160000000614673e-05,4.900000931229442e-06,0.0,,,left_control
0,10,fixed continuous c,51,52,Boulsane_right_control_assembly,0.010383400003775023,0.01031420000072103,0.010396950001450023,8.275000072899275e-05,0.0,0,21632,right_control
0,10,fixed continuous c,51,52,Boulsane_right_control_eigensolve,4.959999932907522e-05,4.9299997044727206e-05,5.18000015290454e-05,2.5000044843181968e-06,0.0,,,right_control
0,10,fixed continuous c,67,68,project_full_rebuild,0.0032818000036058947,0.0032659499993314967,0.003283400001237169,1.7450001905672252e-05,0.0,0,35912,
0,10,fixed continuous c,67,68,project_block_extension,0.00041289999353466555,0.00041060000148718245,0.0004138999975111801,3.2999960239976645e-06,0.0,2601,35912,
0,10,fixed continuous c,67,68,project_eigensolve,7.890000415500253e-05,7.860000187065452e-05,8.240000533987768e-05,3.8000034692231566e-06,0.0,,,
0,10,fixed continuous c,67,68,Boulsane_large_N_assembly,0.017823700000008103,0.01780969999890658,0.017880699997476768,7.099999857018702e-05,0.015625,0,36992,large_N
0,10,fixed continuous c,67,68,Boulsane_large_N_eigensolve,8.779999916441739e-05,8.635000267531723e-05,9.05499946384225e-05,4.199991963105276e-06,0.0,,,large_N
0,10,fixed continuous c,67,68,Boulsane_half_mesh_assembly,0.01694560000032652,0.016935400002694223,0.017053899999154964,0.00011849999646074139,0.015625,0,36992,half_mesh
0,10,fixed continuous c,67,68,Boulsane_half_mesh_eigensolve,8.140000136336312e-05,8.000000161700882e-05,8.444999912171625e-05,4.449997504707426e-06,0.0,,,half_mesh
0,10,fixed continuous c,67,68,Boulsane_next_zero_assembly,0.01777600000059465,0.017762950003088918,0.017972999998164596,0.00021004999507567845,0.015625,0,36992,next_zero
0,10,fixed continuous c,67,68,Boulsane_next_zero_eigensolve,8.800000068731606e-05,8.420000085607171e-05,9.194999802275561e-05,7.749997166683897e-06,0.0,,,next_zero
0,10,fixed continuous c,67,68,Boulsane_left_control_assembly,0.017876599995361175,0.01765615000476828,0.018328300000575837,0.0006721499958075583,0.015625,0,36992,left_control
0,10,fixed continuous c,67,68,Boulsane_left_control_eigensolve,8.199999865610152e-05,7.990000085555948e-05,8.584999886807054e-05,5.94999801251106e-06,0.0,,,left_control
0,10,fixed continuous c,67,68,Boulsane_right_control_assembly,0.018246300001919735,0.017881400002806913,0.018661649999557994,0.0007802499967510812,0.015625,0,36992,right_control
0,10,fixed continuous c,67,68,Boulsane_right_control_eigensolve,8.680000610183924e-05,8.40499997138977e-05,8.970000271801837e-05,5.650003004120663e-06,0.0,,,right_control
0,10,fixed continuous c,99,100,project_full_rebuild,0.005537700002605561,0.005517950001376448,0.005577749998337822,5.9799996961373836e-05,0.0,0,78408,
0,10,fixed continuous c,99,100,project_block_extension,0.0011057999945478514,0.0011000500016962178,0.0011134500018670224,1.340000017080456e-05,0.0,4489,78408,
0,10,fixed continuous c,99,100,project_eigensolve,0.0002175999979954213,0.00021085000116727315,0.00023275000057765283,2.1899999410379678e-05,0.0,,,
0,10,fixed continuous c,99,100,Boulsane_large_N_assembly,0.03772430000390159,0.0369252000018605,0.03854949999731616,0.001624299995455658,0.03125,0,80000,large_N
0,10,fixed continuous c,99,100,Boulsane_large_N_eigensolve,0.00021460000425577164,0.00020765000226674601,0.00022170000011101365,1.4049997844267637e-05,0.0,,,large_N
0,10,fixed continuous c,99,100,Boulsane_half_mesh_assembly,0.03843639999831794,0.03773600000567967,0.03909474999818485,0.0013587499925051816,0.03125,0,80000,half_mesh
0,10,fixed continuous c,99,100,Boulsane_half_mesh_eigensolve,0.00024300000222865492,0.00023275000057765283,0.00027075000252807513,3.80000019504223e-05,0.0,,,half_mesh
0,10,fixed continuous c,99,100,Boulsane_next_zero_assembly,0.03891699999803677,0.038705799997842405,0.03984494999895105,0.0011391500011086464,0.03125,0,80000,next_zero
0,10,fixed continuous c,99,100,Boulsane_next_zero_eigensolve,0.000395799994294066,0.0003691500023705885,0.0004150500026298687,4.5900000259280205e-05,0.0,,,next_zero
0,10,fixed continuous c,99,100,Boulsane_left_control_assembly,0.03905569999915315,0.03891689999727532,0.03934980000121868,0.0004329000039433595,0.03125,0,80000,left_control
0,10,fixed continuous c,99,100,Boulsane_left_control_eigensolve,0.00027889999910257757,0.00025785000252653845,0.0002932999996119179,3.544999708537944e-05,0.0,,,left_control
0,10,fixed continuous c,99,100,Boulsane_right_control_assembly,0.03751159999956144,0.03689844999826164,0.03772914999717614,0.000830699998914497,0.03125,0,80000,right_control
0,10,fixed continuous c,99,100,Boulsane_right_control_eigensolve,0.00024370000028284267,0.00021965000269119628,0.0002554499988036696,3.579999611247331e-05,0.0,,,right_control
0,20,fixed continuous c,38,39,project_full_rebuild,0.0018974000049638562,0.0018779500023811124,0.001959100001840852,8.114999945973977e-05,0.0,0,11552,
0,20,fixed continuous c,38,39,project_block_extension,0.00018909999926108867,0.0001882499964267481,0.0001915499997267034,3.3000032999552786e-06,0.0,676,11552,
0,20,fixed continuous c,38,39,project_eigensolve,2.8399997972883284e-05,2.7800000680144876e-05,2.9549999453593045e-05,1.7499987734481692e-06,0.0,,,
0,20,fixed continuous c,38,39,Boulsane_large_N_assembly,0.007335199996305164,0.007285499999852618,0.007816549998096889,0.0005310499982442707,0.015625,0,12168,large_N
0,20,fixed continuous c,38,39,Boulsane_large_N_eigensolve,2.950000634882599e-05,2.9400001949397847e-05,3.239999932702631e-05,2.9999973776284605e-06,0.0,,,large_N
0,20,fixed continuous c,38,39,Boulsane_half_mesh_assembly,0.00690980000217678,0.006895700000313809,0.006949899998289766,5.419999797595665e-05,0.015625,0,12168,half_mesh
0,20,fixed continuous c,38,39,Boulsane_half_mesh_eigensolve,3.0499999411404133e-05,2.7950001822318882e-05,3.090000245720148e-05,2.950000634882599e-06,0.0,,,half_mesh
0,20,fixed continuous c,38,39,Boulsane_next_zero_assembly,0.0074621000021579675,0.007167149997258093,0.007575949999591103,0.0004088000023330096,0.015625,0,12168,next_zero
0,20,fixed continuous c,38,39,Boulsane_next_zero_eigensolve,3.0399998649954796e-05,2.9999999242136255e-05,3.3749998692655936e-05,3.749999450519681e-06,0.0,,,next_zero
0,20,fixed continuous c,38,39,Boulsane_left_control_assembly,0.007154799997806549,0.007016399998974521,0.007214950001070974,0.00019855000209645368,0.0,0,12168,left_control
0,20,fixed continuous c,38,39,Boulsane_left_control_eigensolve,2.989999484270811e-05,2.8550002753036097e-05,3.110000034212135e-05,2.549997589085251e-06,0.0,,,left_control
0,20,fixed continuous c,38,39,Boulsane_right_control_assembly,0.007004800005233847,0.006955299999390263,0.007130800000595627,0.00017550000120536424,0.0,0,12168,right_control
0,20,fixed continuous c,38,39,Boulsane_right_control_eigensolve,2.9100003303028643e-05,2.854999911505729e-05,3.454999750829302e-05,5.999998393235728e-06,0.0,,,right_control
0,20,fixed continuous c,54,55,project_full_rebuild,0.002569600001152139,0.0025420500023756176,0.002575249996880302,3.319999450468458e-05,0.0,0,23328,
0,20,fixed continuous c,54,55,project_block_extension,0.000323199994454626,0.00032130000181496143,0.00033089999851654284,9.599996701581404e-06,0.0,1444,23328,
0,20,fixed continuous c,54,55,project_eigensolve,4.9200003559235483e-05,4.7999998059822246e-05,5.185000190977007e-05,3.850003849947825e-06,0.0,,,
0,20,fixed continuous c,54,55,Boulsane_large_N_assembly,0.014761400001589209,0.014693449997139396,0.014778999997361097,8.555000022170134e-05,0.015625,0,24200,large_N
0,20,fixed continuous c,54,55,Boulsane_large_N_eigensolve,5.420000525191426e-05,5.325000165612437e-05,6.399999983841553e-05,1.0749998182291165e-05,0.0,,,large_N
0,20,fixed continuous c,54,55,Boulsane_half_mesh_assembly,0.013922600002842955,0.013900949998060241,0.01459679999970831,0.0006958500016480684,0.015625,0,24200,half_mesh
0,20,fixed continuous c,54,55,Boulsane_half_mesh_eigensolve,5.009999586036429e-05,4.864999937126413e-05,5.3050000133225694e-05,4.400000761961564e-06,0.0,,,half_mesh
0,20,fixed continuous c,54,55,Boulsane_next_zero_assembly,0.013697700000193436,0.013644099999510217,0.013753149996773573,0.00010904999726335518,0.015625,0,24200,next_zero
0,20,fixed continuous c,54,55,Boulsane_next_zero_eigensolve,4.999999509891495e-05,4.8800000513438135e-05,5.1750001148320735e-05,2.950000634882599e-06,0.0,,,next_zero
0,20,fixed continuous c,54,55,Boulsane_left_control_assembly,0.01375749999715481,0.013742549999733455,0.013780250003037509,3.77000033040531e-05,0.015625,0,24200,left_control
0,20,fixed continuous c,54,55,Boulsane_left_control_eigensolve,4.8999994760379195e-05,4.860000262851827e-05,5.339999916031957e-05,4.799996531801298e-06,0.0,,,left_control
0,20,fixed continuous c,54,55,Boulsane_right_control_assembly,0.013780900000710972,0.013751700000284472,0.013785449998977128,3.3749998692655936e-05,0.015625,0,24200,right_control
0,20,fixed continuous c,54,55,Boulsane_right_control_eigensolve,4.939999780617654e-05,4.8850000894162804e-05,5.775000317953527e-05,8.900002285372466e-06,0.0,,,right_control
0,20,fixed continuous c,70,71,project_full_rebuild,0.0034051999973598868,0.0034015000019280706,0.0034463000010873657,4.479999915929511e-05,0.0,0,39200,
0,20,fixed continuous c,70,71,project_block_extension,0.0004247999968356453,0.00041974999840022065,0.0004286500006855931,8.900002285372466e-06,0.0,2916,39200,
0,20,fixed continuous c,70,71,project_eigensolve,7.899999764049426e-05,7.8500004747184e-05,8.214999979827553e-05,3.649995051091537e-06,0.0,,,
0,20,fixed continuous c,70,71,Boulsane_large_N_assembly,0.023927500005811453,0.02329490000192891,0.024180349999369355,0.0008854499974404462,0.03125,0,40328,large_N
0,20,fixed continuous c,70,71,Boulsane_large_N_eigensolve,8.690000686328858e-05,8.635000267531723e-05,9.1050002083648e-05,4.699999408330768e-06,0.0,,,large_N
0,20,fixed continuous c,70,71,Boulsane_half_mesh_assembly,0.02285719999781577,0.022813450003013713,0.022948199999518692,0.0001347499965049792,0.03125,0,40328,half_mesh
0,20,fixed continuous c,70,71,Boulsane_half_mesh_eigensolve,8.619999425718561e-05,8.499999967170879e-05,8.910000178730115e-05,4.1000021155923605e-06,0.0,,,half_mesh
0,20,fixed continuous c,70,71,Boulsane_next_zero_assembly,0.023597799998242408,0.0231376999981876,0.02409110000007786,0.0009534000018902589,0.03125,0,40328,next_zero
0,20,fixed continuous c,70,71,Boulsane_next_zero_eigensolve,8.580000576330349e-05,8.270000034826808e-05,8.970000271801837e-05,7.000002369750291e-06,0.0,,,next_zero
0,20,fixed continuous c,70,71,Boulsane_left_control_assembly,0.02289079999900423,0.022864450002089143,0.02294900000197231,8.454999988316558e-05,0.015625,0,40328,left_control
0,20,fixed continuous c,70,71,Boulsane_left_control_eigensolve,8.479999814881012e-05,8.37500010675285e-05,9.219999992637895e-05,8.44999885885045e-06,0.0,,,left_control
0,20,fixed continuous c,70,71,Boulsane_right_control_assembly,0.022841400001198053,0.022814750001998618,0.022861549998197006,4.6799996198387817e-05,0.015625,0,40328,right_control
0,20,fixed continuous c,70,71,Boulsane_right_control_eigensolve,8.510000043315813e-05,8.309999975608662e-05,9.180000415653922e-05,8.700004400452599e-06,0.0,,,right_control
0,20,fixed continuous c,102,103,project_full_rebuild,0.005504300002939999,0.005462850000185426,0.005767449998529628,0.0003045999983442016,0.0,0,83232,
0,20,fixed continuous c,102,103,project_block_extension,0.0011149999991175719,0.001103250000596745,0.0011168499986524694,1.3599998055724427e-05,0.0,4900,83232,
0,20,fixed continuous c,102,103,project_eigensolve,0.0002114000017172657,0.00020944999778294004,0.00022354999964591116,1.4100001862971112e-05,0.0,,,
0,20,fixed continuous c,102,103,Boulsane_large_N_assembly,0.04807440000149654,0.048040199999377364,0.048245699996186886,0.0002054999968095217,0.046875,0,84872,large_N
0,20,fixed continuous c,102,103,Boulsane_large_N_eigensolve,0.0002282999994349666,0.00022184999761520885,0.00024850000045262277,2.6650002837413922e-05,0.0,,,large_N
0,20,fixed continuous c,102,103,Boulsane_half_mesh_assembly,0.04828079999424517,0.04818094999791356,0.04969300000084331,0.0015120500029297546,0.046875,0,84872,half_mesh
0,20,fixed continuous c,102,103,Boulsane_half_mesh_eigensolve,0.00023099999816622585,0.00022499999977299012,0.0002515500018489547,2.6550002075964585e-05,0.0,,,half_mesh
0,20,fixed continuous c,102,103,Boulsane_next_zero_assembly,0.048078500003612135,0.048075050002807984,0.04850885000269045,0.0004337999998824671,0.046875,0,84872,next_zero
0,20,fixed continuous c,102,103,Boulsane_next_zero_eigensolve,0.00031179999496089295,0.00024354999914066866,0.0003295999995316379,8.605000039096922e-05,0.0,,,next_zero
0,20,fixed continuous c,102,103,Boulsane_left_control_assembly,0.049174599997058976,0.04847209999934421,0.049518299998453585,0.0010461999991093762,0.046875,0,84872,left_control
0,20,fixed continuous c,102,103,Boulsane_left_control_eigensolve,0.00023370000417344272,0.00023069999951985665,0.00025224999990314245,2.1550000383285806e-05,0.0,,,left_control
0,20,fixed continuous c,102,103,Boulsane_right_control_assembly,0.048535800000536256,0.04826204999699257,0.05049344999861205,0.002231400001619477,0.046875,0,84872,right_control
0,20,fixed continuous c,102,103,Boulsane_right_control_eigensolve,0.0002175999979954213,0.00020914999913657084,0.00023965000218595378,3.050000304938294e-05,0.0,,,right_control
0,40,fixed continuous c,44,45,project_full_rebuild,0.0022033000059309416,0.0021807000011904165,0.0022243999992497265,4.369999805931002e-05,0.0,0,15488,
0,40,fixed continuous c,44,45,project_block_extension,0.00022159999934956431,0.00022109999918029644,0.00023064999913913198,9.549999958835542e-06,0.0,1024,15488,
0,40,fixed continuous c,44,45,project_eigensolve,3.149999974993989e-05,3.0499999411404133e-05,3.6249999538995326e-05,5.750000127591193e-06,0.0,,,
0,40,fixed continuous c,44,45,Boulsane_large_N_assembly,0.007588000000396278,0.0075641000003088266,0.007660449999093544,9.634999878471717e-05,0.015625,0,16200,large_N
0,40,fixed continuous c,44,45,Boulsane_large_N_eigensolve,3.5899996873922646e-05,3.1650000892113894e-05,3.7900001188972965e-05,6.250000296859071e-06,0.0,,,large_N
0,40,fixed continuous c,44,45,Boulsane_half_mesh_assembly,0.007626300000993069,0.007603850001032697,0.007667850000871113,6.399999983841553e-05,0.015625,0,16200,half_mesh
0,40,fixed continuous c,44,45,Boulsane_half_mesh_eigensolve,3.149999974993989e-05,3.1050003599375486e-05,4.0099999750964344e-05,9.049996151588857e-06,0.0,,,half_mesh
0,40,fixed continuous c,44,45,Boulsane_next_zero_assembly,0.007799000006343704,0.0077358000016829465,0.007862099999329075,0.00012629999764612876,0.015625,0,16200,next_zero
0,40,fixed continuous c,44,45,Boulsane_next_zero_eigensolve,3.270000161137432e-05,3.139999898849055e-05,3.420000211917795e-05,2.8000031306874007e-06,0.0,,,next_zero
0,40,fixed continuous c,44,45,Boulsane_left_control_assembly,0.008009400000446476,0.007962350002344465,0.008033050002268283,7.069999992381781e-05,0.015625,0,16200,left_control
0,40,fixed continuous c,44,45,Boulsane_left_control_eigensolve,3.869999636663124e-05,3.764999928534962e-05,3.94000016967766e-05,1.7500024114269763e-06,0.0,,,left_control
0,40,fixed continuous c,44,45,Boulsane_right_control_assembly,0.007818999998562504,0.007747349998680875,0.007841750000807224,9.440000212634914e-05,0.0,0,16200,right_control
0,40,fixed continuous c,44,45,Boulsane_right_control_eigensolve,3.130000550299883e-05,3.074999767704867e-05,3.449999712756835e-05,3.749999450519681e-06,0.0,,,right_control
0,40,fixed continuous c,60,61,project_full_rebuild,0.003017799994267989,0.0029850000028091017,0.0030481999965559226,6.319999374682084e-05,0.0,0,28800,
0,40,fixed continuous c,60,61,project_block_extension,0.0003690000012284145,0.00036750000435858965,0.00037275000067893416,5.249996320344508e-06,0.0,1936,28800,
0,40,fixed continuous c,60,61,project_eigensolve,5.5199998314492404e-05,5.219999729888514e-05,5.6300003052456304e-05,4.100005753571168e-06,0.0,,,
0,40,fixed continuous c,60,61,Boulsane_large_N_assembly,0.014081699999223929,0.014065399998798966,0.015052600003400585,0.0009872000046016183,0.015625,0,29768,large_N
0,40,fixed continuous c,60,61,Boulsane_large_N_eigensolve,5.660000169882551e-05,5.64500005566515e-05,6.0549999034265056e-05,4.099998477613553e-06,0.0,,,large_N
0,40,fixed continuous c,60,61,Boulsane_half_mesh_assembly,0.01407630000176141,0.014039999998203712,0.014145049997750903,0.00010504999954719096,0.015625,0,29768,half_mesh
0,40,fixed continuous c,60,61,Boulsane_half_mesh_eigensolve,5.789999704575166e-05,5.6349999795202166e-05,6.38999990769662e-05,7.5499992817640305e-06,0.0,,,half_mesh
0,40,fixed continuous c,60,61,Boulsane_next_zero_assembly,0.014013899999554269,0.013971849999506958,0.014109199997619726,0.00013734999811276793,0.015625,0,29768,next_zero
0,40,fixed continuous c,60,61,Boulsane_next_zero_eigensolve,5.5000004067551345e-05,5.3949996072333306e-05,5.735000377171673e-05,3.4000076993834227e-06,0.0,,,next_zero
0,40,fixed continuous c,60,61,Boulsane_left_control_assembly,0.014150700000755023,0.01411405000180821,0.014166200002364349,5.2150000556139275e-05,0.015625,0,29768,left_control
0,40,fixed continuous c,60,61,Boulsane_left_control_eigensolve,5.390000296756625e-05,5.36499974259641e-05,5.8750003518071026e-05,5.1000060921069235e-06,0.0,,,left_control
0,40,fixed continuous c,60,61,Boulsane_right_control_assembly,0.01412010000058217,0.014037949997145915,0.014718549999088282,0.0006806000019423664,0.015625,0,29768,right_control
0,40,fixed continuous c,60,61,Boulsane_right_control_eigensolve,5.769999552285299e-05,5.735000013373792e-05,6.239999856916256e-05,5.049998435424641e-06,0.0,,,right_control
0,40,fixed continuous c,76,77,project_full_rebuild,0.004148100000747945,0.0041422500034968834,0.004195549998257775,5.329999476089142e-05,0.0,0,46208,
0,40,fixed continuous c,76,77,project_block_extension,0.0004951000009896234,0.0004912000003969297,0.000497900000482332,6.70000008540228e-06,0.0,3600,46208,
0,40,fixed continuous c,76,77,project_eigensolve,9.259999933419749e-05,9.090000094147399e-05,9.504999979981221e-05,4.149998858338222e-06,0.0,,,
0,40,fixed continuous c,76,77,Boulsane_large_N_assembly,0.02315969999472145,0.022731550001481082,0.023360549999779323,0.0006289999982982408,0.03125,0,47432,large_N
0,40,fixed continuous c,76,77,Boulsane_large_N_eigensolve,9.17999932426028e-05,8.970000271801837e-05,0.00010015000225394033,1.0449999535921961e-05,0.0,,,large_N
0,40,fixed continuous c,76,77,Boulsane_half_mesh_assembly,0.022359100003086496,0.022303300003841287,0.022471949996543117,0.00016864999270183034,0.03125,0,47432,half_mesh
0,40,fixed continuous c,76,77,Boulsane_half_mesh_eigensolve,9.249999857274815e-05,8.945000081439503e-05,9.829999908106402e-05,8.84999826666899e-06,0.0,,,half_mesh
0,40,fixed continuous c,76,77,Boulsane_next_zero_assembly,0.022465800000645686,0.022356049998052185,0.022754599998734193,0.0003985500006820075,0.03125,0,47432,next_zero
0,40,fixed continuous c,76,77,Boulsane_next_zero_eigensolve,9.329999738838524e-05,8.719999823370017e-05,0.00010134999683941714,1.4149998605716974e-05,0.0,,,next_zero
0,40,fixed continuous c,76,77,Boulsane_left_control_assembly,0.022398299995984416,0.022335300000122515,0.022493199998280033,0.00015789999815751798,0.015625,0,47432,left_control
0,40,fixed continuous c,76,77,Boulsane_left_control_eigensolve,9.330000466434285e-05,9.054999827640131e-05,9.774999853107147e-05,7.200000254670158e-06,0.0,,,left_control
0,40,fixed continuous c,76,77,Boulsane_right_control_assembly,0.022258199998759665,0.022219299997232156,0.022283250000327826,6.395000309566967e-05,0.015625,0,47432,right_control
0,40,fixed continuous c,76,77,Boulsane_right_control_eigensolve,9.609999688109383e-05,9.425000098417513e-05,9.890000001178123e-05,4.6499990276061e-06,0.0,,,right_control
0,40,fixed continuous c,108,109,project_full_rebuild,0.006011500001477543,0.005953700001555262,0.00603055000101449,7.684999945922755e-05,0.0,0,93312,
0,40,fixed continuous c,108,109,project_block_extension,0.0011979000046267174,0.0011924499995075166,0.0012182999962533358,2.5849996745819226e-05,0.0,5776,93312,
0,40,fixed continuous c,108,109,project_eigensolve,0.0003229999929317273,0.00023695000345469452,0.00033325000185868703,9.62999984039925e-05,0.0,,,
0,40,fixed continuous c,108,109,Boulsane_large_N_assembly,0.04475830000592396,0.04470124999716063,0.04610319999846979,0.0014019500013091601,0.046875,0,95048,large_N
0,40,fixed continuous c,108,109,Boulsane_large_N_eigensolve,0.00024729999859118834,0.00024359999952139333,0.00025380000079167075,1.0200001270277426e-05,0.0,,,large_N
0,40,fixed continuous c,108,109,Boulsane_half_mesh_assembly,0.045216899998195004,0.04492655000285595,0.04562285000429256,0.0006963000014366116,0.046875,0,95048,half_mesh
0,40,fixed continuous c,108,109,Boulsane_half_mesh_eigensolve,0.00024670000129844993,0.0002366499975323677,0.00027464999948279,3.80000019504223e-05,0.0,,,half_mesh
0,40,fixed continuous c,108,109,Boulsane_next_zero_assembly,0.04483579999941867,0.04471689999991213,0.04511939999792958,0.00040249999801744707,0.046875,0,95048,next_zero
0,40,fixed continuous c,108,109,Boulsane_next_zero_eigensolve,0.0002403999969828874,0.00023019999935058877,0.0002547000003687572,2.4500001018168405e-05,0.0,,,next_zero
0,40,fixed continuous c,108,109,Boulsane_left_control_assembly,0.044732399997883476,0.04453369999828283,0.046023250000871485,0.0014895500025886577,0.046875,0,95048,left_control
0,40,fixed continuous c,108,109,Boulsane_left_control_eigensolve,0.00026369999977760017,0.0002437999974063132,0.00027830000180983916,3.4500004403525963e-05,0.0,,,left_control
0,40,fixed continuous c,108,109,Boulsane_right_control_assembly,0.04445530000521103,0.044401399998605484,0.04457505000027595,0.00017365000167046674,0.046875,0,95048,right_control
0,40,fixed continuous c,108,109,Boulsane_right_control_eigensolve,0.00026190000062342733,0.00024664999727974646,0.0003356000015628524,8.895000428310595e-05,0.0,,,right_control
0,80,fixed continuous c,57,58,project_full_rebuild,0.003257099997426849,0.0032347999986086506,0.003278850002971012,4.4050004362361506e-05,0.0,0,25992,
0,80,fixed continuous c,57,58,project_block_extension,0.0003169999981764704,0.0003141000051982701,0.0003176000027451664,3.4999975468963385e-06,0.0,2025,25992,
0,80,fixed continuous c,57,58,project_eigensolve,4.749999789055437e-05,4.659999831346795e-05,5.059999966761097e-05,4.0000013541430235e-06,0.0,,,
0,80,fixed continuous c,57,58,Boulsane_large_N_assembly,0.010593200000585057,0.010562799998297123,0.010725850002927473,0.00016305000463034958,0.015625,0,26912,large_N
0,80,fixed continuous c,57,58,Boulsane_large_N_eigensolve,4.429999535204843e-05,4.4200001866556704e-05,5.020000025979243e-05,5.999998393235728e-06,0.0,,,large_N
0,80,fixed continuous c,57,58,Boulsane_half_mesh_assembly,0.010456899995915592,0.010430750004161382,0.010499699994397815,6.894999023643322e-05,0.015625,0,26912,half_mesh
0,80,fixed continuous c,57,58,Boulsane_half_mesh_eigensolve,5.080000119050965e-05,4.7149998863460496e-05,5.249999958323315e-05,5.350000719772652e-06,0.0,,,half_mesh
0,80,fixed continuous c,57,58,Boulsane_next_zero_assembly,0.010472699999809265,0.010446650001540547,0.010623850001138635,0.00017719999959808774,0.015625,0,26912,next_zero
0,80,fixed continuous c,57,58,Boulsane_next_zero_eigensolve,4.5000000682193786e-05,4.489999992074445e-05,5.075000080978498e-05,5.85000088904053e-06,0.0,,,next_zero
0,80,fixed continuous c,57,58,Boulsane_left_control_assembly,0.01048859999718843,0.010458200002176454,0.010954400000628084,0.0004961999984516297,0.015625,0,26912,left_control
0,80,fixed continuous c,57,58,Boulsane_left_control_eigensolve,4.659999831346795e-05,4.495000030146912e-05,4.9700000090524554e-05,4.749999789055437e-06,0.0,,,left_control
0,80,fixed continuous c,57,58,Boulsane_right_control_assembly,0.010458299999299925,0.01044230000115931,0.010547299996687798,0.00010499999552848749,0.015625,0,26912,right_control
0,80,fixed continuous c,57,58,Boulsane_right_control_eigensolve,4.67000063508749e-05,4.555000123218633e-05,5.394999971031211e-05,8.39999847812578e-06,0.0,,,right_control
0,80,fixed continuous c,73,74,project_full_rebuild,0.003960599999118131,0.003954050000174902,0.003990050001448253,3.600000127335079e-05,0.0,0,42632,
0,80,fixed continuous c,73,74,project_block_extension,0.00048719999904278666,0.00048600000445730984,0.00048735000018496066,1.3499957276508212e-06,0.0,3249,42632,
0,80,fixed continuous c,73,74,project_eigensolve,7.469999400200322e-05,7.235000157379545e-05,7.689999983995222e-05,4.549998266156763e-06,0.0,,,
0,80,fixed continuous c,73,74,Boulsane_large_N_assembly,0.01689780000015162,0.016882099997019395,0.01691845000095782,3.635000393842347e-05,0.015625,0,43808,large_N
0,80,fixed continuous c,73,74,Boulsane_large_N_eigensolve,7.680000271648169e-05,7.434999861288816e-05,7.999999797903001e-05,5.649999366141856e-06,0.0,,,large_N
0,80,fixed continuous c,73,74,Boulsane_half_mesh_assembly,0.017832500001532026,0.01740944999983185,0.017868400002043927,0.0004589500022120774,0.015625,0,43808,half_mesh
0,80,fixed continuous c,73,74,Boulsane_half_mesh_eigensolve,8.170000364771113e-05,7.929999992484227e-05,8.814999819151126e-05,8.84999826666899e-06,0.0,,,half_mesh
0,80,fixed continuous c,73,74,Boulsane_next_zero_assembly,0.01692159999947762,0.01690394999968703,0.016960850000032224,5.690000034519471e-05,0.015625,0,43808,next_zero
0,80,fixed continuous c,73,74,Boulsane_next_zero_eigensolve,7.939999341033399e-05,7.720000212430023e-05,8.625000191386789e-05,9.049999789567664e-06,0.0,,,next_zero
0,80,fixed continuous c,73,74,Boulsane_left_control_assembly,0.016915500003960915,0.016907900000660447,0.01692449999973178,1.6599999071331695e-05,0.015625,0,43808,left_control
0,80,fixed continuous c,73,74,Boulsane_left_control_eigensolve,7.539999933214858e-05,7.340000229305588e-05,8.10999990790151e-05,7.699996785959229e-06,0.0,,,left_control
0,80,fixed continuous c,73,74,Boulsane_right_control_assembly,0.016936500003794208,0.016922799997701077,0.016966049999609822,4.325000190874562e-05,0.015625,0,43808,right_control
0,80,fixed continuous c,73,74,Boulsane_right_control_eigensolve,7.529999857069924e-05,7.465000089723617e-05,7.90999984019436e-05,4.449997504707426e-06,0.0,,,right_control
0,80,fixed continuous c,89,90,project_full_rebuild,0.005177699997148011,0.005150550001417287,0.005197549999138573,4.699999772128649e-05,0.0,0,63368,
0,80,fixed continuous c,89,90,project_block_extension,0.000585900001169648,0.000581899999815505,0.0005903000019316096,8.400002116104588e-06,0.0,5329,63368,
0,80,fixed continuous c,89,90,project_eigensolve,0.00015770000027259812,0.00014939999891794287,0.00025024999922607094,0.00010085000030812807,0.0,,,
0,80,fixed continuous c,89,90,Boulsane_large_N_assembly,0.024889799999073148,0.024865849998604972,0.02506234999964363,0.0001965000010386575,0.03125,0,64800,large_N
0,80,fixed continuous c,89,90,Boulsane_large_N_eigensolve,0.0001531999951112084,0.0001407999989169184,0.0001713499987090472,3.05499997921288e-05,0.0,,,large_N
0,80,fixed continuous c,89,90,Boulsane_half_mesh_assembly,0.02519709999614861,0.025051900003745686,0.025978249996114755,0.0009263499923690688,0.03125,0,64800,half_mesh
0,80,fixed continuous c,89,90,Boulsane_half_mesh_eigensolve,0.00023469999723602086,0.00018960000306833535,0.00023964999854797497,5.004999547963962e-05,0.0,,,half_mesh
0,80,fixed continuous c,89,90,Boulsane_next_zero_assembly,0.025967299996409565,0.024883499998395564,0.02635895000275923,0.0014754500043636654,0.03125,0,64800,next_zero
0,80,fixed continuous c,89,90,Boulsane_next_zero_eigensolve,0.00017449999722884968,0.00016940000205067918,0.000198199999431381,2.8799997380701825e-05,0.0,,,next_zero
0,80,fixed continuous c,89,90,Boulsane_left_control_assembly,0.02488679999805754,0.02487325000038254,0.024896999999327818,2.3749998945277184e-05,0.03125,0,64800,left_control
0,80,fixed continuous c,89,90,Boulsane_left_control_eigensolve,0.00015919999714242294,0.00015320000238716602,0.00017600000137463212,2.2799998987466097e-05,0.0,,,left_control
0,80,fixed continuous c,89,90,Boulsane_right_control_assembly,0.024812799994833767,0.024753349996899487,0.024927200000092853,0.0001738500031933654,0.03125,0,64800,right_control
0,80,fixed continuous c,89,90,Boulsane_right_control_eigensolve,0.00016010000399546698,0.00015640000492567196,0.0001673499973549042,1.0949992429232225e-05,0.0,,,right_control
0,80,fixed continuous c,121,122,project_full_rebuild,0.007375699999101926,0.007319849999475991,0.007430599998770049,0.00011074999929405749,0.0,0,117128,
0,80,fixed continuous c,121,122,project_block_extension,0.0014683999979752116,0.0014359999986481853,0.0014818499985267408,4.5849999878555536e-05,0.0,7921,117128,
0,80,fixed continuous c,121,122,project_eigensolve,0.0002992000008816831,0.000293250002869172,0.00030184999923221767,8.599996363045648e-06,0.0,,,
0,80,fixed continuous c,121,122,Boulsane_large_N_assembly,0.046957900005509146,0.04613835000054678,0.04854115000125603,0.0024028000007092487,0.046875,0,119072,large_N
0,80,fixed continuous c,121,122,Boulsane_large_N_eigensolve,0.0003127999952994287,0.0003070499988098163,0.0003198000013071578,1.2750002497341484e-05,0.0,,,large_N
0,80,fixed continuous c,121,122,Boulsane_half_mesh_assembly,0.046997400000691414,0.04648714999711956,0.04833955000140122,0.0018524000042816624,0.046875,0,119072,half_mesh
0,80,fixed continuous c,121,122,Boulsane_half_mesh_eigensolve,0.00031119999766815454,0.00030440000045928173,0.0003192000003764406,1.4799999917158857e-05,0.0,,,half_mesh
0,80,fixed continuous c,121,122,Boulsane_next_zero_assembly,0.04631820000213338,0.045947699996759184,0.04771940000136965,0.0017717000046104658,0.046875,0,119072,next_zero
0,80,fixed continuous c,121,122,Boulsane_next_zero_eigensolve,0.0003271000023232773,0.00031504999788012356,0.00033135000558104366,1.6300007700920105e-05,0.0,,,next_zero
0,80,fixed continuous c,121,122,Boulsane_left_control_assembly,0.04617529999813996,0.04604585000197403,0.047501949997240445,0.0014560999952664133,0.046875,0,119072,left_control
0,80,fixed continuous c,121,122,Boulsane_left_control_eigensolve,0.0003256999989389442,0.0003168500006722752,0.00034889999733422883,3.204999666195363e-05,0.0,,,left_control
0,80,fixed continuous c,121,122,Boulsane_right_control_assembly,0.0460839000006672,0.0460289999973611,0.04647855000075651,0.00044955000339541584,0.046875,0,119072,right_control
0,80,fixed continuous c,121,122,Boulsane_right_control_eigensolve,0.0003279000011389144,0.00031269999817595817,0.0003373500003363006,2.465000216034241e-05,0.0,,,right_control
1,10,fixed continuous c,34,35,project_full_rebuild,0.0016007000012905337,0.0015968500010785647,0.0016127000053529628,1.585000427439809e-05,0.0,0,9248,
1,10,fixed continuous c,34,35,project_block_extension,0.00015859999984968454,0.00015704999896115623,0.00016084999879240058,3.7999998312443495e-06,0.0,484,9248,
1,10,fixed continuous c,34,35,project_eigensolve,2.8100002964492887e-05,2.71500030066818e-05,2.9099999665049836e-05,1.949996658368036e-06,0.0,,,
1,10,fixed continuous c,34,35,Boulsane_large_N_assembly,0.005740499997045845,0.005709499997465173,0.005782849999377504,7.335000191233121e-05,0.0,0,9800,large_N
1,10,fixed continuous c,34,35,Boulsane_large_N_eigensolve,2.7599999157246202e-05,2.7400004910305142e-05,2.8399994334904477e-05,9.999894245993346e-07,0.0,,,large_N
1,10,fixed continuous c,34,35,Boulsane_half_mesh_assembly,0.005711599995265715,0.005708950000553159,0.0057212499996239785,1.2299999070819467e-05,0.0,0,9800,half_mesh
1,10,fixed continuous c,34,35,Boulsane_half_mesh_eigensolve,2.830000448739156e-05,2.7849997422890738e-05,2.8800001018680632e-05,9.500035957898945e-07,0.0,,,half_mesh
1,10,fixed continuous c,34,35,Boulsane_next_zero_assembly,0.005806499997561332,0.005756149999797344,0.00731209999503335,0.0015559499952360056,0.0,0,9800,next_zero
1,10,fixed continuous c,34,35,Boulsane_next_zero_eigensolve,2.800000220304355e-05,2.7900001441594213e-05,2.864999623852782e-05,7.499947969336063e-07,0.0,,,next_zero
1,10,fixed continuous c,34,35,Boulsane_left_control_assembly,0.005752000004576985,0.005745800001022872,0.0057647999965411145,1.899999551824294e-05,0.0,0,9800,left_control
1,10,fixed continuous c,34,35,Boulsane_left_control_eigensolve,2.9199996788520366e-05,2.8649999876506627e-05,3.125000148429535e-05,2.6000016077887267e-06,0.0,,,left_control
1,10,fixed continuous c,34,35,Boulsane_right_control_assembly,0.005711199999495875,0.005702549999114126,0.005716799998481292,1.424999936716631e-05,0.0,0,9800,right_control
1,10,fixed continuous c,34,35,Boulsane_right_control_eigensolve,2.769999991869554e-05,2.7350000891601667e-05,2.8250004106666893e-05,9.00003215065226e-07,0.0,,,right_control
1,10,fixed continuous c,50,51,project_full_rebuild,0.0022287999963737093,0.0022142999987408984,0.00224280000111321,2.8500002372311428e-05,0.0,0,20000,
1,10,fixed continuous c,50,51,project_block_extension,0.00028079999901819974,0.00028049999673385173,0.0002819500004989095,1.4500037650577724e-06,0.0,1156,20000,
1,10,fixed continuous c,50,51,project_eigensolve,4.269999772077426e-05,4.1200000850949436e-05,4.4650001655099913e-05,3.450000804150477e-06,0.0,,,
1,10,fixed continuous c,50,51,Boulsane_large_N_assembly,0.012091799995687325,0.012069600001268554,0.012101100001018494,3.149999974993989e-05,0.015625,0,20808,large_N
1,10,fixed continuous c,50,51,Boulsane_large_N_eigensolve,4.529999569058418e-05,4.510000144364312e-05,4.819999958272092e-05,3.0999981390777975e-06,0.0,,,large_N
1,10,fixed continuous c,50,51,Boulsane_half_mesh_assembly,0.012095400001271628,0.012090600001101848,0.012205350001750048,0.00011475000064820051,0.015625,0,20808,half_mesh
1,10,fixed continuous c,50,51,Boulsane_half_mesh_eigensolve,4.980000085197389e-05,4.73000000056345e-05,5.265000072540715e-05,5.350000719772652e-06,0.0,,,half_mesh
1,10,fixed continuous c,50,51,Boulsane_next_zero_assembly,0.012210500004584901,0.01215405000039027,0.012395699999615317,0.00024164999922504649,0.015625,0,20808,next_zero
1,10,fixed continuous c,50,51,Boulsane_next_zero_eigensolve,4.659999831346795e-05,4.615000216290355e-05,4.984999759471975e-05,3.6999954318162054e-06,0.0,,,next_zero
1,10,fixed continuous c,50,51,Boulsane_left_control_assembly,0.012107200003811158,0.01208875000156695,0.012124600001698127,3.5850000131176785e-05,0.015625,0,20808,left_control
1,10,fixed continuous c,50,51,Boulsane_left_control_eigensolve,4.6200002543628216e-05,4.5999997382750735e-05,4.9600002967054024e-05,3.6000055843032897e-06,0.0,,,left_control
1,10,fixed continuous c,50,51,Boulsane_right_control_assembly,0.012134700002206955,0.012118949998694006,0.012172099999588681,5.315000089467503e-05,0.015625,0,20808,right_control
1,10,fixed continuous c,50,51,Boulsane_right_control_eigensolve,4.7100002120714635e-05,4.619999890564941e-05,4.949999856762588e-05,3.2999996619764715e-06,0.0,,,right_control
1,10,fixed continuous c,66,67,project_full_rebuild,0.0030820999963907525,0.0030727500015927944,0.003101100002822932,2.8350001230137423e-05,0.0,0,34848,
1,10,fixed continuous c,66,67,project_block_extension,0.00038940000376896933,0.00038419999691541307,0.0003938999980164226,9.700001101009548e-06,0.0,2500,34848,
1,10,fixed continuous c,66,67,project_eigensolve,6.959999882383272e-05,6.919999941601418e-05,7.294999886653386e-05,3.749999450519681e-06,0.0,,,
1,10,fixed continuous c,66,67,Boulsane_large_N_assembly,0.020854400005191565,0.020780299997568363,0.0211034500025562,0.00032315000498783775,0.015625,0,35912,large_N
1,10,fixed continuous c,66,67,Boulsane_large_N_eigensolve,8.070000330917537e-05,8.019999950192869e-05,8.845000047585927e-05,8.250000973930582e-06,0.0,,,large_N
1,10,fixed continuous c,66,67,Boulsane_half_mesh_assembly,0.02076890000171261,0.02074364999862155,0.020792650000657886,4.900000203633681e-05,0.015625,0,35912,half_mesh
1,10,fixed continuous c,66,67,Boulsane_half_mesh_eigensolve,8.030000026337802e-05,7.819999882485718e-05,8.644999979878776e-05,8.250000973930582e-06,0.0,,,half_mesh
1,10,fixed continuous c,66,67,Boulsane_next_zero_assembly,0.020674600003985688,0.020667049997427966,0.020707600000605453,4.055000317748636e-05,0.015625,0,35912,next_zero
1,10,fixed continuous c,66,67,Boulsane_next_zero_eigensolve,8.089999755611643e-05,7.91000020399224e-05,8.385000182897784e-05,4.749999789055437e-06,0.0,,,next_zero
1,10,fixed continuous c,66,67,Boulsane_left_control_assembly,0.02080940000450937,0.020799300000362564,0.020819199999095872,1.9899998733308166e-05,0.015625,0,35912,left_control
1,10,fixed continuous c,66,67,Boulsane_left_control_eigensolve,8.069999603321776e-05,7.814999844413251e-05,8.570000136387534e-05,7.5500029197428375e-06,0.0,,,left_control
1,10,fixed continuous c,66,67,Boulsane_right_control_assembly,0.020786900000530295,0.02077235000251676,0.020859300002484815,8.694999996805564e-05,0.015625,0,35912,right_control
1,10,fixed continuous c,66,67,Boulsane_right_control_eigensolve,7.999999797903001e-05,7.820000246283598e-05,8.39000022097025e-05,5.699999746866524e-06,0.0,,,right_control
1,10,fixed continuous c,98,99,project_full_rebuild,0.0053436999951372854,0.005312299999786774,0.005404949999501696,9.264999971492216e-05,0.0,0,76832,
1,10,fixed continuous c,98,99,project_block_extension,0.0010933000012300909,0.001050400001986418,0.0010979999970004428,4.75999950140249e-05,0.0,4356,76832,
1,10,fixed continuous c,98,99,project_eigensolve,0.00020539999968605116,0.00020265000421204604,0.0002118500015058089,9.199997293762863e-06,0.0,,,
1,10,fixed continuous c,98,99,Boulsane_large_N_assembly,0.045393100001092535,0.04533399999854737,0.04555370000161929,0.00021970000307192095,0.046875,0,78408,large_N
1,10,fixed continuous c,98,99,Boulsane_large_N_eigensolve,0.00021949999791104347,0.00021770000239484943,0.00025054999787244014,3.284999547759071e-05,0.0,,,large_N
1,10,fixed continuous c,98,99,Boulsane_half_mesh_assembly,0.045378700000583194,0.04531180000049062,0.04543705000105547,0.00012525000056484714,0.046875,0,78408,half_mesh
1,10,fixed continuous c,98,99,Boulsane_half_mesh_eigensolve,0.000221800000872463,0.0002145000034943223,0.0002506000018911436,3.609999839682132e-05,0.0,,,half_mesh
1,10,fixed continuous c,98,99,Boulsane_next_zero_assembly,0.04782890000205953,0.04757469999822206,0.04845470000145724,0.0008800000032351818,0.046875,0,78408,next_zero
1,10,fixed continuous c,98,99,Boulsane_next_zero_eigensolve,0.00026049999723909423,0.0002520499983802438,0.000269349999143742,1.7300000763498247e-05,0.0,,,next_zero
1,10,fixed continuous c,98,99,Boulsane_left_control_assembly,0.048147099994821474,0.04784195000320324,0.04975360000389628,0.0019116500006930437,0.046875,0,78408,left_control
1,10,fixed continuous c,98,99,Boulsane_left_control_eigensolve,0.000244400005612988,0.00022464999710791744,0.0002740500058280304,4.9400008720112965e-05,0.0,,,left_control
1,10,fixed continuous c,98,99,Boulsane_right_control_assembly,0.048567500001809094,0.04797850000250037,0.04857919999631122,0.0006006999938108493,0.046875,0,78408,right_control
1,10,fixed continuous c,98,99,Boulsane_right_control_eigensolve,0.00023040000087348744,0.00022440000248025171,0.00024259999554487877,1.819999306462705e-05,0.0,,,right_control
1,20,fixed continuous c,38,39,project_full_rebuild,0.0019125000035273843,0.0019004999994649552,0.0019608500006143004,6.035000114934519e-05,0.0,0,11552,
1,20,fixed continuous c,38,39,project_block_extension,0.00018980000459123403,0.00018964999981108122,0.00019640000027720816,6.750000466126949e-06,0.0,676,11552,
1,20,fixed continuous c,38,39,project_eigensolve,2.7499998395796865e-05,2.7350004529580474e-05,3.0349998269230127e-05,2.9999937396496534e-06,0.0,,,
1,20,fixed continuous c,38,39,Boulsane_large_N_assembly,0.009449299999687355,0.00913349999973434,0.009503000004770001,0.00036950000503566116,0.015625,0,12168,large_N
1,20,fixed continuous c,38,39,Boulsane_large_N_eigensolve,2.849999873433262e-05,2.800000220304355e-05,3.060000017285347e-05,2.5999979698099196e-06,0.0,,,large_N
1,20,fixed continuous c,38,39,Boulsane_half_mesh_assembly,0.008909100004530046,0.008900550004909746,0.009016099997097626,0.00011554999218787998,0.015625,0,12168,half_mesh
1,20,fixed continuous c,38,39,Boulsane_half_mesh_eigensolve,2.9599999834317714e-05,2.8849997761426494e-05,3.2350002584280446e-05,3.5000048228539526e-06,0.0,,,half_mesh
1,20,fixed continuous c,38,39,Boulsane_next_zero_assembly,0.00905629999761004,0.00889870000173687,0.00988705000054324,0.0009883499988063704,0.015625,0,12168,next_zero
1,20,fixed continuous c,38,39,Boulsane_next_zero_eigensolve,3.289999585831538e-05,3.070000093430281e-05,3.5850000131176785e-05,5.149999196873978e-06,0.0,,,next_zero
1,20,fixed continuous c,38,39,Boulsane_left_control_assembly,0.00940699999773642,0.009388099999341648,0.009435249998205109,4.7149998863460496e-05,0.015625,0,12168,left_control
1,20,fixed continuous c,38,39,Boulsane_left_control_eigensolve,3.289999585831538e-05,2.9850001737941056e-05,3.559999822755344e-05,5.749996489612386e-06,0.0,,,left_control
1,20,fixed continuous c,38,39,Boulsane_right_control_assembly,0.009394599997904152,0.009375249999720836,0.0094153499994718,4.0099999750964344e-05,0.015625,0,12168,right_control
1,20,fixed continuous c,38,39,Boulsane_right_control_eigensolve,3.310000465717167e-05,3.22499981848523e-05,3.5099998058285564e-05,2.849999873433262e-06,0.0,,,right_control
1,20,fixed continuous c,54,55,project_full_rebuild,0.0027145999993081205,0.002693300000828458,0.0027444500010460615,5.115000021760352e-05,0.0,0,23328,
1,20,fixed continuous c,54,55,project_block_extension,0.00033819999953266233,0.00033399999665562063,0.0003395000021555461,5.500005499925464e-06,0.0,1444,23328,
1,20,fixed continuous c,54,55,project_eigensolve,4.780000017490238e-05,4.739999712910503e-05,5.1449998863972723e-05,4.050001734867692e-06,0.0,,,
1,20,fixed continuous c,54,55,Boulsane_large_N_assembly,0.01855280000017956,0.01805775000320864,0.018725100002484396,0.000667349999275757,0.015625,0,24200,large_N
1,20,fixed continuous c,54,55,Boulsane_large_N_eigensolve,4.859999899053946e-05,4.830000034417026e-05,5.534999945666641e-05,7.0499991124961525e-06,0.0,,,large_N
1,20,fixed continuous c,54,55,Boulsane_half_mesh_assembly,0.017674900002020877,0.01767249999466003,0.017728100003296277,5.560000863624737e-05,0.015625,0,24200,half_mesh
1,20,fixed continuous c,54,55,Boulsane_half_mesh_eigensolve,4.9700000090524554e-05,4.940000144415535e-05,5.4349999118130654e-05,4.949997673975304e-06,0.0,,,half_mesh
1,20,fixed continuous c,54,55,Boulsane_next_zero_assembly,0.017784700001357123,0.017648900000494905,0.01791995000166935,0.00027105000117444433,0.015625,0,24200,next_zero
1,20,fixed continuous c,54,55,Boulsane_next_zero_eigensolve,5.219999729888514e-05,5.195000267121941e-05,6.149999899207614e-05,9.549996320856735e-06,0.0,,,next_zero
1,20,fixed continuous c,54,55,Boulsane_left_control_assembly,0.018575599999167025,0.017794100000173785,0.018698049996601185,0.0009039499964274,0.015625,0,24200,left_control
1,20,fixed continuous c,54,55,Boulsane_left_control_eigensolve,6.040000153006986e-05,5.3149997256696224e-05,6.225000106496736e-05,9.10000380827114e-06,0.0,,,left_control
1,20,fixed continuous c,54,55,Boulsane_right_control_assembly,0.01777379999839468,0.01773440000033588,0.017971950001083314,0.00023755000074743293,0.015625,0,24200,right_control
1,20,fixed continuous c,54,55,Boulsane_right_control_eigensolve,4.919999628327787e-05,4.900000203633681e-05,5.374999818741344e-05,4.74999615107663e-06,0.0,,,right_control
1,20,fixed continuous c,70,71,project_full_rebuild,0.0036150000014458783,0.003574299997126218,0.0036597500002244487,8.545000309823081e-05,0.0,0,39200,
1,20,fixed continuous c,70,71,project_block_extension,0.00043649999861372635,0.00043540000115172006,0.000442000000475673,6.599999323952943e-06,0.0,2916,39200,
1,20,fixed continuous c,70,71,project_eigensolve,8.299999899463728e-05,8.20499990368262e-05,8.624999827588908e-05,4.19999923906289e-06,0.0,,,
1,20,fixed continuous c,70,71,Boulsane_large_N_assembly,0.029265500001201872,0.029236649996164488,0.029408449998300057,0.00017180000213556923,0.03125,0,40328,large_N
1,20,fixed continuous c,70,71,Boulsane_large_N_eigensolve,8.380000508623198e-05,8.214999979827553e-05,8.939999679569155e-05,7.2499969974160194e-06,0.0,,,large_N
1,20,fixed continuous c,70,71,Boulsane_half_mesh_assembly,0.02954930000123568,0.029382049997366266,0.03060774999903515,0.0012257000016688835,0.03125,0,40328,half_mesh
1,20,fixed continuous c,70,71,Boulsane_half_mesh_eigensolve,8.789999992586672e-05,8.299999899463728e-05,9.760000102687627e-05,1.460000203223899e-05,0.0,,,half_mesh
1,20,fixed continuous c,70,71,Boulsane_next_zero_assembly,0.03080710000358522,0.02941495000050054,0.03114290000303299,0.0017279500025324523,0.03125,0,40328,next_zero
1,20,fixed continuous c,70,71,Boulsane_next_zero_eigensolve,8.97999998414889e-05,8.709999747225083e-05,9.349999891128391e-05,6.400001439033076e-06,0.0,,,next_zero
1,20,fixed continuous c,70,71,Boulsane_left_control_assembly,0.029463300001225434,0.029412799998681294,0.029737449996900978,0.00032464999821968377,0.03125,0,40328,left_control
1,20,fixed continuous c,70,71,Boulsane_left_control_eigensolve,8.460000390186906e-05,8.27999974717386e-05,8.764999802224338e-05,4.850000550504774e-06,0.0,,,left_control
1,20,fixed continuous c,70,71,Boulsane_right_control_assembly,0.029282099996635225,0.029262599997309735,0.029350950000662124,8.835000335238874e-05,0.03125,0,40328,right_control
1,20,fixed continuous c,70,71,Boulsane_right_control_eigensolve,8.489999891025946e-05,8.399999933317304e-05,8.940000043367036e-05,5.40000110049732e-06,0.0,,,right_control
1,20,fixed continuous c,102,103,project_full_rebuild,0.0057564000017009676,0.005730199998652097,0.0057777500041993335,4.755000554723665e-05,0.0,0,83232,
1,20,fixed continuous c,102,103,project_block_extension,0.001166899994132109,0.0011572999974305276,0.0011764500013669021,1.915000393637456e-05,0.0,4900,83232,
1,20,fixed continuous c,102,103,project_eigensolve,0.0002147999985027127,0.00020975000006728806,0.00023520000104326755,2.5450000975979492e-05,0.0,,,
1,20,fixed continuous c,102,103,Boulsane_large_N_assembly,0.06188409999595024,0.06153970000013942,0.06448634999833303,0.0029466499981936067,0.0625,0,84872,large_N
1,20,fixed continuous c,102,103,Boulsane_large_N_eigensolve,0.0002421000026515685,0.00022769999850424938,0.000256199997238582,2.849999873433262e-05,0.0,,,large_N
1,20,fixed continuous c,102,103,Boulsane_half_mesh_assembly,0.06147369999962393,0.061425350002537016,0.06151779999709106,9.244999455404468e-05,0.0625,0,84872,half_mesh
1,20,fixed continuous c,102,103,Boulsane_half_mesh_eigensolve,0.00024449999909847975,0.00022774999888497405,0.00026190000426140614,3.415000537643209e-05,0.0,,,half_mesh
1,20,fixed continuous c,102,103,Boulsane_next_zero_assembly,0.06407329999638023,0.06237010000040755,0.06495995000295807,0.00258985000255052,0.0625,0,84872,next_zero
1,20,fixed continuous c,102,103,Boulsane_next_zero_eigensolve,0.00023890000011306256,0.00022825000269222073,0.0002560500033723656,2.7800000680144876e-05,0.0,,,next_zero
1,20,fixed continuous c,102,103,Boulsane_left_control_assembly,0.06313209999643732,0.06305834999875515,0.06347310000273865,0.0004147500039834995,0.0625,0,84872,left_control
1,20,fixed continuous c,102,103,Boulsane_left_control_eigensolve,0.00023810000129742548,0.0002229999990959186,0.00025865000134217553,3.565000224625692e-05,0.0,,,left_control
1,20,fixed continuous c,102,103,Boulsane_right_control_assembly,0.062276199998450466,0.062192850000428734,0.06324474999928498,0.0010518999988562427,0.0625,0,84872,right_control
1,20,fixed continuous c,102,103,Boulsane_right_control_eigensolve,0.0002544999952078797,0.00023370000053546391,0.00032914999974309467,9.544999920763075e-05,0.0,,,right_control
1,40,fixed continuous c,44,45,project_full_rebuild,0.002194400003645569,0.002188800001022173,0.002198750000388827,9.949999366654083e-06,0.0,0,15488,
1,40,fixed continuous c,44,45,project_block_extension,0.00022120000357972458,0.00022014999922248535,0.00022189999799593352,1.7499987734481692e-06,0.0,1024,15488,
1,40,fixed continuous c,44,45,project_eigensolve,2.9599999834317714e-05,2.9450005968101323e-05,3.225000182283111e-05,2.7999958547297865e-06,0.0,,,
1,40,fixed continuous c,44,45,Boulsane_large_N_assembly,0.009079600000404753,0.00904495000213501,0.009087299997190712,4.2349995055701584e-05,0.015625,0,16200,large_N
1,40,fixed continuous c,44,45,Boulsane_large_N_eigensolve,3.190000279573724e-05,3.104999996139668e-05,3.5000000934815034e-05,3.950000973418355e-06,0.0,,,large_N
1,40,fixed continuous c,44,45,Boulsane_half_mesh_assembly,0.009045300001162104,0.009028149997902801,0.00906560000294121,3.745000503840856e-05,0.015625,0,16200,half_mesh
1,40,fixed continuous c,44,45,Boulsane_half_mesh_eigensolve,3.4500000765547156e-05,3.264999759267084e-05,3.640000068116933e-05,3.750003088498488e-06,0.0,,,half_mesh
1,40,fixed continuous c,44,45,Boulsane_next_zero_assembly,0.009151400001428556,0.009078499995666789,0.009286650001740782,0.0002081500060739927,0.015625,0,16200,next_zero
1,40,fixed continuous c,44,45,Boulsane_next_zero_eigensolve,3.1600000511389226e-05,3.119999746559188e-05,3.854999886243604e-05,7.3500013968441635e-06,0.0,,,next_zero
1,40,fixed continuous c,44,45,Boulsane_left_control_assembly,0.00931309999577934,0.009209500003635185,0.009474499998759711,0.0002649999951245263,0.015625,0,16200,left_control
1,40,fixed continuous c,44,45,Boulsane_left_control_eigensolve,3.6299999919719994e-05,3.2350002584280446e-05,4.1200000850949436e-05,8.84999826666899e-06,0.0,,,left_control
1,40,fixed continuous c,44,45,Boulsane_right_control_assembly,0.009549099995638244,0.009530150000500726,0.009556550001434516,2.640000093379058e-05,0.015625,0,16200,right_control
1,40,fixed continuous c,44,45,Boulsane_right_control_eigensolve,3.6600002204068005e-05,3.4100001357728615e-05,3.9850005123298615e-05,5.75000376557e-06,0.0,,,right_control
1,40,fixed continuous c,60,61,project_full_rebuild,0.0031922999987727962,0.0031594499996572267,0.0032183000002987683,5.8850000641541556e-05,0.0,0,28800,
1,40,fixed continuous c,60,61,project_block_extension,0.0003915000052074902,0.0003905000012309756,0.0003935000022465829,3.0000010156072676e-06,0.0,1936,28800,
1,40,fixed continuous c,60,61,project_eigensolve,5.4700001783203334e-05,5.405000047176145e-05,5.850000161444768e-05,4.450001142686233e-06,0.0,,,
1,40,fixed continuous c,60,61,Boulsane_large_N_assembly,0.016783599996415433,0.016692700002749916,0.016859900002600625,0.000167199999850709,0.015625,0,29768,large_N
1,40,fixed continuous c,60,61,Boulsane_large_N_eigensolve,5.889999738428742e-05,5.8050001825904474e-05,6.144999861135148e-05,3.3999967854470015e-06,0.0,,,large_N
1,40,fixed continuous c,60,61,Boulsane_half_mesh_assembly,0.016485699998156633,0.01647584999955143,0.01651050000145915,3.465000190772116e-05,0.015625,0,29768,half_mesh
1,40,fixed continuous c,60,61,Boulsane_half_mesh_eigensolve,5.3999996453057975e-05,5.3750001825392246e-05,5.895000140299089e-05,5.199999577598646e-06,0.0,,,half_mesh
1,40,fixed continuous c,60,61,Boulsane_next_zero_assembly,0.016508799999428447,0.016489249996084254,0.016553200002817903,6.395000673364848e-05,0.015625,0,29768,next_zero
1,40,fixed continuous c,60,61,Boulsane_next_zero_eigensolve,5.529999907594174e-05,5.509999755304307e-05,5.8050001825904474e-05,2.950004272861406e-06,0.0,,,next_zero
1,40,fixed continuous c,60,61,Boulsane_left_control_assembly,0.016533100002561696,0.016494599996804027,0.01654064999820548,4.605000140145421e-05,0.015625,0,29768,left_control
1,40,fixed continuous c,60,61,Boulsane_left_control_eigensolve,5.400000372901559e-05,5.3549996664514765e-05,5.819999933009967e-05,4.650002665584907e-06,0.0,,,left_control
1,40,fixed continuous c,60,61,Boulsane_right_control_assembly,0.016521300000022165,0.016504899998835754,0.0165326999995159,2.7800000680144876e-05,0.015625,0,29768,right_control
1,40,fixed continuous c,60,61,Boulsane_right_control_eigensolve,5.5199998314492404e-05,5.454999700305052e-05,6.450000364566222e-05,9.950006642611697e-06,0.0,,,right_control
1,40,fixed continuous c,76,77,project_full_rebuild,0.004072800002177246,0.0040516499975638,0.004088650002813665,3.700000524986535e-05,0.0,0,46208,
1,40,fixed continuous c,76,77,project_block_extension,0.00047089999861782417,0.0004687000000558328,0.0004735000002256129,4.800000169780105e-06,0.0,3600,46208,
1,40,fixed continuous c,76,77,project_eigensolve,8.490000618621707e-05,8.37499974295497e-05,8.71499978529755e-05,3.4000004234258085e-06,0.0,,,
1,40,fixed continuous c,76,77,Boulsane_large_N_assembly,0.026616299997840542,0.026513599997997517,0.026749550001113676,0.00023595000311615877,0.03125,0,47432,large_N
1,40,fixed continuous c,76,77,Boulsane_large_N_eigensolve,9.359999967273325e-05,9.270000373362564e-05,9.820000195759349e-05,5.49999822396785e-06,0.0,,,large_N
1,40,fixed continuous c,76,77,Boulsane_half_mesh_assembly,0.026509100003750063,0.026493150002352195,0.026595600000291597,0.00010244999793940224,0.03125,0,47432,half_mesh
1,40,fixed continuous c,76,77,Boulsane_half_mesh_eigensolve,8.989999332698062e-05,8.915000216802582e-05,0.0001007999999274034,1.1649997759377584e-05,0.0,,,half_mesh
1,40,fixed continuous c,76,77,Boulsane_next_zero_assembly,0.02642609999747947,0.026399050002510194,0.02646314999947208,6.409999696188606e-05,0.03125,0,47432,next_zero
1,40,fixed continuous c,76,77,Boulsane_next_zero_eigensolve,8.97999998414889e-05,8.70000003487803e-05,9.309999950346537e-05,6.099999154685065e-06,0.0,,,next_zero
1,40,fixed continuous c,76,77,Boulsane_left_control_assembly,0.026144199997361284,0.026065800004289486,0.02701800000431831,0.0009522000000288244,0.03125,0,47432,left_control
1,40,fixed continuous c,76,77,Boulsane_left_control_eigensolve,9.200000204145908e-05,9.024999963003211e-05,9.429999772692099e-05,4.049998096888885e-06,0.0,,,left_control
1,40,fixed continuous c,76,77,Boulsane_right_control_assembly,0.026510300005611498,0.026454099996044533,0.02665780000097584,0.00020370000493130647,0.03125,0,47432,right_control
1,40,fixed continuous c,76,77,Boulsane_right_control_eigensolve,9.110000246437266e-05,8.985000022221357e-05,9.744999624672346e-05,7.599996024509892e-06,0.0,,,right_control
1,40,fixed continuous c,108,109,project_full_rebuild,0.006231900006241631,0.0062202500012062956,0.00628214999960619,6.189999839989468e-05,0.0,0,93312,
1,40,fixed continuous c,108,109,project_block_extension,0.0012589000034495257,0.0012564000026031863,0.0012625999988813419,6.199996278155595e-06,0.0,5776,93312,
1,40,fixed continuous c,108,109,project_eigensolve,0.00022370000078808516,0.00022204999913810752,0.00022899999748915434,6.9499983510468155e-06,0.0,,,
1,40,fixed continuous c,108,109,Boulsane_large_N_assembly,0.05287839999800781,0.05275850000180071,0.053004800000053365,0.0002462999982526526,0.046875,0,95048,large_N
1,40,fixed continuous c,108,109,Boulsane_large_N_eigensolve,0.0002673999988473952,0.00025794999601203017,0.00028655000278376974,2.8600006771739572e-05,0.0,,,large_N
1,40,fixed continuous c,108,109,Boulsane_half_mesh_assembly,0.05266039999696659,0.052519550001306925,0.0527043500005675,0.00018479999926057644,0.046875,0,95048,half_mesh
1,40,fixed continuous c,108,109,Boulsane_half_mesh_eigensolve,0.0002555999963078648,0.00024730000222916715,0.00027084999965154566,2.354999742237851e-05,0.0,,,half_mesh
1,40,fixed continuous c,108,109,Boulsane_next_zero_assembly,0.05274220000137575,0.052697600000101374,0.052900699996826006,0.00020309999672463164,0.046875,0,95048,next_zero
1,40,fixed continuous c,108,109,Boulsane_next_zero_eigensolve,0.00024680000205989927,0.00023689999943599105,0.00026684999829740264,2.9949998861411586e-05,0.0,,,next_zero
1,40,fixed continuous c,108,109,Boulsane_left_control_assembly,0.05251499999576481,0.05246784999690135,0.05281190000096103,0.00034405000405968167,0.046875,0,95048,left_control
1,40,fixed continuous c,108,109,Boulsane_left_control_eigensolve,0.000243800001044292,0.0002305999987584073,0.0002577500017650891,2.71500030066818e-05,0.0,,,left_control
1,40,fixed continuous c,108,109,Boulsane_right_control_assembly,0.052733800002897624,0.05259374999877764,0.05279249999875901,0.00019874999998137355,0.046875,0,95048,right_control
1,40,fixed continuous c,108,109,Boulsane_right_control_eigensolve,0.00023839999630581588,0.00023375000091618858,0.00024589999884483404,1.2149997928645462e-05,0.0,,,right_control
1,80,fixed continuous c,57,58,project_full_rebuild,0.003240999998524785,0.0032218499982263893,0.0032534000019950327,3.1550003768643364e-05,0.0,0,25992,
1,80,fixed continuous c,57,58,project_block_extension,0.000334700001985766,0.0003325500001665205,0.00033495000025141053,2.4000000848900527e-06,0.0,2025,25992,
1,80,fixed continuous c,57,58,project_eigensolve,4.650000482797623e-05,4.619999890564941e-05,4.86999997519888e-05,2.5000008463393897e-06,0.0,,,
1,80,fixed continuous c,57,58,Boulsane_large_N_assembly,0.012131700001191348,0.012127400001190836,0.012167249999038177,3.9849997847341e-05,0.015625,0,26912,large_N
1,80,fixed continuous c,57,58,Boulsane_large_N_eigensolve,4.739999712910503e-05,4.70000013592653e-05,4.999999873689376e-05,2.9999973776284605e-06,0.0,,,large_N
1,80,fixed continuous c,57,58,Boulsane_half_mesh_assembly,0.011524700006702915,0.011520899999595713,0.011556850000488339,3.595000089262612e-05,0.015625,0,26912,half_mesh
1,80,fixed continuous c,57,58,Boulsane_half_mesh_eigensolve,4.529999569058418e-05,4.510000144364312e-05,5.149999924469739e-05,6.399997801054269e-06,0.0,,,half_mesh
1,80,fixed continuous c,57,58,Boulsane_next_zero_assembly,0.0114876000006916,0.011470450001070276,0.011523250002937857,5.280000186758116e-05,0.015625,0,26912,next_zero
1,80,fixed continuous c,57,58,Boulsane_next_zero_eigensolve,4.4500004150904715e-05,4.439999975147657e-05,4.660000195144676e-05,2.2000021999701858e-06,0.0,,,next_zero
1,80,fixed continuous c,57,58,Boulsane_left_control_assembly,0.011513899997225963,0.011508850002428517,0.01153340000382741,2.4550001398893073e-05,0.015625,0,26912,left_control
1,80,fixed continuous c,57,58,Boulsane_left_control_eigensolve,4.9700000090524554e-05,4.564999835565686e-05,5.3050000133225694e-05,7.400001777568832e-06,0.0,,,left_control
1,80,fixed continuous c,57,58,Boulsane_right_control_assembly,0.011605200001213234,0.011549300001206575,0.01166775000092457,0.00011844999971799552,0.015625,0,26912,right_control
1,80,fixed continuous c,57,58,Boulsane_right_control_eigensolve,4.709999484475702e-05,4.510000144364312e-05,5.079999755253084e-05,5.699996108887717e-06,0.0,,,right_control
1,80,fixed continuous c,73,74,project_full_rebuild,0.0042314000020269305,0.004186550002486911,0.0042373500000394415,5.079999755253084e-05,0.0,0,42632,
1,80,fixed continuous c,73,74,project_block_extension,0.0005166000046301633,0.0005143500020494685,0.0005214999946474563,7.149992597987875e-06,0.0,3249,42632,
1,80,fixed continuous c,73,74,project_eigensolve,7.840000034775585e-05,7.734999962849542e-05,8.290000187116675e-05,5.550002242671326e-06,0.0,,,
1,80,fixed continuous c,73,74,Boulsane_large_N_assembly,0.019006499998795334,0.018987949999427656,0.01910005000172532,0.00011210000229766592,0.015625,0,43808,large_N
1,80,fixed continuous c,73,74,Boulsane_large_N_eigensolve,7.829999958630651e-05,7.654999717487954e-05,8.304999937536195e-05,6.500002200482413e-06,0.0,,,large_N
1,80,fixed continuous c,73,74,Boulsane_half_mesh_assembly,0.018991899996763095,0.018970200002513593,0.019011350002983818,4.115000047022477e-05,0.015625,0,43808,half_mesh
1,80,fixed continuous c,73,74,Boulsane_half_mesh_eigensolve,7.650000043213367e-05,7.564999759779312e-05,7.975000335136428e-05,4.100005753571168e-06,0.0,,,half_mesh
1,80,fixed continuous c,73,74,Boulsane_next_zero_assembly,0.018897400004789233,0.018879350001952844,0.019697600000654347,0.0008182499987015035,0.015625,0,43808,next_zero
1,80,fixed continuous c,73,74,Boulsane_next_zero_eigensolve,7.840000034775585e-05,7.76999986555893e-05,8.254999920609407e-05,4.850000550504774e-06,0.0,,,next_zero
1,80,fixed continuous c,73,74,Boulsane_left_control_assembly,0.0189782000015839,0.018923449999419972,0.01907500000015716,0.00015155000073718838,0.015625,0,43808,left_control
1,80,fixed continuous c,73,74,Boulsane_left_control_eigensolve,7.529999857069924e-05,7.324999751290306e-05,8.240000170189887e-05,9.150004188995808e-06,0.0,,,left_control
1,80,fixed continuous c,73,74,Boulsane_right_control_assembly,0.018817899996065535,0.018809149998560315,0.018860399999539368,5.1250000979052857e-05,0.015625,0,43808,right_control
1,80,fixed continuous c,73,74,Boulsane_right_control_eigensolve,7.459999324055389e-05,7.385000208159909e-05,7.850000110920519e-05,4.6499990276061e-06,0.0,,,right_control
1,80,fixed continuous c,89,90,project_full_rebuild,0.005401499998697545,0.0053853999997954816,0.00544620000073337,6.08000009378884e-05,0.0,0,63368,
1,80,fixed continuous c,89,90,project_block_extension,0.0006133000060799532,0.0006130000037956052,0.0006174999980430584,4.499994247453287e-06,0.0,5329,63368,
1,80,fixed continuous c,89,90,project_eigensolve,0.00018980000459123403,0.00017225000192411244,0.00024884999584173784,7.65999939176254e-05,0.0,,,
1,80,fixed continuous c,89,90,Boulsane_large_N_assembly,0.027888799995707814,0.027877150001586415,0.027923150002607144,4.600000102072954e-05,0.03125,0,64800,large_N
1,80,fixed continuous c,89,90,Boulsane_large_N_eigensolve,0.00016250000044237822,0.0001458000006095972,0.00017909999951370992,3.3299998904112726e-05,0.0,,,large_N
1,80,fixed continuous c,89,90,Boulsane_half_mesh_assembly,0.0278044000006048,0.027770050004619407,0.0278573499963386,8.72999917191919e-05,0.03125,0,64800,half_mesh
1,80,fixed continuous c,89,90,Boulsane_half_mesh_eigensolve,0.0001725999973132275,0.00015220000204863027,0.00017669999942881986,2.4499997380189598e-05,0.0,,,half_mesh
1,80,fixed continuous c,89,90,Boulsane_next_zero_assembly,0.027789200001279823,0.027724399998987792,0.027840750000905246,0.00011635000191745348,0.03125,0,64800,next_zero
1,80,fixed continuous c,89,90,Boulsane_next_zero_eigensolve,0.00015379999967990443,0.00014539999756379984,0.00016400000095018186,1.8600003386382014e-05,0.0,,,next_zero
1,80,fixed continuous c,89,90,Boulsane_left_control_assembly,0.028045699997164775,0.027737200001865858,0.028229800002009142,0.000492600000143284,0.03125,0,64800,left_control
1,80,fixed continuous c,89,90,Boulsane_left_control_eigensolve,0.00014660000306321308,0.00014294999709818512,0.00015504999828408472,1.21000011858996e-05,0.0,,,left_control
1,80,fixed continuous c,89,90,Boulsane_right_control_assembly,0.02819699999963632,0.028032849997543963,0.029006699995079543,0.0009738499975355808,0.03125,0,64800,right_control
1,80,fixed continuous c,89,90,Boulsane_right_control_eigensolve,0.00018319999799132347,0.00017604999811737798,0.000301649997709319,0.00012559999959194101,0.0,,,right_control
1,80,fixed continuous c,121,122,project_full_rebuild,0.007360300005530007,0.00733185000353842,0.007378249996691011,4.639999315259047e-05,0.0,0,117128,
1,80,fixed continuous c,121,122,project_block_extension,0.0014690000025439076,0.0014626499978476204,0.001476000001275679,1.3350003428058699e-05,0.0,7921,117128,
1,80,fixed continuous c,121,122,project_eigensolve,0.0002995999966515228,0.00028685000143013895,0.00030649999825982377,1.9649996829684824e-05,0.0,,,
1,80,fixed continuous c,121,122,Boulsane_large_N_assembly,0.05132990000129212,0.05102380000244011,0.052712199998495635,0.001688399996055523,0.046875,0,119072,large_N
1,80,fixed continuous c,121,122,Boulsane_large_N_eigensolve,0.0003054000044357963,0.00029879999783588573,0.0003109500030404888,1.2150005204603076e-05,0.0,,,large_N
1,80,fixed continuous c,121,122,Boulsane_half_mesh_assembly,0.05151879999903031,0.05127434999667457,0.05191180000110762,0.0006374500044330489,0.046875,0,119072,half_mesh
1,80,fixed continuous c,121,122,Boulsane_half_mesh_eigensolve,0.00031770000350661576,0.0003083499977947213,0.0003225999971618876,1.424999936716631e-05,0.0,,,half_mesh
1,80,fixed continuous c,121,122,Boulsane_next_zero_assembly,0.05104410000058124,0.05097925000154646,0.05219790000410285,0.0012186500025563873,0.046875,0,119072,next_zero
1,80,fixed continuous c,121,122,Boulsane_next_zero_eigensolve,0.0003221000006305985,0.0003204499989806209,0.0005283000027702656,0.0002078500037896447,0.0,,,next_zero
1,80,fixed continuous c,121,122,Boulsane_left_control_assembly,0.052474200005235616,0.05169105000095442,0.053696899998612935,0.0020058499976585153,0.046875,0,119072,left_control
1,80,fixed continuous c,121,122,Boulsane_left_control_eigensolve,0.00031399999716086313,0.00029594999796245247,0.00031864999982644804,2.2700001863995567e-05,0.0,,,left_control
1,80,fixed continuous c,121,122,Boulsane_right_control_assembly,0.05374399999709567,0.05350365000049351,0.054010349998861784,0.0005066999983682763,0.046875,0,119072,right_control
1,80,fixed continuous c,121,122,Boulsane_right_control_eigensolve,0.00029940000240458176,0.00029580000045825727,0.0003100499998254236,1.424999936716631e-05,0.0,,,right_control
2,10,fixed continuous c,34,35,project_full_rebuild,0.001708799994958099,0.0016871500010893214,0.001710549997369526,2.3399996280204505e-05,0.0,0,9248,
2,10,fixed continuous c,34,35,project_block_extension,0.0001520000005257316,0.00015034999887575395,0.00015669999629608355,6.3499974203296006e-06,0.0,484,9248,
2,10,fixed continuous c,34,35,project_eigensolve,2.680000034160912e-05,2.640000093379058e-05,2.7900001441594213e-05,1.5000005078036338e-06,0.0,,,
2,10,fixed continuous c,34,35,Boulsane_large_N_assembly,0.006697400000120979,0.00668144999872311,0.00670910000189906,2.7650003175949678e-05,0.0,0,9800,large_N
2,10,fixed continuous c,34,35,Boulsane_large_N_eigensolve,2.819999644998461e-05,2.6450001314515248e-05,2.8799997380701825e-05,2.349996066186577e-06,0.0,,,large_N
2,10,fixed continuous c,34,35,Boulsane_half_mesh_assembly,0.006795600005716551,0.006698800003505312,0.00682184999823221,0.00012304999472689815,0.0,0,9800,half_mesh
2,10,fixed continuous c,34,35,Boulsane_half_mesh_eigensolve,2.8299997211433947e-05,2.7049998607253656e-05,2.880000465665944e-05,1.7500060494057834e-06,0.0,,,half_mesh
2,10,fixed continuous c,34,35,Boulsane_next_zero_assembly,0.006703100007143803,0.006679550002445467,0.006709699999191798,3.0149996746331453e-05,0.0,0,9800,next_zero
2,10,fixed continuous c,34,35,Boulsane_next_zero_eigensolve,2.7900001441594213e-05,2.694999784580432e-05,2.814999970723875e-05,1.2000018614344299e-06,0.0,,,next_zero
2,10,fixed continuous c,34,35,Boulsane_left_control_assembly,0.006883699999889359,0.00677479999649222,0.007039050000457792,0.0002642500039655715,0.0,0,9800,left_control
2,10,fixed continuous c,34,35,Boulsane_left_control_eigensolve,2.800000220304355e-05,2.7950001822318882e-05,2.8649999876506627e-05,6.999980541877449e-07,0.0,,,left_control
2,10,fixed continuous c,34,35,Boulsane_right_control_assembly,0.006706399995891843,0.0066802500004996546,0.00671035000050324,3.0100000003585592e-05,0.0,0,9800,right_control
2,10,fixed continuous c,34,35,Boulsane_right_control_eigensolve,2.849999873433262e-05,2.8300000849412754e-05,2.934999793069437e-05,1.0499970812816173e-06,0.0,,,right_control
2,10,fixed continuous c,50,51,project_full_rebuild,0.002460700001392979,0.0024478499981341884,0.002465899997332599,1.804999919841066e-05,0.0,0,20000,
2,10,fixed continuous c,50,51,project_block_extension,0.00030279999919002876,0.00030144999982439913,0.00030374999914783984,2.2999993234407157e-06,0.0,1156,20000,
2,10,fixed continuous c,50,51,project_eigensolve,4.520000220509246e-05,4.4600001274375245e-05,4.774999979417771e-05,3.149998519802466e-06,0.0,,,
2,10,fixed continuous c,50,51,Boulsane_large_N_assembly,0.01460860000224784,0.01436814999760827,0.014668399999209214,0.0003002500016009435,0.015625,0,20808,large_N
2,10,fixed continuous c,50,51,Boulsane_large_N_eigensolve,4.859999899053946e-05,4.775000343215652e-05,5.48999996681232e-05,7.1499962359666824e-06,0.0,,,large_N
2,10,fixed continuous c,50,51,Boulsane_half_mesh_assembly,0.014620699999795761,0.01392755000051693,0.014632599999458762,0.0007050499989418313,0.015625,0,20808,half_mesh
2,10,fixed continuous c,50,51,Boulsane_half_mesh_eigensolve,4.569999873638153e-05,4.540000009001233e-05,4.7999998059822246e-05,2.5999979698099196e-06,0.0,,,half_mesh
2,10,fixed continuous c,50,51,Boulsane_next_zero_assembly,0.013949499996670056,0.0139093000034336,0.013959699997940334,5.039999450673349e-05,0.015625,0,20808,next_zero
2,10,fixed continuous c,50,51,Boulsane_next_zero_eigensolve,4.8999994760379195e-05,4.5500000851461664e-05,5.3350002417573705e-05,7.850001566112041e-06,0.0,,,next_zero
2,10,fixed continuous c,50,51,Boulsane_left_control_assembly,0.014006399993377272,0.01396884999849135,0.014081450000958284,0.0001126000024669338,0.015625,0,20808,left_control
2,10,fixed continuous c,50,51,Boulsane_left_control_eigensolve,5.099999543745071e-05,4.859999899053946e-05,5.6250002671731636e-05,7.650003681192175e-06,0.0,,,left_control
2,10,fixed continuous c,50,51,Boulsane_right_control_assembly,0.013928000000305474,0.01391315000000759,0.013975899997603847,6.274999759625643e-05,0.015625,0,20808,right_control
2,10,fixed continuous c,50,51,Boulsane_right_control_eigensolve,4.7100002120714635e-05,4.595000064000487e-05,5.36499974259641e-05,7.699996785959229e-06,0.0,,,right_control
2,10,fixed continuous c,66,67,project_full_rebuild,0.003334300003189128,0.0033133500000985805,0.003406550000363495,9.32000002649147e-05,0.0,0,34848,
2,10,fixed continuous c,66,67,project_block_extension,0.00040520000038668513,0.00040364999949815683,0.0004060499995830469,2.4000000848900527e-06,0.0,2500,34848,
2,10,fixed continuous c,66,67,project_eigensolve,7.870000263210386e-05,7.65999975556042e-05,8.24999988253694e-05,5.900001269765198e-06,0.0,,,
2,10,fixed continuous c,66,67,Boulsane_large_N_assembly,0.023995700001250952,0.023982149999937974,0.024011250003241003,2.9100003303028643e-05,0.03125,0,35912,large_N
2,10,fixed continuous c,66,67,Boulsane_large_N_eigensolve,8.149999484885484e-05,7.860000187065452e-05,8.35999999253545e-05,4.999998054699972e-06,0.0,,,large_N
2,10,fixed continuous c,66,67,Boulsane_half_mesh_assembly,0.0240330999949947,0.024010350000025937,0.02408859999923152,7.824999920558184e-05,0.03125,0,35912,half_mesh
2,10,fixed continuous c,66,67,Boulsane_half_mesh_eigensolve,8.160000288626179e-05,8.045000140555203e-05,8.560000060242601e-05,5.149999196873978e-06,0.0,,,half_mesh
2,10,fixed continuous c,66,67,Boulsane_next_zero_assembly,0.024039500000071712,0.023947949997818796,0.024080750001303386,0.00013280000348458998,0.03125,0,35912,next_zero
2,10,fixed continuous c,66,67,Boulsane_next_zero_eigensolve,8.040000102482736e-05,7.935000030556694e-05,8.489999891025946e-05,5.549998604692519e-06,0.0,,,next_zero
2,10,fixed continuous c,66,67,Boulsane_left_control_assembly,0.024229800001194235,0.024158749998605344,0.024419249999482417,0.00026050000087707303,0.03125,0,35912,left_control
2,10,fixed continuous c,66,67,Boulsane_left_control_eigensolve,7.88000033935532e-05,7.745000038994476e-05,8.359999628737569e-05,6.1499958974309266e-06,0.0,,,left_control
2,10,fixed continuous c,66,67,Boulsane_right_control_assembly,0.02434699999867007,0.024243800002295757,0.02437120000104187,0.00012739999874611385,0.03125,0,35912,right_control
2,10,fixed continuous c,66,67,Boulsane_right_control_eigensolve,8.27999974717386e-05,7.844999709050171e-05,8.625000191386789e-05,7.80000482336618e-06,0.0,,,right_control
2,10,fixed continuous c,98,99,project_full_rebuild,0.0056288999985554256,0.005601950000709621,0.005652550000377232,5.059999966761097e-05,0.0,0,76832,
2,10,fixed continuous c,98,99,project_block_extension,0.0011148999983561225,0.0011035999996238388,0.0011250499956076965,2.144999598385766e-05,0.0,4356,76832,
2,10,fixed continuous c,98,99,project_eigensolve,0.00020139999833190814,0.00020035000125062652,0.00020929999664076604,8.94999539013952e-06,0.0,,,
2,10,fixed continuous c,98,99,Boulsane_large_N_assembly,0.05248040000151377,0.05246075000104611,0.052523299997119466,6.254999607335776e-05,0.046875,0,78408,large_N
2,10,fixed continuous c,98,99,Boulsane_large_N_eigensolve,0.00024090000079013407,0.00023254999905475415,0.00026825000168173574,3.5700002626981586e-05,0.0,,,large_N
2,10,fixed continuous c,98,99,Boulsane_half_mesh_assembly,0.05260430000635097,0.05249869999897783,0.05377249999946798,0.001273800000490155,0.046875,0,78408,half_mesh
2,10,fixed continuous c,98,99,Boulsane_half_mesh_eigensolve,0.00023019999935058877,0.00022709999757353216,0.0002562000008765608,2.9100003303028643e-05,0.0,,,half_mesh
2,10,fixed continuous c,98,99,Boulsane_next_zero_assembly,0.05477450000034878,0.05472219999865047,0.05479810000178986,7.590000313939527e-05,0.046875,0,78408,next_zero
2,10,fixed continuous c,98,99,Boulsane_next_zero_eigensolve,0.0002310999989276752,0.00022064999939175323,0.00025609999647713266,3.544999708537944e-05,0.0,,,next_zero
2,10,fixed continuous c,98,99,Boulsane_left_control_assembly,0.05226080000284128,0.052153299999190494,0.05233299999963492,0.00017970000044442713,0.046875,0,78408,left_control
2,10,fixed continuous c,98,99,Boulsane_left_control_eigensolve,0.00023160000273492187,0.00022294999507721514,0.00024119999943650328,1.825000435928814e-05,0.0,,,left_control
2,10,fixed continuous c,98,99,Boulsane_right_control_assembly,0.05204370000137715,0.05203474999871105,0.052310300001408905,0.00027555000269785523,0.046875,0,78408,right_control
2,10,fixed continuous c,98,99,Boulsane_right_control_eigensolve,0.00021779999951831996,0.00021674999879905954,0.0002410000015515834,2.425000275252387e-05,0.0,,,right_control
2,20,fixed continuous c,37,38,project_full_rebuild,0.0019904000000678934,0.0019602000029408373,0.00201184999968973,5.164999674889259e-05,0.0,0,10952,
2,20,fixed continuous c,37,38,project_block_extension,0.00018590000399854034,0.00018500000442145392,0.00018700000509852543,2.0000006770715117e-06,0.0,625,10952,
2,20,fixed continuous c,37,38,project_eigensolve,2.849999873433262e-05,2.7949998184340075e-05,3.0349998269230127e-05,2.4000000848900527e-06,0.0,,,
2,20,fixed continuous c,37,38,Boulsane_large_N_assembly,0.010405499997432344,0.01040274999832036,0.01045929999963846,5.655000131810084e-05,0.015625,0,11552,large_N
2,20,fixed continuous c,37,38,Boulsane_large_N_eigensolve,3.2199997804127634e-05,3.2050000299932435e-05,3.574999936972745e-05,3.6999990697950125e-06,0.0,,,large_N
2,20,fixed continuous c,37,38,Boulsane_half_mesh_assembly,0.01022279999597231,0.009857450000708923,0.010391650001110975,0.000534200000402052,0.015625,0,11552,half_mesh
2,20,fixed continuous c,37,38,Boulsane_half_mesh_eigensolve,2.8599999495781958e-05,2.769999991869554e-05,3.0399998649954796e-05,2.6999987312592566e-06,0.0,,,half_mesh
2,20,fixed continuous c,37,38,Boulsane_next_zero_assembly,0.009879699995508417,0.009867099997791229,0.009990400001697708,0.0001233000039064791,0.015625,0,11552,next_zero
2,20,fixed continuous c,37,38,Boulsane_next_zero_eigensolve,3.0199997127056122e-05,2.9999999242136255e-05,3.170000127283856e-05,1.7000020307023078e-06,0.0,,,next_zero
2,20,fixed continuous c,37,38,Boulsane_left_control_assembly,0.00992450000194367,0.009919449999870267,0.00994889999856241,2.944999869214371e-05,0.015625,0,11552,left_control
2,20,fixed continuous c,37,38,Boulsane_left_control_eigensolve,3.029999788850546e-05,2.9999999242136255e-05,3.060000017285347e-05,6.000009307172149e-07,0.0,,,left_control
2,20,fixed continuous c,37,38,Boulsane_right_control_assembly,0.009877600001345854,0.00985690000015893,0.009884400002192706,2.7500002033775672e-05,0.015625,0,11552,right_control
2,20,fixed continuous c,37,38,Boulsane_right_control_eigensolve,2.9599999834317714e-05,2.9450002330122516e-05,3.0049999622860923e-05,5.999972927384079e-07,0.0,,,right_control
2,20,fixed continuous c,53,54,project_full_rebuild,0.0027537999994819984,0.002722549997997703,0.002767350000794977,4.480000279727392e-05,0.0,0,22472,
2,20,fixed continuous c,53,54,project_block_extension,0.0003169999981764704,0.0003131500016024802,0.0003391500031284522,2.600000152597204e-05,0.0,1369,22472,
2,20,fixed continuous c,53,54,project_eigensolve,4.4399996113497764e-05,4.4299998990027234e-05,4.6350000047823414e-05,2.0500010577961802e-06,0.0,,,
2,20,fixed continuous c,53,54,Boulsane_large_N_assembly,0.019988800006103702,0.019953949999035103,0.020061949999217177,0.00010800000018207356,0.015625,0,23328,large_N
2,20,fixed continuous c,53,54,Boulsane_large_N_eigensolve,4.750000516651198e-05,4.7199999244185165e-05,5.539999619941227e-05,8.199996955227107e-06,0.0,,,large_N
2,20,fixed continuous c,53,54,Boulsane_half_mesh_assembly,0.020145200003753416,0.020064000000274973,0.02020864999940386,0.00014464999912888743,0.015625,0,23328,half_mesh
2,20,fixed continuous c,53,54,Boulsane_half_mesh_eigensolve,5.009999586036429e-05,4.830000034417026e-05,5.430000237538479e-05,6.000002031214535e-06,0.0,,,half_mesh
2,20,fixed continuous c,53,54,Boulsane_next_zero_assembly,0.019908299997041468,0.01989289999983157,0.01993275000131689,3.985000148531981e-05,0.015625,0,23328,next_zero
2,20,fixed continuous c,53,54,Boulsane_next_zero_eigensolve,5.119999696034938e-05,4.769999941345304e-05,5.455000064102933e-05,6.850001227576286e-06,0.0,,,next_zero
2,20,fixed continuous c,53,54,Boulsane_left_control_assembly,0.020066899996891152,0.020054349999554688,0.02011474999744678,6.039999789209105e-05,0.015625,0,23328,left_control
2,20,fixed continuous c,53,54,Boulsane_left_control_eigensolve,5.059999966761097e-05,4.9749996833270416e-05,5.360000068321824e-05,3.850003849947825e-06,0.0,,,left_control
2,20,fixed continuous c,53,54,Boulsane_right_control_assembly,0.021012000004702713,0.020355700002255617,0.02104154999688035,0.0006858499946247321,0.015625,0,23328,right_control
2,20,fixed continuous c,53,54,Boulsane_right_control_eigensolve,4.909999552182853e-05,4.735000402433798e-05,5.4349999118130654e-05,6.999995093792677e-06,0.0,,,right_control
2,20,fixed continuous c,69,70,project_full_rebuild,0.003674799998407252,0.003653149997262517,0.003731150001840433,7.800000457791612e-05,0.0,0,38088,
2,20,fixed continuous c,69,70,project_block_extension,0.00044209999759914353,0.00043525000000954606,0.0004442000026756432,8.950002666097134e-06,0.0,2809,38088,
2,20,fixed continuous c,69,70,project_eigensolve,8.22000001790002e-05,8.104999869829044e-05,8.534999869880266e-05,4.300000000512227e-06,0.0,,,
2,20,fixed continuous c,69,70,Boulsane_large_N_assembly,0.033532200002809986,0.033524049998959526,0.033560849995410535,3.6799996451009065e-05,0.03125,0,39200,large_N
2,20,fixed continuous c,69,70,Boulsane_large_N_eigensolve,8.430000161752105e-05,8.189999789465219e-05,8.644999979878776e-05,4.55000190413557e-06,0.0,,,large_N
2,20,fixed continuous c,69,70,Boulsane_half_mesh_assembly,0.0339938000033726,0.03361124999719323,0.03429099999993923,0.0006797500027460046,0.03125,0,39200,half_mesh
2,20,fixed continuous c,69,70,Boulsane_half_mesh_eigensolve,8.379999781027436e-05,8.179999713320285e-05,8.929999967222102e-05,7.500002539018169e-06,0.0,,,half_mesh
2,20,fixed continuous c,69,70,Boulsane_next_zero_assembly,0.03353630000492558,0.033529450003698,0.033722750002198154,0.00019329999850015156,0.03125,0,39200,next_zero
2,20,fixed continuous c,69,70,Boulsane_next_zero_eigensolve,8.330000127898529e-05,8.199999865610152e-05,8.664999768370762e-05,4.6499990276061e-06,0.0,,,next_zero
2,20,fixed continuous c,69,70,Boulsane_left_control_assembly,0.0335313000032329,0.03349354999954812,0.033560749998287065,6.719999873894267e-05,0.03125,0,39200,left_control
2,20,fixed continuous c,69,70,Boulsane_left_control_eigensolve,8.22000001790002e-05,8.045000140555203e-05,8.594999962951988e-05,5.49999822396785e-06,0.0,,,left_control
2,20,fixed continuous c,69,70,Boulsane_right_control_assembly,0.033557199996721465,0.03351135000048089,0.03370060000088415,0.00018925000040326267,0.03125,0,39200,right_control
2,20,fixed continuous c,69,70,Boulsane_right_control_eigensolve,8.170000364771113e-05,8.005000199773349e-05,8.834999971440993e-05,8.299997716676444e-06,0.0,,,right_control
2,20,fixed continuous c,101,102,project_full_rebuild,0.00595709999470273,0.005914800000027753,0.006000249999488005,8.5449999460252e-05,0.0,0,81608,
2,20,fixed continuous c,101,102,project_block_extension,0.001174099998024758,0.0011497999985294882,0.0011748500000976492,2.505000156816095e-05,0.0,4761,81608,
2,20,fixed continuous c,101,102,project_eigensolve,0.0002173000029870309,0.0002077999997709412,0.0002205499986303039,1.2749998859362677e-05,0.0,,,
2,20,fixed continuous c,101,102,Boulsane_large_N_assembly,0.07068070000241278,0.07064145000185817,0.07121154999913415,0.0005700999972759746,0.078125,0,83232,large_N
2,20,fixed continuous c,101,102,Boulsane_large_N_eigensolve,0.00022909999825060368,0.000225499999942258,0.00025314999948022887,2.764999953797087e-05,0.0,,,large_N
2,20,fixed continuous c,101,102,Boulsane_half_mesh_assembly,0.07067090000055032,0.07055409999884432,0.0708520000007411,0.0002979000018967781,0.0625,0,83232,half_mesh
2,20,fixed continuous c,101,102,Boulsane_half_mesh_eigensolve,0.00023130000045057386,0.0002285999980813358,0.0002490500010026153,2.045000292127952e-05,0.0,,,half_mesh
2,20,fixed continuous c,101,102,Boulsane_next_zero_assembly,0.0702817999990657,0.07016019999718992,0.07034580000254209,0.00018560000535217114,0.078125,0,83232,next_zero
2,20,fixed continuous c,101,102,Boulsane_next_zero_eigensolve,0.00022729999909643084,0.00022009999884176068,0.00026190000062342733,4.180000178166665e-05,0.0,,,next_zero
2,20,fixed continuous c,101,102,Boulsane_left_control_assembly,0.07071780000114813,0.0705712500057416,0.07094310000320547,0.00037184999746386893,0.078125,0,83232,left_control
2,20,fixed continuous c,101,102,Boulsane_left_control_eigensolve,0.0002275000006193295,0.0002229999990959186,0.0002563500020187348,3.33500029228162e-05,0.0,,,left_control
2,20,fixed continuous c,101,102,Boulsane_right_control_assembly,0.0711412999953609,0.07058334999965155,0.0732032000014442,0.0026198500017926563,0.078125,0,83232,right_control
2,20,fixed continuous c,101,102,Boulsane_right_control_eigensolve,0.0002299999978276901,0.00022584999896935187,0.0002457999980833847,1.9949999114032835e-05,0.0,,,right_control
2,40,fixed continuous c,43,44,project_full_rebuild,0.002455100002407562,0.0024402499984716997,0.002517450000596,7.720000212430023e-05,0.0,0,14792,
2,40,fixed continuous c,43,44,project_block_extension,0.0002362000013818033,0.00023569999757455662,0.00023815000167815015,2.4500041035935283e-06,0.0,961,14792,
2,40,fixed continuous c,43,44,project_eigensolve,3.210000431863591e-05,3.19499995384831e-05,3.434999962337315e-05,2.4000000848900527e-06,0.0,,,
2,40,fixed continuous c,43,44,Boulsane_large_N_assembly,0.010112600000866223,0.010101849999045953,0.010127099998499034,2.5249999453080818e-05,0.015625,0,15488,large_N
2,40,fixed continuous c,43,44,Boulsane_large_N_eigensolve,3.190000279573724e-05,3.149999611196108e-05,3.420000211917795e-05,2.7000060072168708e-06,0.0,,,large_N
2,40,fixed continuous c,43,44,Boulsane_half_mesh_assembly,0.010105500005010981,0.01009630000044126,0.010126249999302672,2.9949998861411586e-05,0.015625,0,15488,half_mesh
2,40,fixed continuous c,43,44,Boulsane_half_mesh_eigensolve,3.229999856557697e-05,3.1749998015584424e-05,3.764999928534962e-05,5.900001269765198e-06,0.0,,,half_mesh
2,40,fixed continuous c,43,44,Boulsane_next_zero_assembly,0.010165599996980745,0.010143050003534881,0.01033945000017411,0.00019639999663922936,0.015625,0,15488,next_zero
2,40,fixed continuous c,43,44,Boulsane_next_zero_eigensolve,3.890000516548753e-05,3.529999594320543e-05,4.0350001654587686e-05,5.050005711382255e-06,0.0,,,next_zero
2,40,fixed continuous c,43,44,Boulsane_left_control_assembly,0.009858800003712531,0.00985354999647825,0.009878050001134397,2.4500004656147212e-05,0.015625,0,15488,left_control
2,40,fixed continuous c,43,44,Boulsane_left_control_eigensolve,3.309999738121405e-05,3.185000241501257e-05,3.780000042752363e-05,5.94999801251106e-06,0.0,,,left_control
2,40,fixed continuous c,43,44,Boulsane_right_control_assembly,0.010194700000283774,0.010162200000195298,0.0102356499992311,7.344999903580174e-05,0.015625,0,15488,right_control
2,40,fixed continuous c,43,44,Boulsane_right_control_eigensolve,3.300000389572233e-05,3.269999797339551e-05,3.7900001188972965e-05,5.200003215577453e-06,0.0,,,right_control
2,40,fixed continuous c,59,60,project_full_rebuild,0.0032833000004757196,0.0032584000036877114,0.003327149996039225,6.874999235151336e-05,0.0,0,27848,
2,40,fixed continuous c,59,60,project_block_extension,0.0003913999971700832,0.00039059999835444614,0.00039774999822839163,7.1499998739454895e-06,0.0,1849,27848,
2,40,fixed continuous c,59,60,project_eigensolve,5.980000423733145e-05,5.3599997045239434e-05,6.600000051548705e-05,1.2400003470247611e-05,0.0,,,
2,40,fixed continuous c,59,60,Boulsane_large_N_assembly,0.018434400000842288,0.018408050000289222,0.01894315000026836,0.0005350999999791384,0.015625,0,28800,large_N
2,40,fixed continuous c,59,60,Boulsane_large_N_eigensolve,5.650000093737617e-05,5.609999789157882e-05,6.384999869624153e-05,7.750000804662704e-06,0.0,,,large_N
2,40,fixed continuous c,59,60,Boulsane_half_mesh_assembly,0.018423299996356945,0.018407349998597056,0.018434699999488657,2.7350000891601667e-05,0.015625,0,28800,half_mesh
2,40,fixed continuous c,59,60,Boulsane_half_mesh_eigensolve,5.690000398317352e-05,5.62999994144775e-05,6.974999996600673e-05,1.3450000551529229e-05,0.0,,,half_mesh
2,40,fixed continuous c,59,60,Boulsane_next_zero_assembly,0.01832000000285916,0.01827459999913117,0.018335799999476876,6.120000034570694e-05,0.015625,0,28800,next_zero
2,40,fixed continuous c,59,60,Boulsane_next_zero_eigensolve,5.300000339047983e-05,5.235000207903795e-05,5.6499997299397364e-05,4.149995220359415e-06,0.0,,,next_zero
2,40,fixed continuous c,59,60,Boulsane_left_control_assembly,0.018459700004314072,0.018397550000372576,0.018511649996071355,0.00011409999569877982,0.015625,0,28800,left_control
2,40,fixed continuous c,59,60,Boulsane_left_control_eigensolve,5.729999975301325e-05,5.4749998525949195e-05,5.980000059935264e-05,5.050002073403448e-06,0.0,,,left_control
2,40,fixed continuous c,59,60,Boulsane_right_control_assembly,0.018357599998125806,0.018269249998411397,0.018385850002232473,0.00011660000382107683,0.015625,0,28800,right_control
2,40,fixed continuous c,59,60,Boulsane_right_control_eigensolve,5.3499999921768904e-05,5.2549999963957816e-05,5.6349999795202166e-05,3.7999998312443495e-06,0.0,,,right_control
2,40,fixed continuous c,75,76,project_full_rebuild,0.0043009999935748056,0.004118400000152178,0.004329800001869444,0.0002114000017172657,0.0,0,45000,
2,40,fixed continuous c,75,76,project_block_extension,0.0004778000002261251,0.0004759999974339735,0.00048070000411826186,4.7000066842883825e-06,0.0,3481,45000,
2,40,fixed continuous c,75,76,project_eigensolve,8.309999975608662e-05,8.170000000973232e-05,8.619999789516442e-05,4.499997885432094e-06,0.0,,,
2,40,fixed continuous c,75,76,Boulsane_large_N_assembly,0.029407699999865144,0.029270849998283666,0.029450800000631716,0.00017995000234805048,0.03125,0,46208,large_N
2,40,fixed continuous c,75,76,Boulsane_large_N_eigensolve,9.449999924981967e-05,9.279999721911736e-05,9.86500017461367e-05,5.850004527019337e-06,0.0,,,large_N
2,40,fixed continuous c,75,76,Boulsane_half_mesh_assembly,0.02957060000335332,0.02953344999696128,0.029644099999131868,0.00011065000217058696,0.03125,0,46208,half_mesh
2,40,fixed continuous c,75,76,Boulsane_half_mesh_eigensolve,9.669999417383224e-05,9.159999899566174e-05,0.00010200000178883784,1.04000027931761e-05,0.0,,,half_mesh
2,40,fixed continuous c,75,76,Boulsane_next_zero_assembly,0.029199299999163486,0.029144749998522457,0.029252600001200335,0.00010785000267787836,0.03125,0,46208,next_zero
2,40,fixed continuous c,75,76,Boulsane_next_zero_eigensolve,9.389999468112364e-05,9.240000144927762e-05,0.00010045000090030953,8.049999451031908e-06,0.0,,,next_zero
2,40,fixed continuous c,75,76,Boulsane_left_control_assembly,0.029716500001086388,0.02958634999959031,0.029749249999440508,0.00016289999985019676,0.03125,0,46208,left_control
2,40,fixed continuous c,75,76,Boulsane_left_control_eigensolve,8.990000060293823e-05,8.884999988367781e-05,9.479999789618887e-05,5.94999801251106e-06,0.0,,,left_control
2,40,fixed continuous c,75,76,Boulsane_right_control_assembly,0.029327900003409013,0.029299749996425817,0.029474600003595697,0.00017485000716987997,0.03125,0,46208,right_control
2,40,fixed continuous c,75,76,Boulsane_right_control_eigensolve,9.029999637277797e-05,8.974999946076423e-05,9.449999924981967e-05,4.749999789055437e-06,0.0,,,right_control
2,40,fixed continuous c,107,108,project_full_rebuild,0.006584300004760735,0.006568550001247786,0.00661105000108364,4.2499999835854396e-05,0.0,0,91592,
2,40,fixed continuous c,107,108,project_block_extension,0.001310100000409875,0.001302749999013031,0.0013152999999874737,1.255000097444281e-05,0.0,5625,91592,
2,40,fixed continuous c,107,108,project_eigensolve,0.000229199999012053,0.00022849999731988646,0.0002391500020166859,1.0650004696799442e-05,0.0,,,
2,40,fixed continuous c,107,108,Boulsane_large_N_assembly,0.05885800000396557,0.05874729999777628,0.058916649999446236,0.0001693500016699545,0.0625,0,93312,large_N
2,40,fixed continuous c,107,108,Boulsane_large_N_eigensolve,0.00023429999419022352,0.00022499999977299012,0.00025180000011459924,2.680000034160912e-05,0.0,,,large_N
2,40,fixed continuous c,107,108,Boulsane_half_mesh_assembly,0.05892619999940507,0.05882430000201566,0.059394500003691064,0.0005702000016754027,0.0625,0,93312,half_mesh
2,40,fixed continuous c,107,108,Boulsane_half_mesh_eigensolve,0.00028110000130254775,0.0002598000028228853,0.0002875499994843267,2.77499966614414e-05,0.0,,,half_mesh
2,40,fixed continuous c,107,108,Boulsane_next_zero_assembly,0.05913239999790676,0.05894089999856078,0.05937460000131978,0.00043370000275899656,0.0625,0,93312,next_zero
2,40,fixed continuous c,107,108,Boulsane_next_zero_eigensolve,0.0002612999960547313,0.0002469000028213486,0.0002841500026988797,3.724999987753108e-05,0.0,,,next_zero
2,40,fixed continuous c,107,108,Boulsane_left_control_assembly,0.05930439999792725,0.05896474999826751,0.05941050000183168,0.0004457500035641715,0.0625,0,93312,left_control
2,40,fixed continuous c,107,108,Boulsane_left_control_eigensolve,0.00023890000011306256,0.00023485000201617368,0.0002606999987619929,2.5849996745819226e-05,0.0,,,left_control
2,40,fixed continuous c,107,108,Boulsane_right_control_assembly,0.05883170000015525,0.058766750000359025,0.05911330000162707,0.00034655000126804225,0.0625,0,93312,right_control
2,40,fixed continuous c,107,108,Boulsane_right_control_eigensolve,0.0002447000006213784,0.00023349999901256524,0.000252199995884439,1.8699996871873736e-05,0.0,,,right_control
2,80,fixed continuous c,56,57,project_full_rebuild,0.0033408999952371232,0.0033332999992126133,0.0033801499994297046,4.685000021709129e-05,0.0,0,25088,
2,80,fixed continuous c,56,57,project_block_extension,0.00031519999902229756,0.00030965000041760504,0.00032324999847332947,1.3599998055724427e-05,0.0,1936,25088,
2,80,fixed continuous c,56,57,project_eigensolve,4.8800000513438135e-05,4.534999970928766e-05,6.08000009378884e-05,1.545000122860074e-05,0.0,,,
2,80,fixed continuous c,56,57,Boulsane_large_N_assembly,0.01258189999498427,0.012575400000059744,0.012615499999810709,4.0099999750964344e-05,0.015625,0,25992,large_N
2,80,fixed continuous c,56,57,Boulsane_large_N_eigensolve,4.650000482797623e-05,4.595000064000487e-05,5.1849998271791264e-05,5.899997631786391e-06,0.0,,,large_N
2,80,fixed continuous c,56,57,Boulsane_half_mesh_assembly,0.012654799997108057,0.012560850002046209,0.012665400001424132,0.00010454999937792309,0.015625,0,25992,half_mesh
2,80,fixed continuous c,56,57,Boulsane_half_mesh_eigensolve,4.9100002797786146e-05,4.385000283946283e-05,5.179999425308779e-05,7.949991413624957e-06,0.0,,,half_mesh
2,80,fixed continuous c,56,57,Boulsane_next_zero_assembly,0.012529999999969732,0.01249150000148802,0.01277230000050622,0.00028079999901819974,0.015625,0,25992,next_zero
2,80,fixed continuous c,56,57,Boulsane_next_zero_eigensolve,5.0499998906161636e-05,4.7599998652003706e-05,5.3849998948862776e-05,6.250000296859071e-06,0.0,,,next_zero
2,80,fixed continuous c,56,57,Boulsane_left_control_assembly,0.012591200000315439,0.01257765000264044,0.012614350001967978,3.6699999327538535e-05,0.015625,0,25992,left_control
2,80,fixed continuous c,56,57,Boulsane_left_control_eigensolve,4.86999997519888e-05,4.569999873638153e-05,4.99500019941479e-05,4.250003257766366e-06,0.0,,,left_control
2,80,fixed continuous c,56,57,Boulsane_right_control_assembly,0.012829300001612864,0.0127856500002963,0.012906400002975715,0.00012075000267941505,0.015625,0,25992,right_control
2,80,fixed continuous c,56,57,Boulsane_right_control_eigensolve,5.059999966761097e-05,4.754999827127904e-05,5.410000085248612e-05,6.550002581207082e-06,0.0,,,right_control
2,80,fixed continuous c,72,73,project_full_rebuild,0.004271300000254996,0.004243849998601945,0.004329400002461625,8.555000385968015e-05,0.0,0,41472,
2,80,fixed continuous c,72,73,project_block_extension,0.0005053999993833713,0.0005044499994255602,0.0005152499979885761,1.0799998563015833e-05,0.0,3136,41472,
2,80,fixed continuous c,72,73,project_eigensolve,7.919999916339293e-05,7.760000153211877e-05,8.24999988253694e-05,4.899997293250635e-06,0.0,,,
2,80,fixed continuous c,72,73,Boulsane_large_N_assembly,0.02009849999740254,0.019965150000643916,0.020140499997069128,0.00017534999642521143,0.015625,0,42632,large_N
2,80,fixed continuous c,72,73,Boulsane_large_N_eigensolve,7.94000006862916e-05,7.820000246283598e-05,8.5449999460252e-05,7.2499969974160194e-06,0.0,,,large_N
2,80,fixed continuous c,72,73,Boulsane_half_mesh_assembly,0.019939500001783017,0.019856450002407655,0.02021710000190069,0.00036064999949303456,0.015625,0,42632,half_mesh
2,80,fixed continuous c,72,73,Boulsane_half_mesh_eigensolve,7.690000347793102e-05,7.555000047432259e-05,8.189999789465219e-05,6.3499974203296006e-06,0.0,,,half_mesh
2,80,fixed continuous c,72,73,Boulsane_next_zero_assembly,0.02009879999968689,0.020014799996715738,0.020232399998349138,0.0002176000016334001,0.015625,0,42632,next_zero
2,80,fixed continuous c,72,73,Boulsane_next_zero_eigensolve,8.520000119460747e-05,7.439999899361283e-05,9.499999941908754e-05,2.0600000425474718e-05,0.0,,,next_zero
2,80,fixed continuous c,72,73,Boulsane_left_control_assembly,0.019935500000428874,0.019842649999191053,0.01998509999611997,0.00014244999692891724,0.015625,0,42632,left_control
2,80,fixed continuous c,72,73,Boulsane_left_control_eigensolve,7.990000449353829e-05,7.570000161649659e-05,8.624999827588908e-05,1.0549996659392491e-05,0.0,,,left_control
2,80,fixed continuous c,72,73,Boulsane_right_control_assembly,0.020060400005604606,0.020019699997646967,0.020094049999897834,7.435000225086696e-05,0.015625,0,42632,right_control
2,80,fixed continuous c,72,73,Boulsane_right_control_eigensolve,7.670000195503235e-05,7.389999882434495e-05,8.019999950192869e-05,6.300000677583739e-06,0.0,,,right_control
2,80,fixed continuous c,88,89,project_full_rebuild,0.005583899997873232,0.005519149999599904,0.005624599998554913,0.0001054499989550095,0.0,0,61952,
2,80,fixed continuous c,88,89,project_block_extension,0.0006251999948290177,0.0006248499994399026,0.0006269500008784235,2.1000014385208488e-06,0.0,5184,61952,
2,80,fixed continuous c,88,89,project_eigensolve,0.00016870000399649143,0.00015494999752263539,0.00018260000069858506,2.7650003175949678e-05,0.0,,,
2,80,fixed continuous c,88,89,Boulsane_large_N_assembly,0.030512799996358808,0.030060149998462293,0.030790249998972286,0.0007301000005099922,0.03125,0,63368,large_N
2,80,fixed continuous c,88,89,Boulsane_large_N_eigensolve,0.00016450000111944973,0.00014884999836795032,0.00018104999981005676,3.220000144210644e-05,0.0,,,large_N
2,80,fixed continuous c,88,89,Boulsane_half_mesh_assembly,0.03004299999884097,0.029917300002125558,0.030108249997283565,0.00019094999515800737,0.03125,0,63368,half_mesh
2,80,fixed continuous c,88,89,Boulsane_half_mesh_eigensolve,0.00014430000010179356,0.00013559999933931977,0.0001538500036986079,1.825000435928814e-05,0.0,,,half_mesh
2,80,fixed continuous c,88,89,Boulsane_next_zero_assembly,0.030025100000784732,0.030002200004673796,0.030086949998803902,8.474999413010664e-05,0.03125,0,63368,next_zero
2,80,fixed continuous c,88,89,Boulsane_next_zero_eigensolve,0.00015669999993406236,0.0001420499975210987,0.0001808500019251369,3.880000440403819e-05,0.0,,,next_zero
2,80,fixed continuous c,88,89,Boulsane_left_control_assembly,0.030259300001489464,0.030200149998563575,0.030420999999478227,0.0002208500009146519,0.03125,0,63368,left_control
2,80,fixed continuous c,88,89,Boulsane_left_control_eigensolve,0.0001621000046725385,0.0001518499993835576,0.00016884999786270782,1.6999998479150236e-05,0.0,,,left_control
2,80,fixed continuous c,88,89,Boulsane_right_control_assembly,0.030279499995231163,0.030235850001190556,0.03030235000187531,6.650000068475492e-05,0.03125,0,63368,right_control
2,80,fixed continuous c,88,89,Boulsane_right_control_eigensolve,0.00013719999697059393,0.00013475000014295802,0.00014815000031376258,1.340000017080456e-05,0.0,,,right_control
2,80,fixed continuous c,120,121,project_full_rebuild,0.00768170000083046,0.007653100001334678,0.0077012999972794205,4.819999594474211e-05,0.0,0,115200,
2,80,fixed continuous c,120,121,project_block_extension,0.0015140000032261014,0.0014918499982741196,0.0015528999974776525,6.104999920353293e-05,0.0,7744,115200,
2,80,fixed continuous c,120,121,project_eigensolve,0.000294700002996251,0.00028625000049942173,0.0003003999991051387,1.4149998605716974e-05,0.0,,,
2,80,fixed continuous c,120,121,Boulsane_large_N_assembly,0.0559304999987944,0.05583969999861438,0.05594755000129226,0.00010785000267787836,0.0625,0,117128,large_N
2,80,fixed continuous c,120,121,Boulsane_large_N_eigensolve,0.0003149999974993989,0.00030930000139051117,0.0003195999997842591,1.0299998393747956e-05,0.0,,,large_N
2,80,fixed continuous c,120,121,Boulsane_half_mesh_assembly,0.055990100001508836,0.055842800000391435,0.056042250002064975,0.0001994500016735401,0.0625,0,117128,half_mesh
2,80,fixed continuous c,120,121,Boulsane_half_mesh_eigensolve,0.00030839999817544594,0.00030714999957126565,0.00032115000067278743,1.4000001101521775e-05,0.0,,,half_mesh
2,80,fixed continuous c,120,121,Boulsane_next_zero_assembly,0.05563180000171997,0.05544794999877922,0.05581144999814569,0.0003634999993664678,0.046875,0,117128,next_zero
2,80,fixed continuous c,120,121,Boulsane_next_zero_eigensolve,0.0003361999988555908,0.00032994999855873175,0.00034169999707955867,1.1749998520826921e-05,0.0,,,next_zero
2,80,fixed continuous c,120,121,Boulsane_left_control_assembly,0.05536769999889657,0.0549395000016375,0.055542600002809195,0.0006031000011716969,0.0625,0,117128,left_control
2,80,fixed continuous c,120,121,Boulsane_left_control_eigensolve,0.0003046000056201592,0.0002989000022353139,0.0003117000014754012,1.2799999240087345e-05,0.0,,,left_control
2,80,fixed continuous c,120,121,Boulsane_right_control_assembly,0.056348799997067545,0.056123599999409635,0.05693744999734918,0.0008138499979395419,0.046875,0,117128,right_control
2,80,fixed continuous c,120,121,Boulsane_right_control_eigensolve,0.00031540000054519624,0.0003073500010941643,0.000327199995808769,1.984999471460469e-05,0.0,,,right_control
4,10,fixed continuous c,33,34,project_full_rebuild,0.001783700005034916,0.0017689499945845455,0.0018072500024572946,3.830000787274912e-05,0.0,0,8712,
4,10,fixed continuous c,33,34,project_block_extension,0.0001765000051818788,0.00015430000348715112,0.00017689999731373973,2.2599993826588616e-05,0.0,441,8712,
4,10,fixed continuous c,33,34,project_eigensolve,2.710000262595713e-05,2.6749996322905645e-05,2.7949998184340075e-05,1.2000018614344299e-06,0.0,,,
4,10,fixed continuous c,33,34,Boulsane_large_N_assembly,0.006526799996208865,0.006514900000183843,0.006556749998708256,4.184999852441251e-05,0.0,0,9248,large_N
4,10,fixed continuous c,33,34,Boulsane_large_N_eigensolve,2.9100003303028643e-05,2.9049999284325168e-05,2.9999999242136255e-05,9.499999578110874e-07,0.0,,,large_N
4,10,fixed continuous c,33,34,Boulsane_half_mesh_assembly,0.006484499994257931,0.0064701999981480185,0.006501949999801582,3.175000165356323e-05,0.0,0,9248,half_mesh
4,10,fixed continuous c,33,34,Boulsane_half_mesh_eigensolve,2.849999873433262e-05,2.7750000299420208e-05,2.9200000426499173e-05,1.4500001270789653e-06,0.0,,,half_mesh
4,10,fixed continuous c,33,34,Boulsane_next_zero_assembly,0.006448899999668356,0.006444249997002771,0.006460400003561517,1.61500065587461e-05,0.0,0,9248,next_zero
4,10,fixed continuous c,33,34,Boulsane_next_zero_eigensolve,2.9100003303028643e-05,2.8799997380701825e-05,2.9400001949397847e-05,6.00004568696022e-07,0.0,,,next_zero
4,10,fixed continuous c,33,34,Boulsane_left_control_assembly,0.006343300003209151,0.006337099999655038,0.006362150001223199,2.505000156816095e-05,0.0,0,9248,left_control
4,10,fixed continuous c,33,34,Boulsane_left_control_eigensolve,2.710000262595713e-05,2.555000173742883e-05,2.824999683070928e-05,2.6999950932804495e-06,0.0,,,left_control
4,10,fixed continuous c,33,34,Boulsane_right_control_assembly,0.00648910000018077,0.006387199999153381,0.006840650003141491,0.00045345000398810953,0.0,0,9248,right_control
4,10,fixed continuous c,33,34,Boulsane_right_control_eigensolve,2.920000406447798e-05,2.8800001018680632e-05,3.1600000511389226e-05,2.7999994927085936e-06,0.0,,,right_control
4,10,fixed continuous c,49,50,project_full_rebuild,0.002441100004944019,0.0024165499962691683,0.0024828000023262575,6.62500060570892e-05,0.0,0,19208,
4,10,fixed continuous c,49,50,project_block_extension,0.0002998999989358708,0.0002986000035889447,0.0003015999973285943,2.9999937396496534e-06,0.0,1089,19208,
4,10,fixed continuous c,49,50,project_eigensolve,4.8099995183292776e-05,4.6749999455641955e-05,4.980000085197389e-05,3.050001396331936e-06,0.0,,,
4,10,fixed continuous c,49,50,Boulsane_large_N_assembly,0.013668700004927814,0.013632299996970687,0.013685149999218993,5.285000224830583e-05,0.015625,0,20000,large_N
4,10,fixed continuous c,49,50,Boulsane_large_N_eigensolve,5.300000339047983e-05,4.7149998863460496e-05,5.444999987957999e-05,7.300001016119495e-06,0.0,,,large_N
4,10,fixed continuous c,49,50,Boulsane_half_mesh_assembly,0.01366769999731332,0.013620749999972759,0.013745550004387042,0.00012480000441428274,0.015625,0,20000,half_mesh
4,10,fixed continuous c,49,50,Boulsane_half_mesh_eigensolve,4.990000161342323e-05,4.7950001317076385e-05,5.424999835668132e-05,6.299997039604932e-06,0.0,,,half_mesh
4,10,fixed continuous c,49,50,Boulsane_next_zero_assembly,0.01346439999906579,0.013376799997786293,0.01361555000039516,0.00023875000260886736,0.015625,0,20000,next_zero
4,10,fixed continuous c,49,50,Boulsane_next_zero_eigensolve,4.739999712910503e-05,4.70000013592653e-05,4.984999759471975e-05,2.849996235454455e-06,0.0,,,next_zero
4,10,fixed continuous c,49,50,Boulsane_left_control_assembly,0.013579300000856165,0.01354074999835575,0.013630299999931594,8.955000157584436e-05,0.015625,0,20000,left_control
4,10,fixed continuous c,49,50,Boulsane_left_control_eigensolve,4.780000017490238e-05,4.7500001528533176e-05,5.560000136028975e-05,8.099999831756577e-06,0.0,,,left_control
4,10,fixed continuous c,49,50,Boulsane_right_control_assembly,0.01362919999519363,0.013584849999460857,0.013647300002048723,6.245000258786604e-05,0.015625,0,20000,right_control
4,10,fixed continuous c,49,50,Boulsane_right_control_eigensolve,5.059999966761097e-05,4.669999907491729e-05,5.374999818741344e-05,7.0499991124961525e-06,0.0,,,right_control
4,10,fixed continuous c,65,66,project_full_rebuild,0.0034233999977004714,0.003414150000025984,0.003438550000282703,2.4400000256719068e-05,0.0,0,33800,
4,10,fixed continuous c,65,66,project_block_extension,0.0004039999985252507,0.0004033499972138088,0.0004093000025022775,5.950005288468674e-06,0.0,2401,33800,
4,10,fixed continuous c,65,66,project_eigensolve,8.099999831756577e-05,7.934999666758813e-05,8.415000047534704e-05,4.8000038077589124e-06,0.0,,,
4,10,fixed continuous c,65,66,Boulsane_large_N_assembly,0.02337769999576267,0.023359949998848606,0.02344739999898593,8.745000013732351e-05,0.03125,0,34848,large_N
4,10,fixed continuous c,65,66,Boulsane_large_N_eigensolve,7.919999916339293e-05,7.689999983995222e-05,8.315000013681129e-05,6.250000296859071e-06,0.0,,,large_N
4,10,fixed continuous c,65,66,Boulsane_half_mesh_assembly,0.02335789999779081,0.02333050000379444,0.023387900000670925,5.739999687648378e-05,0.03125,0,34848,half_mesh
4,10,fixed continuous c,65,66,Boulsane_half_mesh_eigensolve,8.369999704882503e-05,7.92499995441176e-05,9.200000204145908e-05,1.2750002497341484e-05,0.0,,,half_mesh
4,10,fixed continuous c,65,66,Boulsane_next_zero_assembly,0.023226299999805633,0.023137099997256882,0.023290899996936787,0.00015379999967990443,0.03125,0,34848,next_zero
4,10,fixed continuous c,65,66,Boulsane_next_zero_eigensolve,8.410000009462237e-05,8.24999988253694e-05,8.835000335238874e-05,5.850004527019337e-06,0.0,,,next_zero
4,10,fixed continuous c,65,66,Boulsane_left_control_assembly,0.023453000001609325,0.023434399998222943,0.02353390000280342,9.950000458047725e-05,0.03125,0,34848,left_control
4,10,fixed continuous c,65,66,Boulsane_left_control_eigensolve,8.27999974717386e-05,8.059999890974723e-05,8.615000115241855e-05,5.550002242671326e-06,0.0,,,left_control
4,10,fixed continuous c,65,66,Boulsane_right_control_assembly,0.023438600001099985,0.023210250001284294,0.02349454999784939,0.0002842999965650961,0.03125,0,34848,right_control
4,10,fixed continuous c,65,66,Boulsane_right_control_eigensolve,8.080000407062471e-05,7.794999692123383e-05,8.674999844515696e-05,8.800001523923129e-06,0.0,,,right_control
4,10,fixed continuous c,97,98,project_full_rebuild,0.005743099995015655,0.005719900000258349,0.00575359999857028,3.369999831193127e-05,0.0,0,75272,
4,10,fixed continuous c,97,98,project_block_extension,0.001116100000217557,0.0011107500031357631,0.001128900003095623,1.8149999959859997e-05,0.0,4225,75272,
4,10,fixed continuous c,97,98,project_eigensolve,0.00020780000340892002,0.00020619999850168824,0.00022465000438387506,1.8450005882186815e-05,0.0,,,
4,10,fixed continuous c,97,98,Boulsane_large_N_assembly,0.05099869999685325,0.05092184999739402,0.052035250002518296,0.0011134000051242765,0.046875,0,76832,large_N
4,10,fixed continuous c,97,98,Boulsane_large_N_eigensolve,0.00026219999563181773,0.00025314999948022887,0.0002994499991473276,4.6299999667098746e-05,0.0,,,large_N
4,10,fixed continuous c,97,98,Boulsane_half_mesh_assembly,0.052065700001548976,0.05195214999548625,0.052373599999555154,0.00042145000406890176,0.046875,0,76832,half_mesh
4,10,fixed continuous c,97,98,Boulsane_half_mesh_eigensolve,0.0002234999992651865,0.00021740000011050142,0.00024045000100159086,2.305000089108944e-05,0.0,,,half_mesh
4,10,fixed continuous c,97,98,Boulsane_next_zero_assembly,0.051222099995356984,0.05116650000127265,0.0513926999992691,0.00022619999799644575,0.046875,0,76832,next_zero
4,10,fixed continuous c,97,98,Boulsane_next_zero_eigensolve,0.00023659999715164304,0.0002260999972349964,0.00026810000417754054,4.200000694254413e-05,0.0,,,next_zero
4,10,fixed continuous c,97,98,Boulsane_left_control_assembly,0.05151520000072196,0.05131030000120518,0.05154519999632612,0.00023489999512094073,0.046875,0,76832,left_control
4,10,fixed continuous c,97,98,Boulsane_left_control_eigensolve,0.0002192999963881448,0.00021345000277506188,0.00024304999897140078,2.9599996196338907e-05,0.0,,,left_control
4,10,fixed continuous c,97,98,Boulsane_right_control_assembly,0.051601400002255104,0.05090494999967632,0.05214134999914677,0.00123639999947045,0.046875,0,76832,right_control
4,10,fixed continuous c,97,98,Boulsane_right_control_eigensolve,0.00023190000501926988,0.000216349999391241,0.00024434999795630574,2.7999998565064743e-05,0.0,,,right_control
4,20,fixed continuous c,36,37,project_full_rebuild,0.001987799994822126,0.001977300002181437,0.0020011000015074387,2.3799999326001853e-05,0.0,0,10368,
4,20,fixed continuous c,36,37,project_block_extension,0.00017630000365898013,0.00017580000348971225,0.00017764999574865215,1.849992258939892e-06,0.0,576,10368,
4,20,fixed continuous c,36,37,project_eigensolve,2.7399997634347528e-05,2.725000013015233e-05,3.079999805777334e-05,3.549997927621007e-06,0.0,,,
4,20,fixed continuous c,36,37,Boulsane_large_N_assembly,0.010144599997147452,0.010128949998033931,0.010167250002268702,3.830000423477031e-05,0.015625,0,10952,large_N
4,20,fixed continuous c,36,37,Boulsane_large_N_eigensolve,3.070000093430281e-05,2.89999989036005e-05,3.134999860776588e-05,2.349999704165384e-06,0.0,,,large_N
4,20,fixed continuous c,36,37,Boulsane_half_mesh_assembly,0.010041699999419507,0.010006549997342518,0.010101550000399584,9.500000305706635e-05,0.015625,0,10952,half_mesh
4,20,fixed continuous c,36,37,Boulsane_half_mesh_eigensolve,3.18000020342879e-05,3.1650000892113894e-05,3.22499981848523e-05,5.999972927384079e-07,0.0,,,half_mesh
4,20,fixed continuous c,36,37,Boulsane_next_zero_assembly,0.010017599997809157,0.009977699999581091,0.01005194999743253,7.424999785143882e-05,0.015625,0,10952,next_zero
4,20,fixed continuous c,36,37,Boulsane_next_zero_eigensolve,3.149999974993989e-05,3.110000034212135e-05,3.164999725413509e-05,5.499969120137393e-07,0.0,,,next_zero
4,20,fixed continuous c,36,37,Boulsane_left_control_assembly,0.01004300000204239,0.010030299996287795,0.010103349999553757,7.3050003265962e-05,0.015625,0,10952,left_control
4,20,fixed continuous c,36,37,Boulsane_left_control_eigensolve,3.210000431863591e-05,3.05499997921288e-05,3.4349995985394344e-05,3.7999961932655424e-06,0.0,,,left_control
4,20,fixed continuous c,36,37,Boulsane_right_control_assembly,0.009963099997548852,0.009948499999154592,0.009982449999370147,3.395000021555461e-05,0.015625,0,10952,right_control
4,20,fixed continuous c,36,37,Boulsane_right_control_eigensolve,3.100000321865082e-05,3.0399998649954796e-05,3.2199997804127634e-05,1.7999991541728377e-06,0.0,,,right_control
4,20,fixed continuous c,52,53,project_full_rebuild,0.002836299994669389,0.0028019500023219734,0.002846999999746913,4.504999742493965e-05,0.0,0,21632,
4,20,fixed continuous c,52,53,project_block_extension,0.00032220000139204785,0.00032080000164569356,0.000323799999023322,2.9999973776284605e-06,0.0,1296,21632,
4,20,fixed continuous c,52,53,project_eigensolve,4.8999994760379195e-05,4.8700003389967605e-05,5.2150000556139275e-05,3.44999716617167e-06,0.0,,,
4,20,fixed continuous c,52,53,Boulsane_large_N_assembly,0.02046489999338519,0.020405199997185264,0.020514449999609496,0.00010925000242423266,0.015625,0,22472,large_N
4,20,fixed continuous c,52,53,Boulsane_large_N_eigensolve,4.980000085197389e-05,4.9199999921256676e-05,5.4299998737405986e-05,5.099998816149309e-06,0.0,,,large_N
4,20,fixed continuous c,52,53,Boulsane_half_mesh_assembly,0.020346299999800976,0.020175950001430465,0.02040994999697432,0.0002339999955438543,0.015625,0,22472,half_mesh
4,20,fixed continuous c,52,53,Boulsane_half_mesh_eigensolve,5.1200004236306995e-05,5.044999852543697e-05,5.374999818741344e-05,3.2999996619764715e-06,0.0,,,half_mesh
4,20,fixed continuous c,52,53,Boulsane_next_zero_assembly,0.02018289999978151,0.019901700001355493,0.020405300001584692,0.0005036000002291985,0.015625,0,22472,next_zero
4,20,fixed continuous c,52,53,Boulsane_next_zero_eigensolve,5.099999543745071e-05,5.0149999879067764e-05,5.7199998991563916e-05,7.0499991124961525e-06,0.0,,,next_zero
4,20,fixed continuous c,52,53,Boulsane_left_control_assembly,0.020549599998048507,0.02052374999766471,0.020580349999363534,5.660000169882551e-05,0.015625,0,22472,left_control
4,20,fixed continuous c,52,53,Boulsane_left_control_eigensolve,4.940000508213416e-05,4.9250000301981345e-05,5.289999899105169e-05,3.649998689070344e-06,0.0,,,left_control
4,20,fixed continuous c,52,53,Boulsane_right_control_assembly,0.020414699996763375,0.020172850003291387,0.02051449999999022,0.000341649996698834,0.015625,0,22472,right_control
4,20,fixed continuous c,52,53,Boulsane_right_control_eigensolve,4.980000085197389e-05,4.914999954053201e-05,5.794999742647633e-05,8.799997885944322e-06,0.0,,,right_control
4,20,fixed continuous c,68,69,project_full_rebuild,0.00378400000045076,0.0037715500038757455,0.0038139999996928964,4.244999581715092e-05,0.0,0,36992,
4,20,fixed continuous c,68,69,project_block_extension,0.00042129999928874895,0.00041744999907677993,0.0004512999985308852,3.384999945410527e-05,0.0,2704,36992,
4,20,fixed continuous c,68,69,project_eigensolve,8.539999544154853e-05,8.195000191335566e-05,0.00011734999861801043,3.539999670465477e-05,0.0,,,
4,20,fixed continuous c,68,69,Boulsane_large_N_assembly,0.03507259999605594,0.0349540999995952,0.03572570000324049,0.0007716000036452897,0.03125,0,38088,large_N
4,20,fixed continuous c,68,69,Boulsane_large_N_eigensolve,8.549999620299786e-05,8.305000301334076e-05,9.314999988419004e-05,1.0099996870849282e-05,0.0,,,large_N
4,20,fixed continuous c,68,69,Boulsane_half_mesh_assembly,0.03432510000129696,0.033696249996864935,0.034729649996734224,0.0010333999998692889,0.03125,0,38088,half_mesh
4,20,fixed continuous c,68,69,Boulsane_half_mesh_eigensolve,8.250000246334821e-05,8.075000005192123e-05,8.964999869931489e-05,8.899998647393659e-06,0.0,,,half_mesh
4,20,fixed continuous c,68,69,Boulsane_next_zero_assembly,0.03431090000231052,0.034137599999667145,0.03438485000151559,0.0002472500018484425,0.03125,0,38088,next_zero
4,20,fixed continuous c,68,69,Boulsane_next_zero_eigensolve,8.679999882588163e-05,8.069999967119657e-05,9.214999954565428e-05,1.1449999874457717e-05,0.0,,,next_zero
4,20,fixed continuous c,68,69,Boulsane_left_control_assembly,0.03458659999887459,0.034323050000239164,0.03495219999967958,0.0006291499994404148,0.03125,0,38088,left_control
4,20,fixed continuous c,68,69,Boulsane_left_control_eigensolve,8.679999882588163e-05,8.474999776808545e-05,9.125000360654667e-05,6.50000583846122e-06,0.0,,,left_control
4,20,fixed continuous c,68,69,Boulsane_right_control_assembly,0.034645500003534835,0.03442390000054729,0.03479409999999916,0.0003701999994518701,0.03125,0,38088,right_control
4,20,fixed continuous c,68,69,Boulsane_right_control_eigensolve,9.030000364873558e-05,8.519999755662866e-05,9.900000077323057e-05,1.3800003216601908e-05,0.0,,,right_control
4,20,fixed continuous c,100,101,project_full_rebuild,0.00607750000199303,0.0060436000021582,0.0061102500003471505,6.664999818895012e-05,0.0,0,80000,
4,20,fixed continuous c,100,101,project_block_extension,0.0011951999986195005,0.0011862000028486364,0.0012011999970127363,1.4999994164099917e-05,0.0,4624,80000,
4,20,fixed continuous c,100,101,project_eigensolve,0.000214299994695466,0.00021249999917927198,0.0002155499969376251,3.049997758353129e-06,0.0,,,
4,20,fixed continuous c,100,101,Boulsane_large_N_assembly,0.07276930000080029,0.07257300000128453,0.0730356500025664,0.0004626500012818724,0.078125,0,81608,large_N
4,20,fixed continuous c,100,101,Boulsane_large_N_eigensolve,0.00023009999858913943,0.0002181999989261385,0.0002468999991833698,2.8700000257231295e-05,0.0,,,large_N
4,20,fixed continuous c,100,101,Boulsane_half_mesh_assembly,0.07293630000640405,0.07259705000251415,0.07296069999938481,0.000363649996870663,0.078125,0,81608,half_mesh
4,20,fixed continuous c,100,101,Boulsane_half_mesh_eigensolve,0.00022950000129640102,0.00022879999596625566,0.00024149999808287248,1.2700002116616815e-05,0.0,,,half_mesh
4,20,fixed continuous c,100,101,Boulsane_next_zero_assembly,0.07333079999807524,0.07309600000007777,0.07347205000041868,0.00037605000034091063,0.078125,0,81608,next_zero
4,20,fixed continuous c,100,101,Boulsane_next_zero_eigensolve,0.00024980000307550654,0.00023150000197347254,0.00025584999821148813,2.4349996238015592e-05,0.0,,,next_zero
4,20,fixed continuous c,100,101,Boulsane_left_control_assembly,0.07316820000414737,0.07292149999921094,0.07328870000128518,0.00036720000207424164,0.078125,0,81608,left_control
4,20,fixed continuous c,100,101,Boulsane_left_control_eigensolve,0.00022709999757353216,0.00021429999833344482,0.00023485000201617368,2.0550003682728857e-05,0.0,,,left_control
4,20,fixed continuous c,100,101,Boulsane_right_control_assembly,0.07289009999658447,0.07278280000173254,0.07325399999899673,0.00047119999726419337,0.078125,0,81608,right_control
4,20,fixed continuous c,100,101,Boulsane_right_control_eigensolve,0.0002356000040890649,0.00022614999761572108,0.0002583500026958063,3.220000508008525e-05,0.0,,,right_control
4,40,fixed continuous c,43,44,project_full_rebuild,0.00257430000056047,0.002547100004449021,0.002584050002042204,3.694999759318307e-05,0.0,0,14792,
4,40,fixed continuous c,43,44,project_block_extension,0.00023879999935161322,0.00023845000032451935,0.00024140000095940195,2.950000634882599e-06,0.0,961,14792,
4,40,fixed continuous c,43,44,project_eigensolve,3.310000465717167e-05,3.2599997211946175e-05,3.484999979264103e-05,2.2500025806948543e-06,0.0,,,
4,40,fixed continuous c,43,44,Boulsane_large_N_assembly,0.010549799997534137,0.010544649998337263,0.010552349998761201,7.700000423938036e-06,0.015625,0,15488,large_N
4,40,fixed continuous c,43,44,Boulsane_large_N_eigensolve,3.6299999919719994e-05,3.225000182283111e-05,3.8300000596791506e-05,6.049998773960397e-06,0.0,,,large_N
4,40,fixed continuous c,43,44,Boulsane_half_mesh_assembly,0.010549500002525747,0.010520599997107638,0.010573650000878843,5.30500037712045e-05,0.015625,0,15488,half_mesh
4,40,fixed continuous c,43,44,Boulsane_half_mesh_eigensolve,3.260000084992498e-05,3.239999932702631e-05,4.025000089313835e-05,7.850001566112041e-06,0.0,,,half_mesh
4,40,fixed continuous c,43,44,Boulsane_next_zero_assembly,0.010581700000329874,0.010482000001502456,0.010635500002535991,0.00015350000103353523,0.015625,0,15488,next_zero
4,40,fixed continuous c,43,44,Boulsane_next_zero_eigensolve,3.7699996028095484e-05,3.345000004628673e-05,4.0099999750964344e-05,6.649999704677612e-06,0.0,,,next_zero
4,40,fixed continuous c,43,44,Boulsane_left_control_assembly,0.01057540000329027,0.010536199999478413,0.010588099998130929,5.189999865251593e-05,0.015625,0,15488,left_control
4,40,fixed continuous c,43,44,Boulsane_left_control_eigensolve,3.4199998481199145e-05,3.355000080773607e-05,3.840000499621965e-05,4.850004188483581e-06,0.0,,,left_control
4,40,fixed continuous c,43,44,Boulsane_right_control_assembly,0.010529399994993582,0.01051865000044927,0.010571700000582496,5.3050000133225694e-05,0.015625,0,15488,right_control
4,40,fixed continuous c,43,44,Boulsane_right_control_eigensolve,3.2800002372823656e-05,3.260000084992498e-05,3.7949997931718826e-05,5.349997081793845e-06,0.0,,,right_control
4,40,fixed continuous c,59,60,project_full_rebuild,0.0034654000046430156,0.003426849994866643,0.00347680000049877,4.9950005632126704e-05,0.0,0,27848,
4,40,fixed continuous c,59,60,project_block_extension,0.000399799995648209,0.00039805000051273964,0.00040079999598674476,2.749995474005118e-06,0.0,1849,27848,
4,40,fixed continuous c,59,60,project_eigensolve,5.5199998314492404e-05,5.4600001021753997e-05,5.850000161444768e-05,3.9000005926936865e-06,0.0,,,
4,40,fixed continuous c,59,60,Boulsane_large_N_assembly,0.019539100001566112,0.019479549999232404,0.01959800000258838,0.00011845000335597433,0.015625,0,28800,large_N
4,40,fixed continuous c,59,60,Boulsane_large_N_eigensolve,5.6700002460274845e-05,5.650000093737617e-05,6.799999755457975e-05,1.1499996617203578e-05,0.0,,,large_N
4,40,fixed continuous c,59,60,Boulsane_half_mesh_assembly,0.01949429999513086,0.019485700002405792,0.01956705000338843,8.135000098263845e-05,0.015625,0,28800,half_mesh
4,40,fixed continuous c,59,60,Boulsane_half_mesh_eigensolve,5.579999560723081e-05,5.510000482900068e-05,5.855000563315116e-05,3.450000804150477e-06,0.0,,,half_mesh
4,40,fixed continuous c,59,60,Boulsane_next_zero_assembly,0.019402300000365358,0.019366500000614906,0.01948524999897927,0.00011874999836436473,0.015625,0,28800,next_zero
4,40,fixed continuous c,59,60,Boulsane_next_zero_eigensolve,6.089999806135893e-05,5.7699999160831794e-05,6.430000212276354e-05,6.60000296193175e-06,0.0,,,next_zero
4,40,fixed continuous c,59,60,Boulsane_left_control_assembly,0.019610399998782668,0.01948689999699127,0.019826899999316083,0.000340000002324814,0.015625,0,28800,left_control
4,40,fixed continuous c,59,60,Boulsane_left_control_eigensolve,6.149999535409734e-05,5.710000550607219e-05,6.484999903477728e-05,7.74999352870509e-06,0.0,,,left_control
4,40,fixed continuous c,59,60,Boulsane_right_control_assembly,0.019276799997896887,0.019237950000388082,0.01930970000103116,7.175000064307824e-05,0.015625,0,28800,right_control
4,40,fixed continuous c,59,60,Boulsane_right_control_eigensolve,5.780000356025994e-05,5.735000013373792e-05,6.294999911915511e-05,5.599998985417187e-06,0.0,,,right_control
4,40,fixed continuous c,75,76,project_full_rebuild,0.004419199998665135,0.004315499998483574,0.004475299996556714,0.00015979999807314016,0.0,0,45000,
4,40,fixed continuous c,75,76,project_block_extension,0.0005033999987062998,0.0005016499999328516,0.0005071500017947983,5.500001861946657e-06,0.0,3481,45000,
4,40,fixed continuous c,75,76,project_eigensolve,9.349999891128391e-05,9.259999933419749e-05,9.665000106906518e-05,4.050001734867692e-06,0.0,,,
4,40,fixed continuous c,75,76,Boulsane_large_N_assembly,0.030563699998310767,0.030536750000464963,0.03060939999704715,7.264999658218585e-05,0.03125,0,46208,large_N
4,40,fixed continuous c,75,76,Boulsane_large_N_eigensolve,9.73999995039776e-05,9.670000144978985e-05,0.00010014999861596152,3.44999716617167e-06,0.0,,,large_N
4,40,fixed continuous c,75,76,Boulsane_half_mesh_assembly,0.030684600002132356,0.030585249998694053,0.031307199998991564,0.000721950000297511,0.03125,0,46208,half_mesh
4,40,fixed continuous c,75,76,Boulsane_half_mesh_eigensolve,9.440000576432794e-05,9.379999755765311e-05,0.00010024999937741086,6.450001819757745e-06,0.0,,,half_mesh
4,40,fixed continuous c,75,76,Boulsane_next_zero_assembly,0.031132200005231425,0.031102850000024773,0.031155199998465832,5.234999844105914e-05,0.03125,0,46208,next_zero
4,40,fixed continuous c,75,76,Boulsane_next_zero_eigensolve,9.730000601848587e-05,9.560000034980476e-05,0.00010384999768575653,8.249997335951775e-06,0.0,,,next_zero
4,40,fixed continuous c,75,76,Boulsane_left_control_assembly,0.030599500001699198,0.030523500001436332,0.030652050001663156,0.0001285500002268236,0.03125,0,46208,left_control
4,40,fixed continuous c,75,76,Boulsane_left_control_eigensolve,9.57000011112541e-05,9.404999946127646e-05,0.0001009499974315986,6.899997970322147e-06,0.0,,,left_control
4,40,fixed continuous c,75,76,Boulsane_right_control_assembly,0.031094599995412864,0.03104430000166758,0.031210450000799028,0.00016614999913144857,0.03125,0,46208,right_control
4,40,fixed continuous c,75,76,Boulsane_right_control_eigensolve,9.560000034980476e-05,9.465000039199367e-05,0.00010070000280393288,6.050002411939204e-06,0.0,,,right_control
4,40,fixed continuous c,107,108,project_full_rebuild,0.006773400004021823,0.006732000001647975,0.006793199998355703,6.119999670772813e-05,0.0,0,91592,
4,40,fixed continuous c,107,108,project_block_extension,0.0013218999956734478,0.001316050002060365,0.0013307499975780956,1.4699995517730713e-05,0.0,5625,91592,
4,40,fixed continuous c,107,108,project_eigensolve,0.00023320000036619604,0.00022774999888497405,0.00023624999812454917,8.499999239575118e-06,0.0,,,
4,40,fixed continuous c,107,108,Boulsane_large_N_assembly,0.06215659999725176,0.06213325000135228,0.062208899998950073,7.564999759779312e-05,0.0625,0,93312,large_N
4,40,fixed continuous c,107,108,Boulsane_large_N_eigensolve,0.0002412999965599738,0.00023539999892818742,0.00024729999859118834,1.1899999663000926e-05,0.0,,,large_N
4,40,fixed continuous c,107,108,Boulsane_half_mesh_assembly,0.06220890000258805,0.06213054999898304,0.06241325000155484,0.0002827000025718007,0.0625,0,93312,half_mesh
4,40,fixed continuous c,107,108,Boulsane_half_mesh_eigensolve,0.00027689999842550606,0.0002595000005385373,0.0002822999995260034,2.2799998987466097e-05,0.0,,,half_mesh
4,40,fixed continuous c,107,108,Boulsane_next_zero_assembly,0.06207170000561746,0.06204749999960768,0.062106800000037765,5.9300000430084765e-05,0.0625,0,93312,next_zero
4,40,fixed continuous c,107,108,Boulsane_next_zero_eigensolve,0.0002719999974942766,0.0002580500004114583,0.00027749999935622327,1.9449998944764957e-05,0.0,,,next_zero
4,40,fixed continuous c,107,108,Boulsane_left_control_assembly,0.06211339999572374,0.062087700000120094,0.06217764999746578,8.99499973456841e-05,0.0625,0,93312,left_control
4,40,fixed continuous c,107,108,Boulsane_left_control_eigensolve,0.0002606999987619929,0.00025299999470007606,0.00028994999956921674,3.6950004869140685e-05,0.0,,,left_control
4,40,fixed continuous c,107,108,Boulsane_right_control_assembly,0.062283100000058766,0.06205064999812748,0.062399499998718966,0.00034885000059148297,0.0625,0,93312,right_control
4,40,fixed continuous c,107,108,Boulsane_right_control_eigensolve,0.00025549999554641545,0.00024275000032503158,0.000276550003036391,3.380000271135941e-05,0.0,,,right_control
4,80,fixed continuous c,55,56,project_full_rebuild,0.003479800005152356,0.0034666499959712382,0.0034866999994846992,2.005000351346098e-05,0.0,0,24200,
4,80,fixed continuous c,55,56,project_block_extension,0.00032890000147745013,0.0003281999997852836,0.00033134999830508605,3.149998519802466e-06,0.0,1849,24200,
4,80,fixed continuous c,55,56,project_eigensolve,4.44999968749471e-05,4.400000034365803e-05,4.7900000936351717e-05,3.9000005926936865e-06,0.0,,,
4,80,fixed continuous c,55,56,Boulsane_large_N_assembly,0.012550899999041576,0.012469500001316192,0.012616100000741426,0.00014659999942523427,0.015625,0,25088,large_N
4,80,fixed continuous c,55,56,Boulsane_large_N_eigensolve,4.6200002543628216e-05,4.600000102072954e-05,5.0499998906161636e-05,4.499997885432094e-06,0.0,,,large_N
4,80,fixed continuous c,55,56,Boulsane_half_mesh_assembly,0.012623700000403915,0.012593249997735256,0.012633900001674192,4.06500039389357e-05,0.015625,0,25088,half_mesh
4,80,fixed continuous c,55,56,Boulsane_half_mesh_eigensolve,4.730000364361331e-05,4.5849999878555536e-05,5.0549999286886305e-05,4.699999408330768e-06,0.0,,,half_mesh
4,80,fixed continuous c,55,56,Boulsane_next_zero_assembly,0.012631799996597692,0.012619000004633563,0.012645799997699214,2.6799993065651506e-05,0.015625,0,25088,next_zero
4,80,fixed continuous c,55,56,Boulsane_next_zero_eigensolve,4.61999952676706e-05,4.54500041087158e-05,5.4299998737405986e-05,8.849994628690183e-06,0.0,,,next_zero
4,80,fixed continuous c,55,56,Boulsane_left_control_assembly,0.012645599999814294,0.012633099999220576,0.012681649997830391,4.854999860981479e-05,0.015625,0,25088,left_control
4,80,fixed continuous c,55,56,Boulsane_left_control_eigensolve,4.569999873638153e-05,4.519999856711365e-05,5.109999983687885e-05,5.900001269765198e-06,0.0,,,left_control
4,80,fixed continuous c,55,56,Boulsane_right_control_assembly,0.01264670000091428,0.012611800000740914,0.012698099995759549,8.629999501863495e-05,0.015625,0,25088,right_control
4,80,fixed continuous c,55,56,Boulsane_right_control_eigensolve,4.5400003727991134e-05,4.5099997805664316e-05,5.0099999498343095e-05,5.000001692678779e-06,0.0,,,right_control
4,80,fixed continuous c,71,72,project_full_rebuild,0.004474599998502526,0.004423400001542177,0.004492200001550373,6.880000000819564e-05,0.0,0,40328,
4,80,fixed continuous c,71,72,project_block_extension,0.0005151000004843809,0.0005135499995958526,0.0005177000020921696,4.150002496317029e-06,0.0,3025,40328,
4,80,fixed continuous c,71,72,project_eigensolve,7.929999992484227e-05,7.809999806340784e-05,8.209999941755086e-05,4.0000013541430235e-06,0.0,,,
4,80,fixed continuous c,71,72,Boulsane_large_N_assembly,0.02070159999857424,0.02061764999962179,0.020788899997569388,0.00017124999794759788,0.015625,0,41472,large_N
4,80,fixed continuous c,71,72,Boulsane_large_N_eigensolve,7.819999882485718e-05,7.525000182795338e-05,8.460000026389025e-05,9.349998435936868e-06,0.0,,,large_N
4,80,fixed continuous c,71,72,Boulsane_half_mesh_assembly,0.020671299993409775,0.020626800003810786,0.020733600002131425,0.00010679999832063913,0.015625,0,41472,half_mesh
4,80,fixed continuous c,71,72,Boulsane_half_mesh_eigensolve,7.689999620197341e-05,7.379999806289561e-05,7.925000318209641e-05,5.450005119200796e-06,0.0,,,half_mesh
4,80,fixed continuous c,71,72,Boulsane_next_zero_assembly,0.020419499996933155,0.020362250001198845,0.02051094999842462,0.00014869999722577631,0.015625,0,41472,next_zero
4,80,fixed continuous c,71,72,Boulsane_next_zero_eigensolve,7.589999586343765e-05,7.425000148941763e-05,8.015000275918283e-05,5.900001269765198e-06,0.0,,,next_zero
4,80,fixed continuous c,71,72,Boulsane_left_control_assembly,0.02025320000393549,0.020205150001856964,0.0204764999980398,0.00027134999618283473,0.015625,0,41472,left_control
4,80,fixed continuous c,71,72,Boulsane_left_control_eigensolve,7.650000043213367e-05,7.579999873996712e-05,8.549999984097667e-05,9.700001101009548e-06,0.0,,,left_control
4,80,fixed continuous c,71,72,Boulsane_right_control_assembly,0.02048520000244025,0.02024380000511883,0.020535800002107862,0.0002919999969890341,0.015625,0,41472,right_control
4,80,fixed continuous c,71,72,Boulsane_right_control_eigensolve,7.760000153211877e-05,7.534999895142391e-05,8.465000064461492e-05,9.300001693191007e-06,0.0,,,right_control
4,80,fixed continuous c,87,88,project_full_rebuild,0.005587899999227375,0.0055850499993539415,0.0056319499999517575,4.690000059781596e-05,0.0,0,60552,
4,80,fixed continuous c,87,88,project_block_extension,0.000614999997196719,0.0006114000025263522,0.000630899998213863,1.9499995687510818e-05,0.0,5041,60552,
4,80,fixed continuous c,87,88,project_eigensolve,0.00015549999807262793,0.00013654999929713085,0.00016404999769292772,2.7499998395796865e-05,0.0,,,
4,80,fixed continuous c,87,88,Boulsane_large_N_assembly,0.030263400003605057,0.029643749996466795,0.030461850001302082,0.0008181000048352871,0.03125,0,61952,large_N
4,80,fixed continuous c,87,88,Boulsane_large_N_eigensolve,0.0001847000021371059,0.00016545000107726082,0.0002144999998563435,4.904999877908267e-05,0.0,,,large_N
4,80,fixed continuous c,87,88,Boulsane_half_mesh_assembly,0.030568200003472157,0.030483400001685368,0.0305976500021643,0.00011425000047893263,0.03125,0,61952,half_mesh
4,80,fixed continuous c,87,88,Boulsane_half_mesh_eigensolve,0.00014150000060908496,0.0001375499996356666,0.0001631499981158413,2.559999848017469e-05,0.0,,,half_mesh
4,80,fixed continuous c,87,88,Boulsane_next_zero_assembly,0.03049730000202544,0.03045340000244323,0.030543450000550365,9.004999810713343e-05,0.03125,0,61952,next_zero
4,80,fixed continuous c,87,88,Boulsane_next_zero_eigensolve,0.0001573999979882501,0.00014739999824087135,0.000161599997227313,1.4199998986441642e-05,0.0,,,next_zero
4,80,fixed continuous c,87,88,Boulsane_left_control_assembly,0.02948620000097435,0.029372950000833953,0.029612799997266848,0.00023984999643289484,0.03125,0,61952,left_control
4,80,fixed continuous c,87,88,Boulsane_left_control_eigensolve,0.0001436000020476058,0.00013744999887421727,0.00015674999667680822,1.929999780259095e-05,0.0,,,left_control
4,80,fixed continuous c,87,88,Boulsane_right_control_assembly,0.030499100001179613,0.030401500000152737,0.030546150002919603,0.00014465000276686624,0.03125,0,61952,right_control
4,80,fixed continuous c,87,88,Boulsane_right_control_eigensolve,0.00016670000331941992,0.00016150000010384247,0.00017614999887882732,1.4649998774984851e-05,0.0,,,right_control
4,80,fixed continuous c,119,120,project_full_rebuild,0.007713899998634588,0.0076967500026512425,0.007721549998677801,2.47999960265588e-05,0.0,0,113288,
4,80,fixed continuous c,119,120,project_block_extension,0.0015313999974750914,0.0015159500035224482,0.0015577499980281573,4.179999450570904e-05,0.0,7569,113288,
4,80,fixed continuous c,119,120,project_eigensolve,0.00029429999995045364,0.0002829999975801911,0.00029999999969732016,1.7000002117129043e-05,0.0,,,
4,80,fixed continuous c,119,120,Boulsane_large_N_assembly,0.056065899996610824,0.055793249997805106,0.056360249996942,0.0005669999991368968,0.0625,0,115200,large_N
4,80,fixed continuous c,119,120,Boulsane_large_N_eigensolve,0.0002953000002889894,0.0002913999996962957,0.00030265000168583356,1.125000198953785e-05,0.0,,,large_N
4,80,fixed continuous c,119,120,Boulsane_half_mesh_assembly,0.05695360000390792,0.05677104999995208,0.05701720000070054,0.0002461500007484574,0.0625,0,115200,half_mesh
4,80,fixed continuous c,119,120,Boulsane_half_mesh_eigensolve,0.0003025999976671301,0.0002899000028264709,0.0003185499990649987,2.864999623852782e-05,0.0,,,half_mesh
4,80,fixed continuous c,119,120,Boulsane_next_zero_assembly,0.0570300999970641,0.057004099999176105,0.057104449999314966,0.0001003500001388602,0.0625,0,115200,next_zero
4,80,fixed continuous c,119,120,Boulsane_next_zero_eigensolve,0.00030270000570453703,0.0002960499987239018,0.0003036500020243693,7.600003300467506e-06,0.0,,,next_zero
4,80,fixed continuous c,119,120,Boulsane_left_control_assembly,0.05684559999644989,0.056671750000532484,0.056975399995280895,0.0003036499947484117,0.0625,0,115200,left_control
4,80,fixed continuous c,119,120,Boulsane_left_control_eigensolve,0.0003187000038451515,0.0003139500040560961,0.00032544999703532085,1.1499992979224771e-05,0.0,,,left_control
4,80,fixed continuous c,119,120,Boulsane_right_control_assembly,0.05706400000053691,0.05680990000109887,0.057272149995696964,0.00046224999459809624,0.0625,0,115200,right_control
4,80,fixed continuous c,119,120,Boulsane_right_control_eigensolve,0.0003339000031701289,0.0003239999969082419,0.00033480000274721533,1.0800005838973448e-05,0.0,,,right_control
